{"type":"Topology","arcs":[[[12279,0],[-96,0],[0,96],[-97,0],[-97,0],[-96,0],[-97,0],[-97,0],[0,96]],[[11699,192],[97,0],[0,96],[-97,0],[-96,0]],[[11603,288],[0,97],[-97,0],[-97,0]],[[11409,385],[0,96],[0,96],[-97,0],[-96,0],[0,96],[0,96],[-97,0],[0,-96],[-97,0],[-96,0],[0,-96],[-97,0],[0,-96],[97,0],[96,0],[0,-96]],[[11022,385],[-96,0],[-97,0],[-97,0],[-96,0],[-97,0],[0,96],[-97,0],[-96,0],[0,96],[-97,0]],[[10249,577],[0,96],[97,0],[0,96],[96,0],[0,96],[0,96],[97,0],[0,96],[0,97],[0,96],[0,96],[0,96],[97,0],[96,0],[97,0],[0,-96],[97,0],[96,0],[0,96],[97,0],[0,96],[97,0],[96,0]],[[11312,1538],[0,-96],[97,0],[0,96],[97,0],[0,96],[97,0],[96,0],[0,-96],[0,-96],[97,0],[0,96],[97,0],[0,96],[96,0],[0,-96],[97,0],[97,0],[96,0],[97,0],[0,-96],[97,0],[96,0],[0,96],[97,0],[0,96],[97,0],[0,96],[96,0],[0,96],[0,97],[97,0]],[[12956,1923],[0,-97],[0,-96],[0,-96],[0,-96],[97,0],[0,-96],[0,-96],[0,-96],[-97,0],[0,-96],[0,-97],[0,-96],[0,-96],[97,0],[0,-96],[97,0],[0,-96],[0,-96],[0,-96]],[[13150,481],[0,-96],[-97,0],[-97,0],[0,-97],[-97,0],[0,-96],[-96,0],[-97,0],[0,-96],[-97,0],[-96,0],[0,-96],[-97,0],[-97,0]],[[11506,288],[97,0]],[[11603,288],[0,-96]],[[11603,192],[-97,0],[0,96]],[[11312,385],[97,0]],[[11409,385],[0,-97]],[[11409,288],[-97,0],[0,97]],[[11699,192],[-96,0]],[[11506,288],[-97,0]],[[11312,385],[-96,0],[-97,0],[-97,0]],[[16630,385],[-96,0],[0,96],[-97,0],[0,96],[-97,0],[0,96],[-96,0],[0,96],[-97,0],[0,96],[-97,0],[-97,0],[0,96],[-96,0],[-97,0],[-97,0],[-96,0],[-97,0],[0,-96],[-97,0],[0,-96],[-96,0],[-97,0],[0,96]],[[15180,865],[0,96],[97,0],[96,0],[0,96],[0,97],[-96,0],[-97,0],[-97,0],[-96,0],[0,-97],[-97,0],[0,-96],[97,0],[96,0],[0,-96]],[[15083,865],[-96,0],[-97,0],[-97,0],[-96,0],[-97,0],[-97,0],[-97,0],[-96,0],[-97,0]],[[14213,865],[0,96],[-97,0],[0,96],[-96,0],[0,97],[0,96],[96,0],[0,96],[0,96],[0,96],[97,0],[0,96],[0,96],[0,96],[0,97],[0,96]],[[14213,2019],[0,96],[97,0],[0,-96],[0,-96],[96,0],[0,-97],[97,0],[0,97],[97,0],[0,96],[0,96],[97,0],[96,0],[97,0],[97,0],[0,96],[0,96],[0,96],[96,0],[97,0],[0,96],[97,0],[96,0],[97,0]],[[15470,2499],[0,-96],[0,-96],[97,0],[0,-96],[0,-96],[96,0],[0,-96],[0,-96],[97,0],[0,-97],[0,-96],[97,0],[0,-96],[96,0],[0,-96],[97,0],[0,-96],[97,0],[97,0],[0,-96],[96,0],[0,96],[97,0],[97,0],[96,0],[97,0],[0,96],[97,0]],[[16824,1538],[0,-96],[96,0],[97,0],[97,0],[96,0],[0,-96],[-96,0],[0,-96],[0,-96],[96,0],[0,-97],[0,-96],[97,0],[97,0],[0,-96],[96,0],[0,-96],[97,0],[0,-96],[0,-96]],[[17597,577],[0,-96],[0,-96],[-97,0],[-96,0],[-97,0],[-97,0],[-96,0],[-97,0],[-97,0],[-96,0],[0,96],[-97,0],[0,-96],[-97,0]],[[12956,1923],[0,96],[97,0],[97,0],[0,96]],[[13150,2115],[0,96],[96,0],[0,96],[97,0],[0,96],[0,96],[-97,0],[0,97],[97,0],[97,0]],[[13440,2596],[0,-97],[0,-96],[96,0],[0,-96],[0,-96],[97,0],[97,0],[0,-96],[96,0],[97,0],[97,0],[96,0],[0,-96],[97,0]],[[14213,865],[-97,0],[0,-96],[-96,0],[0,-96],[-97,0],[0,-96],[0,-96],[-97,0],[-96,0],[-97,0],[-97,0],[-96,0],[-97,0],[-97,0],[-96,0]],[[13150,1442],[96,0],[97,0],[0,96],[97,0],[0,96],[-97,0],[0,96],[-97,0],[0,-96],[-96,0],[0,-96],[0,-96]],[[9089,577],[-97,0],[0,96],[0,96],[97,0]],[[9089,769],[0,-96],[96,0]],[[9185,673],[0,-96],[-96,0]],[[9669,577],[-97,0],[0,96],[-97,0],[-96,0],[-97,0]],[[9282,673],[0,96],[97,0],[0,96],[0,96],[0,96],[-97,0],[-97,0],[0,-96],[0,-96],[0,-96],[-96,0]],[[9089,769],[0,96],[0,96],[0,96],[0,97],[96,0],[97,0],[0,96],[97,0],[96,0],[0,-96],[0,-97],[0,-96],[97,0],[97,0],[96,0]],[[9765,961],[0,-96],[-96,0],[0,-96],[0,-96],[96,0]],[[9765,673],[0,-96],[-96,0]],[[10249,577],[-97,0],[0,96],[-96,0],[0,96]],[[10056,769],[96,0],[97,0],[0,96],[0,96],[-97,0],[-96,0],[0,96],[-97,0],[-97,0]],[[9862,1057],[0,97],[0,96],[0,96],[-97,0],[0,96],[97,0],[0,96],[0,96],[0,96],[-97,0],[0,96],[0,97]],[[9765,1923],[97,0],[97,0],[97,0],[96,0],[97,0],[97,0],[96,0],[0,96],[97,0],[0,96],[97,0]],[[10636,2115],[96,0],[97,0]],[[10829,2115],[97,0]],[[10926,2115],[0,-96],[0,-96],[96,0],[0,-97],[0,-96],[97,0],[97,0],[0,-96],[96,0],[0,-96]],[[9765,673],[0,96],[97,0]],[[9862,769],[0,-96],[-97,0]],[[9765,961],[0,96],[97,0]],[[9862,1057],[0,-96],[-97,0]],[[10249,1442],[97,0],[96,0],[0,96],[97,0],[0,96],[-97,0],[-96,0],[-97,0],[0,-96],[0,-96]],[[16824,1538],[0,96],[0,96],[96,0],[97,0],[0,96],[97,0],[0,97],[0,96],[0,96],[96,0],[0,96],[0,96],[0,96],[0,96],[0,97],[97,0],[0,96],[0,96],[0,96],[-97,0],[-96,0],[0,96],[-97,0],[-97,0],[0,96],[-96,0],[0,96],[-97,0],[0,96],[0,97],[0,96],[0,96],[97,0],[0,96],[0,96],[0,96],[96,0],[0,96],[97,0],[0,97],[97,0],[96,0],[0,96],[-96,0],[0,96],[-97,0],[-97,0],[0,96],[0,96]],[[16920,4422],[97,0]],[[17017,4422],[97,0],[96,0],[0,96]],[[17210,4518],[97,0],[97,0],[96,0],[97,0]],[[17597,4518],[0,-96],[0,-96],[0,-96],[0,-96],[0,-96],[0,-97],[97,0],[0,-96],[97,0],[0,-96],[96,0],[0,-96],[97,0],[97,0],[0,-96],[0,-96],[0,-96],[0,-97],[0,-96],[0,-96],[0,-96],[96,0],[0,-96],[97,0],[0,-96],[97,0],[0,-96],[96,0],[0,-96],[0,-97],[0,-96]],[[18467,2403],[-96,0],[-97,0],[0,-96],[97,0],[0,-96],[0,-96],[96,0],[97,0]],[[18564,2115],[0,-96],[0,-96],[-97,0],[0,-97],[0,-96],[-96,0],[0,-96],[0,-96],[-97,0],[0,-96],[-97,0],[0,-96],[-96,0],[0,-96],[0,-96],[-97,0],[0,-97],[-97,0],[0,-96],[-96,0],[0,-96],[0,-96],[-97,0],[0,-96],[0,-96],[-97,0]],[[18467,2307],[0,96]],[[18467,2403],[97,0],[0,-96]],[[18564,2307],[-97,0]],[[9282,673],[-97,0]],[[10056,769],[-97,0],[-97,0]],[[15180,865],[-97,0]],[[15470,2499],[0,97],[0,96],[97,0],[96,0],[97,0],[97,0],[0,96],[96,0],[0,96],[0,96]],[[15953,2980],[97,0],[0,96],[0,96],[97,0],[97,0],[0,96],[0,97],[0,96],[-97,0],[0,96],[-97,0],[0,96],[-97,0],[0,96],[-96,0],[0,96],[0,96],[-97,0],[0,97],[-97,0],[0,96],[97,0],[0,96],[97,0],[0,96],[0,96]],[[15857,4422],[96,0],[0,96],[97,0],[0,96],[97,0]],[[16147,4614],[97,0],[96,0],[97,0],[0,-96],[97,0],[96,0],[0,96],[97,0],[0,96],[0,97],[97,0],[0,-97],[96,0],[0,-96],[0,-96],[0,-96]],[[15953,2019],[97,0],[0,96],[97,0],[0,96],[-97,0],[0,96],[-97,0],[0,-96],[0,-96],[0,-96]],[[15857,2980],[0,96],[96,0],[0,-96]],[[15953,2980],[-96,0]],[[17017,4422],[0,96],[97,0],[96,0]],[[10926,2115],[0,96]],[[10926,2211],[96,0],[0,96],[-96,0]],[[10926,2307],[0,96]],[[10926,2403],[96,0],[0,96],[97,0],[0,97],[0,96],[0,96],[0,96]],[[11119,2884],[97,0],[96,0],[97,0],[0,96],[97,0],[0,96],[97,0],[96,0],[97,0],[97,0],[0,-96],[96,0],[0,-96],[97,0]],[[12086,2884],[0,-96],[97,0],[0,-96],[0,-96],[0,-97],[96,0],[0,-96],[97,0],[97,0],[0,-96],[96,0],[0,-96],[97,0],[0,-96],[97,0],[96,0],[97,0],[97,0],[97,0]],[[11603,1730],[96,0],[0,96],[97,0],[0,97],[0,96],[0,96],[-97,0],[-96,0],[-97,0],[0,-96],[0,-96],[97,0],[0,-97],[0,-96]],[[13440,2596],[0,96],[0,96],[0,96],[96,0],[0,96],[0,96],[0,96],[97,0],[97,0],[96,0],[97,0],[0,96],[0,97],[97,0],[0,96],[0,96],[-97,0],[0,96]],[[13923,3653],[97,0],[0,96],[-97,0],[-97,0]],[[13826,3749],[0,96]],[[13826,3845],[0,96],[0,97],[97,0],[0,96],[0,96],[97,0]],[[14020,4230],[0,-96],[96,0],[97,0],[97,0],[0,96],[0,96],[96,0],[97,0],[97,0],[97,0],[96,0],[97,0],[0,96],[0,96],[0,96],[97,0],[96,0],[0,96],[97,0],[0,-96],[97,0],[96,0],[0,-96],[97,0],[0,-96],[97,0],[96,0],[97,0],[0,96],[97,0],[0,-96]],[[14406,3076],[97,0],[97,0],[97,0],[0,96],[0,96],[-97,0],[-97,0],[-97,0],[0,-96],[0,-96]],[[9765,1923],[-96,0],[0,96],[-97,0],[-97,0],[0,96],[0,96],[97,0],[97,0]],[[9669,2211],[96,0]],[[9765,2211],[0,-96],[0,-96],[97,0],[0,96],[0,96],[-97,0]],[[9765,2211],[0,96],[97,0],[0,96],[0,96],[97,0],[0,-96],[97,0],[96,0]],[[10152,2403],[97,0],[97,0],[96,0],[0,96],[0,97],[97,0],[97,0],[0,96],[96,0],[97,0],[0,96],[0,96],[0,96]],[[10829,2980],[97,0],[96,0]],[[11022,2980],[97,0],[0,-96]],[[10926,2403],[-97,0],[-97,0],[-96,0],[0,-96],[0,-96],[0,-96]],[[10829,2115],[0,96],[97,0]],[[10926,2211],[0,96]],[[9669,2403],[0,-96]],[[9669,2307],[-97,0],[0,96],[0,96],[-97,0],[0,97],[97,0],[0,96],[97,0]],[[9669,2692],[0,-96]],[[9669,2596],[0,-97],[0,-96]],[[9669,2692],[0,96],[0,96],[96,0]],[[9765,2884],[0,-96],[0,-96],[-96,0]],[[9765,2884],[0,96],[97,0],[97,0],[97,0]],[[10056,2980],[0,-96],[-97,0],[-97,0],[-97,0]],[[10539,2884],[0,96],[97,0],[0,96]],[[10636,3076],[96,0],[0,-96]],[[10732,2980],[0,-96],[-96,0],[-97,0]],[[10249,3076],[0,96]],[[10249,3172],[0,96],[0,97],[97,0],[96,0],[97,0]],[[10539,3365],[0,-97],[97,0]],[[10636,3268],[0,-96]],[[10636,3172],[-97,0],[0,-96],[-97,0],[-96,0],[-97,0]],[[9669,2211],[0,96]],[[9669,2596],[96,0],[97,0],[97,0],[97,0],[0,-97],[96,0],[0,-96]],[[12086,2884],[0,96],[97,0],[96,0],[97,0],[0,96],[0,96],[-97,0],[0,96],[-96,0],[0,97],[0,96],[-97,0],[0,96],[0,96],[-97,0],[0,96],[-96,0],[-97,0],[-97,0],[-96,0],[-97,0],[-97,0],[-97,0],[0,96]],[[11312,3845],[97,0],[97,0],[97,0],[0,96],[96,0],[0,-96],[97,0],[0,96],[0,97],[0,96],[-97,0],[0,96],[-96,0],[0,96],[-97,0],[-97,0],[-97,0],[-96,0],[0,-96],[0,-96],[0,-96],[0,-97]],[[11216,3941],[-97,0],[0,97],[-97,0],[-96,0]],[[10926,4038],[0,96],[96,0],[0,96],[97,0],[0,96],[0,96],[-97,0],[0,96]],[[11022,4518],[97,0],[0,96],[0,96],[0,97],[0,96]],[[11119,4903],[97,0]],[[11216,4903],[96,0],[97,0],[97,0],[97,0]],[[11603,4903],[0,-96],[96,0],[97,0],[97,0],[96,0],[97,0],[0,-97],[0,-96],[0,-96],[97,0],[96,0],[97,0],[97,0],[0,-96],[96,0],[97,0],[97,0],[0,-96],[96,0],[97,0],[0,-96],[97,0],[97,0],[0,-96],[96,0],[97,0],[0,-96],[97,0],[0,-97],[96,0],[97,0],[0,-96],[97,0]],[[13730,3845],[0,-96],[96,0]],[[13826,3749],[0,-96],[97,0]],[[12376,3461],[97,0],[0,96],[96,0],[0,96],[-96,0],[0,96],[-97,0],[0,-96],[-97,0],[0,-96],[97,0],[0,-96]],[[11216,3845],[0,96]],[[11216,3941],[96,0],[0,-96]],[[11312,3845],[-96,0]],[[12279,3941],[97,0],[0,97],[97,0],[0,96],[96,0],[0,96],[-96,0],[-97,0],[-97,0],[0,-96],[0,-96],[0,-97]],[[18564,2307],[0,-96],[0,-96]],[[10056,2980],[0,96],[0,96],[96,0],[97,0]],[[10636,3172],[0,-96]],[[10732,2980],[97,0]],[[11022,2980],[0,96],[-96,0],[0,96],[0,96]],[[10926,3268],[96,0],[0,97]],[[11022,3365],[0,96]],[[11022,3461],[97,0],[0,96]],[[11119,3557],[97,0],[0,96],[0,96],[-97,0],[-97,0],[0,-96],[-96,0]],[[10926,3653],[0,96],[0,96]],[[10926,3845],[0,96],[0,97]],[[11409,3172],[97,0],[97,0],[96,0],[0,96],[0,97],[0,96],[-96,0],[-97,0],[-97,0],[0,-96],[-97,0],[0,-97],[97,0],[0,-96]],[[10636,3172],[96,0],[97,0],[0,96]],[[10829,3268],[97,0]],[[10539,3365],[97,0]],[[10636,3365],[0,-97]],[[10926,3268],[0,97],[96,0]],[[10636,3365],[0,96],[96,0],[97,0]],[[10829,3461],[0,-96]],[[10829,3365],[-97,0],[-96,0]],[[11022,3461],[0,96]],[[11022,3557],[97,0]],[[10829,3365],[0,-97]],[[10926,3557],[0,96]],[[11022,3557],[-96,0]],[[10829,3461],[0,96]],[[10829,3557],[97,0]],[[10539,3365],[0,96],[0,96],[0,96],[0,96],[0,96],[0,96],[-97,0],[0,97]],[[10442,4038],[97,0],[0,96],[0,96],[0,96],[0,96],[-97,0],[0,-96],[-96,0]],[[10346,4326],[0,96],[0,96]],[[10346,4518],[96,0]],[[10442,4518],[97,0],[0,96]],[[10539,4614],[97,0],[0,-96],[0,-96],[96,0],[97,0],[0,96],[97,0],[96,0]],[[10926,3845],[-97,0],[0,96],[-97,0],[0,-96],[-96,0],[0,-96],[0,-96],[0,-96],[96,0],[97,0]],[[10346,4134],[96,0],[0,-96]],[[10442,4038],[-96,0],[0,96]],[[10249,4230],[97,0],[0,-96]],[[10346,4134],[-97,0],[0,96]],[[10249,4230],[0,96],[97,0]],[[11603,4903],[0,96],[0,96],[0,96],[0,96],[0,96],[0,96],[-97,0],[-97,0],[0,-96],[-97,0],[-96,0]],[[11216,5383],[0,96],[96,0],[0,97],[0,96],[-96,0],[-97,0],[0,96],[0,96],[0,96],[0,96],[97,0],[96,0],[97,0],[97,0],[97,0],[0,96],[96,0],[0,97],[97,0],[0,-97],[97,0],[0,-96],[96,0],[97,0],[0,96],[0,97],[0,96],[0,96],[0,96],[-97,0],[0,96],[0,96],[97,0],[0,96],[97,0],[0,96],[96,0],[0,97],[0,96],[97,0],[0,96]],[[12376,7210],[97,0],[96,0],[97,0]],[[12666,7210],[0,-96],[0,-96],[0,-97],[0,-96],[0,-96],[0,-96],[0,-96],[97,0],[0,-96],[96,0],[0,-96],[97,0],[0,-96],[97,0],[0,-97]],[[13053,6152],[0,-96],[0,-96]],[[13053,5960],[-97,0],[0,-96],[0,-96],[0,-96],[0,-96],[0,-97],[0,-96],[0,-96],[0,-96],[97,0],[0,-96],[0,-96],[97,0],[0,-96],[96,0],[0,-96],[97,0],[97,0],[0,96],[0,96],[0,96],[96,0],[0,96],[97,0]],[[13633,5191],[97,0],[0,-96],[0,-96],[96,0],[97,0],[97,0],[96,0],[97,0],[0,-96],[-97,0],[-96,0],[0,-96],[-97,0],[-97,0],[0,-97],[0,-96],[0,-96],[-96,0],[0,-96],[0,-96],[96,0],[97,0],[97,0],[0,-96]],[[13826,3845],[-96,0]],[[11989,5287],[97,0],[97,0],[96,0],[0,96],[0,96],[0,97],[-96,0],[0,96],[-97,0],[0,-96],[-97,0],[0,-97],[-96,0],[0,-96],[96,0],[0,-96]],[[9572,4134],[0,96],[97,0],[0,-96],[-97,0]],[[10056,4230],[-97,0],[0,96],[0,96],[-97,0],[-97,0],[-96,0],[0,96],[0,96],[0,96],[96,0],[0,97],[97,0],[0,96],[0,96],[0,96],[0,96],[-97,0],[0,96]],[[9765,5287],[97,0],[0,96],[97,0],[97,0],[96,0],[0,-96],[97,0],[97,0],[96,0],[0,96],[97,0],[97,0],[0,96]],[[10636,5479],[96,0],[0,97],[97,0],[0,-97],[0,-96],[97,0],[96,0],[97,0],[97,0]],[[11216,4903],[0,96],[-97,0],[0,96],[-97,0],[0,96],[-96,0],[0,-96],[-97,0],[0,-96],[0,-96],[-97,0],[0,-96],[0,-97],[0,-96],[97,0],[0,96],[97,0],[0,97],[96,0],[0,96],[97,0]],[[10539,4614],[0,96],[-97,0],[-96,0],[-97,0],[-97,0]],[[10152,4710],[0,97],[-96,0],[-97,0],[0,-97],[97,0],[96,0]],[[10152,4710],[0,-96],[0,-96],[97,0],[97,0]],[[10249,4230],[-97,0],[-96,0]],[[10442,4518],[0,96],[97,0]],[[13633,5191],[0,96],[97,0],[0,96],[0,96]],[[13730,5479],[0,97],[96,0],[0,96],[97,0],[0,96],[-97,0],[-96,0]],[[13730,5768],[0,96],[-97,0],[0,96]],[[13633,5960],[97,0],[0,96]],[[13730,6056],[96,0],[0,96],[97,0],[0,97],[97,0],[0,96],[0,96],[0,96],[96,0],[0,96]],[[14116,6633],[97,0],[97,0],[96,0],[97,0],[97,0],[97,0],[0,-96],[96,0],[0,-96],[97,0]],[[14890,6441],[0,-96],[0,-96],[97,0],[0,-97],[96,0],[0,-96],[-96,0],[0,-96],[96,0],[97,0],[0,-96],[97,0],[0,96],[96,0],[0,96],[97,0],[97,0],[0,96],[0,97],[96,0],[0,-97],[97,0],[97,0],[0,-96],[0,-96],[-97,0],[0,-96],[-97,0],[0,-96],[97,0],[97,0],[0,-96],[0,-96],[0,-97],[-97,0],[0,-96],[-97,0],[0,-96],[0,-96],[97,0],[97,0],[0,-96],[0,-96],[96,0],[0,-96],[97,0],[97,0],[0,-96],[0,-97],[0,-96]],[[14213,5383],[97,0],[96,0],[0,96],[97,0],[0,97],[-97,0],[0,96],[-96,0],[-97,0],[0,-96],[0,-97],[0,-96]],[[14890,6441],[0,96],[97,0],[0,96],[96,0],[0,96],[-96,0],[0,96],[0,96],[0,97],[96,0],[0,96],[97,0],[0,96],[97,0],[0,96],[0,96],[96,0],[0,-96],[97,0],[0,-96],[97,0],[0,96],[96,0],[97,0],[0,96],[97,0],[0,96],[96,0],[0,96],[97,0],[0,97],[0,96],[97,0],[0,96],[97,0],[0,96],[96,0],[0,96],[0,96],[97,0],[0,96],[0,96],[0,97],[0,96],[0,96],[97,0]],[[16534,8652],[96,0],[97,0],[0,-96],[97,0],[0,-96],[96,0],[97,0],[97,0],[0,-97],[96,0],[97,0],[0,97],[0,96],[97,0],[0,96],[96,0],[97,0],[97,0],[0,96],[0,96],[97,0],[0,96],[96,0],[0,96],[97,0],[0,96],[97,0],[0,97],[0,96],[0,96],[0,96],[0,96],[96,0],[0,96]],[[18177,9709],[97,0],[0,96],[0,97]],[[18274,9902],[97,0],[0,96],[96,0],[0,96],[0,96]],[[18467,10190],[97,0],[0,96],[97,0],[96,0]],[[18757,10286],[97,0],[0,-96],[97,0],[0,-96],[96,0],[0,-96],[0,-96],[0,-97],[0,-96],[0,-96],[0,-96]],[[19047,9517],[0,-96],[0,-96],[0,-96],[-96,0],[0,-97],[0,-96],[0,-96],[0,-96],[0,-96],[0,-96],[0,-96]],[[18951,8556],[0,-96],[96,0]],[[19047,8460],[97,0],[0,96],[97,0],[0,-96],[0,-97],[0,-96],[-97,0],[0,-96],[0,-96]],[[19144,8075],[0,-96]],[[19144,7979],[-97,0],[0,-96],[0,-96]],[[19047,7787],[-96,0],[0,96],[-97,0],[0,96],[-97,0],[0,-96],[0,-96],[0,-96]],[[18757,7691],[0,-97],[0,-96],[0,-96],[97,0],[97,0],[0,-96],[96,0],[97,0],[97,0]],[[19241,7306],[0,-96],[0,-96],[0,-96],[-97,0],[0,-97],[-97,0],[-96,0],[0,-96],[0,-96],[-97,0],[-97,0],[0,-96],[0,-96],[-96,0],[-97,0],[-97,0],[0,-96],[-96,0],[0,-96],[0,-96],[0,-97],[0,-96],[-97,0],[0,-96],[-97,0],[-96,0],[0,-96],[-97,0],[0,-96],[0,-96],[-97,0],[0,-96],[0,-97],[0,-96],[-96,0],[0,-96],[0,-96],[0,-96],[-97,0],[0,-96],[0,-96],[0,-96],[0,-97],[-97,0],[0,-96],[0,-96]],[[17984,6056],[97,0],[96,0],[0,96],[97,0],[0,97],[0,96],[0,96],[-97,0],[0,96],[-96,0],[-97,0],[0,-96],[0,-96],[97,0],[0,-96],[-97,0],[0,-97],[0,-96]],[[17694,6729],[97,0],[0,96],[96,0],[0,96],[-96,0],[-97,0],[-97,0],[0,-96],[97,0],[0,-96]],[[16824,6921],[96,0],[0,97],[97,0],[0,96],[97,0],[0,96],[96,0],[0,-96],[0,-96],[0,-97],[97,0],[0,97],[0,96],[97,0],[0,96],[0,96],[96,0],[0,-96],[97,0],[0,96],[97,0]],[[17694,7306],[0,-96],[97,0]],[[17791,7210],[0,-96],[96,0],[0,96],[-96,0]],[[17791,7210],[0,96],[-97,0]],[[17694,7306],[0,96],[0,96],[0,96],[-97,0],[0,97],[-97,0],[-96,0],[0,96],[-97,0],[0,-96],[0,-97],[0,-96],[0,-96],[0,-96],[-97,0],[-96,0],[-97,0],[-97,0],[0,-96],[-96,0],[0,-96],[0,-96],[0,-97]],[[18371,8075],[96,0],[0,96],[-96,0],[0,-96]],[[13053,5960],[97,0],[0,-96],[96,0],[97,0],[0,96],[-97,0],[0,96],[-96,0],[0,96],[-97,0]],[[12666,7210],[97,0],[96,0],[97,0],[0,96],[97,0],[0,96],[0,96],[97,0],[0,96],[0,97],[96,0],[0,96],[97,0],[97,0],[0,96],[96,0],[0,96],[0,96]],[[13536,8075],[97,0],[97,0],[0,-96],[96,0],[0,-96],[0,-96],[0,-96],[97,0],[0,-97],[97,0],[96,0],[0,-96],[97,0]],[[14213,7498],[0,-96],[97,0],[0,-96],[0,-96],[96,0],[0,-96],[-96,0],[0,-96],[0,-97],[-97,0],[0,-96],[-97,0],[0,-96],[0,-96]],[[13730,6056],[-97,0],[0,-96]],[[13730,5768],[-97,0],[-97,0],[-96,0],[0,-96],[96,0],[0,-96],[-96,0],[0,-97],[96,0],[97,0],[97,0]],[[13536,6249],[97,0],[97,0],[0,96],[96,0],[0,96],[-96,0],[0,96],[-97,0],[-97,0],[0,-96],[0,-96],[0,-96]],[[14213,7498],[0,96],[97,0],[0,-96],[-97,0]],[[9765,5287],[0,96],[0,96],[-96,0],[0,97],[-97,0],[0,96],[-97,0],[-96,0],[-97,0],[-97,0],[0,96]],[[9185,5768],[97,0],[97,0],[96,0],[0,96],[0,96],[0,96],[0,96],[-96,0],[-97,0],[0,97],[-97,0],[-96,0]],[[9089,6249],[0,96],[0,96],[-97,0],[0,96],[-97,0],[0,96],[0,96]],[[8895,6729],[97,0],[97,0]],[[9089,6729],[0,-96],[0,-96],[96,0],[97,0]],[[9282,6537],[97,0],[0,96]],[[9379,6633],[96,0],[0,96],[97,0],[97,0],[96,0],[0,-96],[97,0],[0,-96],[0,-96],[0,-96],[97,0],[97,0]],[[10056,6345],[96,0],[0,-96],[97,0],[0,-97],[0,-96],[0,-96],[0,-96],[-97,0],[-96,0],[0,-96],[0,-96],[96,0],[0,-96],[97,0],[0,96],[97,0],[96,0],[97,0],[97,0],[0,-96],[0,-97]],[[9089,6056],[96,0],[0,-96]],[[9185,5960],[-96,0],[0,96]],[[8509,6056],[-97,0],[0,96],[0,97],[-97,0],[0,96],[0,96],[97,0],[97,0],[96,0],[97,0],[0,-96],[0,-96],[0,-97],[0,-96],[-97,0],[-96,0]],[[9282,6633],[0,96]],[[9282,6729],[97,0],[0,-96]],[[9379,6633],[-97,0]],[[9089,6729],[0,96]],[[9089,6825],[96,0],[97,0],[0,-96]],[[9282,6729],[-97,0],[-96,0]],[[10056,6345],[0,96],[0,96],[0,96],[96,0],[0,96],[97,0],[0,96],[0,96],[0,97]],[[10249,7018],[97,0],[96,0],[0,96],[0,96],[97,0],[0,96],[-97,0],[0,96],[97,0],[0,96],[0,96],[-97,0],[0,97],[97,0],[97,0],[0,96],[96,0],[0,96],[97,0],[0,96]],[[10829,7979],[0,96],[97,0],[0,96],[96,0]],[[11022,8171],[0,-96],[97,0],[0,-96],[97,0],[96,0],[0,-96],[97,0],[0,-96],[0,-96],[97,0],[0,-97],[0,-96],[97,0],[96,0],[0,-96],[97,0],[97,0],[96,0],[97,0],[97,0],[96,0],[97,0],[0,-96],[0,-96]],[[9185,5768],[0,96],[0,96]],[[9089,6056],[0,96],[0,97]],[[9282,6633],[0,-96]],[[8895,6729],[0,96]],[[8895,6825],[97,0],[97,0]],[[9089,6825],[0,96],[0,97]],[[9089,7018],[96,0],[97,0],[0,96],[-97,0],[-96,0],[0,-96]],[[9089,7018],[-97,0],[-97,0],[0,-97],[0,-96]],[[8895,6825],[-96,0],[0,96],[0,97],[0,96]],[[8799,7114],[96,0],[0,96]],[[8895,7210],[97,0],[0,96]],[[8992,7306],[0,96]],[[8992,7402],[0,96],[0,96],[0,97],[-97,0]],[[8895,7691],[0,96],[-96,0],[0,96],[96,0],[0,96],[-96,0],[-97,0],[0,96],[0,96],[-97,0]],[[8605,8171],[0,96],[-96,0],[0,-96]],[[8509,8171],[-97,0]],[[8412,8171],[0,96],[0,96],[-97,0],[-97,0],[0,-96]],[[8218,8267],[-96,0],[0,96],[-97,0],[0,97],[-97,0],[0,96],[0,96],[-96,0],[0,96]],[[7832,8748],[96,0],[97,0],[0,96],[97,0],[96,0],[0,96],[97,0],[0,-96],[97,0],[0,96],[97,0],[0,96],[0,96],[96,0],[0,97],[97,0],[97,0],[0,96],[96,0],[0,96],[0,96],[97,0],[0,96],[0,96]],[[8992,9709],[97,0],[0,-96],[96,0]],[[9185,9613],[0,-96],[97,0],[0,-96],[-97,0],[0,-96],[0,-96],[97,0],[0,96],[97,0],[0,-96],[0,-97],[-97,0],[0,-96],[-97,0],[0,-96],[97,0],[0,-96],[0,-96],[97,0],[0,-96],[0,-96],[96,0]],[[9475,8556],[0,-96],[0,-97],[0,-96],[97,0],[0,-96],[97,0]],[[9669,8171],[0,-96],[96,0]],[[9765,8075],[0,-96]],[[9765,7979],[0,-96],[97,0],[0,-96],[0,-96],[0,-97],[97,0],[0,-96],[0,-96],[-97,0],[-97,0],[0,-96],[97,0],[0,-96],[0,-96],[0,-96],[97,0],[97,0],[96,0],[97,0]],[[8702,7210],[97,0]],[[8799,7210],[0,-96]],[[8799,7114],[-97,0],[0,96]],[[8702,7306],[0,-96]],[[8702,7210],[-97,0],[0,96],[-96,0],[0,96],[0,96],[0,96]],[[8509,7594],[96,0],[0,-96],[0,-96],[97,0]],[[8702,7402],[0,-96]],[[8412,7787],[97,0],[0,-96]],[[8509,7691],[-97,0],[0,96]],[[8605,7787],[0,96],[97,0],[0,-96],[-97,0]],[[8412,7883],[0,96],[-97,0],[0,96],[-97,0],[0,96]],[[8218,8171],[97,0],[97,0]],[[8412,8171],[0,-96],[97,0]],[[8509,8075],[0,-96],[0,-96],[-97,0]],[[8895,8171],[97,0],[0,96],[0,96],[0,97],[-97,0],[-96,0],[0,-97],[0,-96],[96,0],[0,-96]],[[13536,8075],[-96,0],[0,-96],[-97,0],[-97,0],[0,96],[-96,0],[-97,0],[0,96],[-97,0],[0,96]],[[12956,8267],[97,0],[0,96],[0,97],[0,96],[97,0],[0,96],[0,96],[96,0],[0,96],[0,96],[-96,0],[0,96],[0,96],[0,97],[96,0],[0,96],[0,96],[-96,0],[0,96],[0,96],[0,96],[-97,0],[0,96],[-97,0],[0,97],[0,96]],[[12956,9998],[0,96],[97,0],[0,96],[0,96],[97,0],[0,96],[96,0],[97,0],[0,-96],[97,0],[0,96],[96,0],[0,96],[0,96],[0,97],[-96,0],[0,96],[0,96],[96,0],[0,96],[0,96],[97,0],[0,96],[97,0],[0,96],[96,0],[0,96],[97,0],[0,97],[0,96]],[[13923,11536],[97,0],[96,0],[97,0],[97,0],[0,96],[96,0],[97,0],[97,0],[97,0]],[[14697,11632],[0,-96],[96,0],[0,-96],[97,0],[97,0],[0,-97],[0,-96],[96,0],[0,96],[97,0],[0,-96],[97,0],[96,0],[97,0],[97,0],[96,0],[0,96],[97,0],[97,0],[0,-96],[0,-96],[0,-96],[0,-96],[96,0],[97,0],[0,-96],[0,-96],[0,-96],[0,-97],[97,0],[97,0],[0,-96],[96,0],[97,0]],[[16437,10478],[0,-96],[0,-96],[0,-96],[-97,0],[0,-96],[97,0],[97,0],[0,-96],[-97,0],[0,-96],[-97,0],[0,-97],[0,-96],[0,-96],[-96,0],[0,-96],[96,0],[0,-96],[0,-96],[0,-96],[0,-97],[0,-96],[0,-96],[97,0],[97,0],[0,-96],[0,-96],[0,-96]],[[14600,8460],[97,0],[96,0],[0,96]],[[14793,8556],[97,0],[97,0],[0,96],[96,0],[97,0],[97,0],[0,96],[-97,0],[-97,0],[0,96],[97,0],[97,0],[0,96],[-97,0],[0,96],[-97,0],[0,-96],[-96,0],[-97,0],[-97,0],[0,-96],[97,0],[0,-96],[0,-96],[-97,0],[-96,0],[0,-96]],[[14697,8556],[-97,0]],[[14600,8556],[0,96],[-97,0],[0,-96],[97,0]],[[14600,8556],[0,-96]],[[8799,7210],[96,0]],[[8702,7402],[97,0],[96,0]],[[8895,7402],[0,-96]],[[8895,7306],[-96,0],[0,-96]],[[8895,7210],[0,96]],[[8895,7306],[97,0]],[[8895,7402],[0,96],[0,96],[0,97]],[[8992,7402],[-97,0]],[[8509,8171],[0,-96]],[[8218,8171],[0,96]],[[8605,8171],[-96,0]],[[20111,6921],[-97,0],[0,97],[0,96],[0,96],[-96,0],[0,96],[-97,0],[-97,0],[0,96]],[[19724,7402],[97,0],[97,0],[0,96],[96,0],[97,0],[0,96]],[[20111,7594],[97,0],[0,97],[-97,0],[0,-97]],[[20111,7594],[-97,0],[0,97],[0,96],[-96,0],[0,-96],[-97,0],[0,-97],[-97,0],[0,-96]],[[19724,7498],[-96,0]],[[19628,7498],[0,96],[0,97],[96,0],[0,96],[0,96],[97,0],[0,96],[0,96],[97,0],[0,96],[0,96],[0,96],[0,97],[0,96],[0,96],[0,96],[0,96],[0,96],[0,96],[0,96]],[[19918,9132],[96,0],[0,97],[97,0],[97,0],[96,0]],[[20304,9229],[0,-97],[0,-96],[97,0],[0,-96],[0,-96],[0,-96],[97,0],[0,-96]],[[20498,8652],[0,-96],[0,-96],[0,-97],[96,0],[0,-96],[0,-96],[97,0],[97,0],[0,-96],[97,0],[0,-96],[0,-96],[-97,0],[0,-96],[0,-96],[97,0],[96,0],[0,-97],[97,0],[0,-96],[97,0],[0,-96],[0,-96],[-97,0],[0,-96],[0,-96],[-97,0],[0,-96],[-96,0],[0,-97],[-97,0],[-97,0],[0,97],[-97,0],[0,-97],[-96,0],[-97,0],[-97,0],[0,97],[-96,0],[0,-97],[-97,0]],[[21465,7114],[0,-96],[-97,0],[0,96],[0,96],[97,0],[96,0],[0,-96],[-96,0]],[[9765,7979],[97,0],[97,0],[97,0],[0,96],[-97,0],[0,96],[0,96],[-97,0],[-97,0],[0,-96],[0,-96]],[[9669,8171],[0,96],[0,96],[96,0],[97,0],[0,97],[97,0],[97,0],[96,0]],[[10152,8460],[97,0]],[[10249,8460],[0,-97],[97,0],[96,0],[0,-96],[97,0],[0,-96],[97,0],[0,-96],[96,0],[0,-96],[97,0]],[[8509,7594],[0,97]],[[8412,7787],[0,96]],[[11022,8171],[0,96],[-96,0],[0,96],[0,97],[96,0],[0,96],[0,96],[-96,0],[0,96],[-97,0],[0,96],[0,96],[-97,0],[-96,0],[0,96],[-97,0],[0,96],[0,97],[-97,0]],[[10442,9229],[0,96],[-96,0],[0,96],[96,0],[97,0],[97,0],[96,0],[97,0],[97,0],[0,96],[96,0],[0,96],[97,0]],[[11119,9613],[97,0],[96,0],[0,-96],[97,0],[0,-96],[97,0],[0,-96],[0,-96],[97,0],[96,0],[0,96],[97,0],[0,96],[0,96],[97,0],[96,0],[0,-96],[97,0]],[[12086,9421],[0,-96],[0,-96],[0,-97],[0,-96],[97,0],[0,-96],[96,0],[0,-96],[-96,0],[0,-96],[0,-96],[96,0],[0,-96],[0,-96],[97,0],[97,0],[96,0],[97,0],[0,-97],[0,-96],[97,0],[0,-96],[96,0],[0,96],[97,0]],[[11119,8556],[97,0],[96,0],[97,0],[97,0],[97,0],[0,96],[-97,0],[-97,0],[-97,0],[-96,0],[0,96],[-97,0],[0,-96],[0,-96]],[[27169,7306],[97,0],[0,-96],[-97,0],[0,96]],[[27169,7306],[-96,0],[0,96],[96,0],[0,-96]],[[27363,7498],[0,-96],[-97,0],[0,96],[0,96],[97,0],[0,-96]],[[27169,7594],[0,-96],[-96,0],[0,96],[-97,0],[0,97],[97,0],[96,0],[0,-97]],[[27459,7787],[0,-96],[-96,0],[0,96],[96,0]],[[26492,7787],[-96,0],[0,96],[-97,0],[0,96],[-97,0],[0,96],[-96,0],[-97,0],[0,96],[0,96],[0,96],[97,0],[0,97],[0,96],[96,0],[97,0],[0,-96],[97,0],[96,0],[0,-97],[97,0],[97,0]],[[26686,8363],[0,-96],[96,0],[0,96],[-96,0]],[[26686,8363],[0,97],[0,96],[96,0],[0,96],[-96,0],[0,96],[-97,0],[-97,0],[-96,0],[-97,0],[-97,0],[0,96]],[[26202,8844],[0,96],[97,0]],[[26299,8940],[0,-96],[97,0],[0,96],[-97,0]],[[26299,8940],[0,96],[97,0],[96,0],[0,96],[0,97],[0,96],[0,96],[0,96],[-96,0],[-97,0],[0,-96],[0,-96],[-97,0],[-96,0],[0,-96],[0,-97],[-97,0],[0,-96],[-97,0],[0,-96],[0,-96],[-96,0],[0,-96]],[[25816,8748],[-97,0],[0,96],[-97,0],[0,-96],[-96,0],[0,96],[-97,0]],[[25429,8844],[0,96],[-97,0],[0,96],[0,96],[0,97],[-97,0],[0,96],[97,0],[0,96],[0,96],[0,96],[-97,0],[0,96],[0,96],[97,0],[0,97],[0,96],[-97,0],[-96,0],[-97,0],[0,96],[-97,0],[0,-96],[-96,0],[-97,0],[0,96],[0,96],[0,96],[-97,0],[0,96],[0,96],[0,96],[0,97],[-96,0],[0,96],[-97,0],[-97,0],[0,96],[-96,0],[0,96],[0,96],[-97,0],[0,96],[97,0],[96,0],[97,0],[97,0],[0,96],[-97,0],[0,96],[0,97],[97,0],[96,0],[97,0],[0,-97],[97,0],[96,0],[0,97],[0,96],[97,0],[0,96],[0,96],[0,96],[97,0],[96,0],[97,0],[0,-96],[97,0],[0,96],[0,96],[-97,0],[0,96],[-97,0],[0,97],[97,0]],[[25332,12113],[97,0],[97,0],[0,96],[0,96],[0,96],[96,0],[97,0],[97,0],[96,0],[0,-96],[0,-96],[97,0],[0,-96],[97,0],[0,-97],[96,0],[0,-96],[97,0],[97,0],[0,-96]],[[26396,11824],[0,-96],[96,0],[0,-96],[0,-96],[97,0],[97,0],[96,0],[0,-96],[97,0],[0,-97],[0,-96],[97,0],[0,-96],[97,0],[0,-96],[0,-96],[96,0],[0,-96],[0,-96],[97,0],[0,-96],[97,0],[0,-97],[96,0],[0,-96],[97,0],[97,0],[96,0],[97,0],[97,0],[96,0],[97,0],[0,-96],[97,0],[0,-96],[96,0],[97,0],[97,0],[0,96],[0,96],[97,0],[96,0],[97,0]],[[28813,10478],[0,-96],[0,-96],[0,-96],[0,-96],[-97,0],[0,-96],[0,-96],[0,-97],[0,-96],[0,-96],[-96,0],[0,-96],[0,-96],[-97,0],[0,-96],[0,-96],[-97,0],[0,-97],[-97,0],[-96,0],[0,-96],[0,-96],[-97,0],[0,-96],[0,-96],[-97,0],[0,-96],[-96,0],[0,-96],[0,-96],[-97,0],[0,-97],[0,-96],[0,-96],[-97,0],[0,-96],[-96,0],[0,-96],[0,-96],[0,-96],[-97,0],[-97,0]],[[27459,7787],[0,96],[-96,0],[0,96],[0,96],[-97,0],[-97,0],[0,-96],[0,-96],[-96,0],[0,-96],[-97,0],[-97,0],[0,96],[0,96],[0,96]],[[26879,8075],[97,0],[0,96],[-97,0],[0,-96]],[[26879,8075],[-97,0],[0,-96],[0,-96],[-96,0],[0,-96],[-97,0],[-97,0]],[[25235,7979],[-96,0],[0,96],[-97,0],[0,96],[0,96],[0,96],[97,0]],[[25139,8363],[96,0],[0,97]],[[25235,8460],[97,0],[97,0],[0,-97],[0,-96],[0,-96],[0,-96],[-97,0],[0,-96],[-97,0]],[[25622,8075],[-96,0],[0,96],[0,96],[0,96],[0,97],[96,0],[97,0],[97,0],[96,0],[0,-97],[0,-96],[0,-96],[-96,0],[0,-96],[-97,0],[-97,0]],[[27073,8460],[96,0],[0,96],[-96,0],[0,-96]],[[27266,8652],[97,0],[0,96],[-97,0],[0,-96]],[[25816,8748],[96,0],[0,-96]],[[25912,8652],[-96,0],[0,96]],[[26009,8652],[0,96],[0,96],[0,96],[97,0],[0,-96]],[[26106,8844],[0,-96],[0,-96],[-97,0]],[[26202,9132],[0,97],[97,0],[0,-97],[-97,0]],[[18757,7691],[97,0],[97,0],[96,0],[0,96]],[[19047,7787],[97,0]],[[19144,7787],[0,-96],[97,0],[97,0],[0,96],[96,0],[0,96],[0,96],[-96,0],[-97,0]],[[19241,7979],[0,96],[-97,0]],[[19047,8460],[0,96],[-96,0]],[[19047,9517],[97,0],[0,-96],[97,0],[0,96],[97,0],[96,0],[0,-96],[97,0],[97,0],[96,0],[97,0],[0,-96],[0,-96],[0,-97],[97,0]],[[19628,7498],[0,-96],[-97,0],[0,-96],[-97,0],[-96,0],[-97,0]],[[19144,7883],[0,96]],[[19144,7979],[97,0]],[[19241,7979],[0,-96],[-97,0]],[[19724,7402],[0,96]],[[19144,7787],[0,96]],[[10249,8460],[0,96],[97,0],[0,96],[-97,0],[0,96],[-97,0],[-96,0]],[[10056,8748],[0,96],[96,0],[0,96],[0,96],[0,96],[97,0],[97,0],[96,0],[0,97]],[[9475,8556],[0,96],[97,0],[97,0],[0,96],[96,0],[0,-96]],[[9765,8652],[0,-96],[97,0],[97,0],[97,0],[96,0],[0,-96]],[[9862,8652],[0,96],[97,0]],[[9959,8748],[0,-96],[-97,0]],[[12086,9421],[0,96],[0,96],[97,0],[96,0],[0,96],[0,96],[97,0],[97,0],[0,97],[0,96],[96,0],[97,0],[97,0],[96,0],[97,0]],[[12666,8556],[97,0],[96,0],[0,96],[0,96],[-96,0],[-97,0],[0,-96],[0,-96]],[[22238,8267],[-97,0],[0,96],[97,0],[0,97],[0,96],[0,96]],[[22238,8652],[97,0]],[[22335,8652],[0,-96],[0,-96],[0,-97],[0,-96],[-97,0]],[[21465,8460],[-97,0],[0,96],[0,96],[-97,0],[0,-96],[-96,0],[-97,0],[-97,0],[-96,0],[0,96],[-97,0],[-97,0],[0,96],[-97,0],[0,-96],[-96,0]],[[20304,9229],[97,0],[0,96],[0,96],[97,0],[0,96],[96,0],[0,96],[97,0],[0,96],[0,96],[97,0],[97,0],[0,97],[0,96],[-97,0],[0,96],[97,0],[0,96],[0,96],[0,96],[-97,0],[0,96],[-97,0],[0,96],[0,97],[-97,0],[0,96],[0,96],[0,96],[-96,0],[0,96],[0,96]],[[20498,11151],[96,0],[97,0],[97,0],[97,0],[0,-96],[96,0],[0,96],[97,0],[97,0],[0,-96],[96,0],[0,-96],[97,0],[97,0],[96,0],[0,-96],[97,0],[97,0],[96,0],[0,96],[97,0],[0,96],[97,0]],[[22045,11055],[96,0],[0,-96],[97,0],[97,0],[97,0],[96,0],[0,-96],[0,-96],[0,-96],[97,0],[0,-97],[0,-96],[0,-96],[0,-96],[-97,0],[0,-96],[0,-96],[0,-96],[0,-96],[97,0],[0,-97],[0,-96],[97,0],[0,-96],[0,-96],[0,-96],[96,0],[0,-96],[0,-96],[0,-97],[0,-96],[0,-96]],[[22818,8940],[-96,0],[0,-96],[96,0]],[[22818,8844],[0,-96],[-96,0],[0,-96]],[[22722,8652],[-97,0],[0,-96],[-97,0],[-96,0],[0,96],[-97,0]],[[22335,8652],[0,96],[-97,0],[0,-96]],[[22238,8652],[-97,0],[-96,0],[-97,0],[-97,0],[0,-96],[-96,0],[0,96],[-97,0],[0,-96],[-97,0],[0,-96],[-96,0]],[[21561,8748],[97,0],[97,0],[96,0],[0,96],[-96,0],[0,96],[-97,0],[0,96],[0,96],[0,97],[-97,0],[0,96],[-96,0],[-97,0],[0,-96],[0,-97],[97,0],[96,0],[0,-96],[-96,0],[0,-96],[0,-96],[96,0],[0,-96]],[[24365,8363],[0,-96],[-96,0],[0,96],[-97,0],[-97,0],[0,97],[0,96],[0,96],[97,0],[97,0],[0,96],[0,96],[-97,0],[0,-96],[-97,0],[-96,0],[-97,0],[0,-96],[-97,0],[-97,0],[-96,0],[-97,0],[0,-96],[-97,0],[-96,0],[0,96],[-97,0],[0,-96],[-97,0],[-96,0],[-97,0],[0,96],[-97,0],[-96,0]],[[22818,8844],[0,96]],[[22045,11055],[0,96],[0,96],[96,0],[0,96],[97,0],[0,97],[0,96],[97,0],[0,96],[0,96],[97,0],[0,96],[96,0],[97,0],[97,0],[96,0],[97,0],[0,96],[97,0],[96,0],[97,0],[0,-96],[97,0],[0,-96],[0,-96],[96,0],[97,0],[97,0],[96,0],[0,96],[0,96],[0,96],[97,0],[0,96],[97,0],[97,0],[96,0],[0,-96],[97,0],[97,0],[96,0],[0,96],[97,0],[0,97],[97,0],[0,96]],[[24559,12209],[96,0],[0,96],[0,96],[97,0],[97,0],[0,-96],[96,0],[97,0],[0,-96],[97,0],[96,0],[97,0],[0,-96]],[[25429,8844],[0,-96],[0,-96],[0,-96],[-97,0],[-97,0],[0,-96]],[[25139,8363],[0,97],[0,96],[-97,0],[-97,0],[0,96],[-96,0],[-97,0],[0,-96],[0,-96],[0,-97],[-97,0],[-96,0],[0,-96],[-97,0],[0,96],[-97,0]],[[24752,8748],[97,0],[0,96],[-97,0],[0,-96]],[[24172,9036],[97,0],[0,96],[0,97],[0,96],[-97,0],[0,96],[-97,0],[-96,0],[0,-96],[0,-96],[-97,0],[0,-97],[97,0],[96,0],[97,0],[0,-96]],[[16437,10478],[0,96],[97,0],[0,97],[96,0],[97,0],[97,0],[96,0],[0,96],[0,96],[97,0],[0,96],[97,0],[96,0],[0,96],[97,0],[0,96],[0,96],[97,0],[0,96],[96,0],[0,97],[0,96],[0,96],[97,0],[97,0],[0,96],[0,96],[97,0],[0,96],[96,0],[0,-96],[0,-96],[0,-96],[0,-96],[-96,0],[0,-96],[0,-97],[0,-96],[0,-96],[-97,0],[0,-96],[0,-96],[0,-96],[97,0],[0,-96],[0,-96],[96,0],[97,0],[0,96],[0,96],[0,96],[97,0],[96,0],[97,0],[0,-96],[0,-96],[0,-96],[0,-97],[-97,0],[0,-96],[0,-96],[-96,0],[0,-96],[0,-96],[96,0],[97,0],[97,0],[96,0]],[[18274,9902],[-97,0],[0,-97],[0,-96]],[[9765,8652],[97,0]],[[9959,8748],[97,0]],[[9185,9613],[0,96],[97,0],[0,96],[0,97],[97,0],[0,96],[0,96],[0,96],[-97,0],[0,96],[-97,0],[0,96],[-96,0],[-97,0],[0,96],[0,96],[0,97]],[[8992,10671],[97,0],[96,0],[0,96],[97,0],[97,0],[0,-96],[96,0],[0,96],[97,0],[0,96],[97,0],[0,96],[0,96],[96,0],[97,0],[0,96]],[[9862,11151],[97,0],[97,0],[96,0],[97,0]],[[10249,11151],[97,0],[0,-96],[96,0],[97,0],[0,-96],[97,0],[96,0],[97,0],[97,0],[96,0],[97,0],[97,0],[96,0],[97,0],[0,-96],[97,0],[0,-96],[97,0],[0,-96]],[[11603,10671],[0,-97],[0,-96],[0,-96],[-97,0],[0,-96],[0,-96],[-97,0],[0,-96],[-97,0],[0,-96],[-96,0],[0,-96],[96,0],[0,-97],[-96,0],[0,-96],[-97,0],[0,-96]],[[9379,9613],[96,0],[97,0],[0,96],[97,0],[0,-96],[96,0],[0,96],[0,96],[97,0],[0,97],[-97,0],[0,96],[0,96],[-96,0],[0,96],[-97,0],[0,96],[-97,0],[0,-96],[0,-96],[0,-96],[0,-96],[97,0],[0,-97],[-97,0],[0,-96],[-96,0],[0,-96]],[[10732,10574],[97,0],[0,97],[-97,0],[0,-97]],[[9765,11151],[0,96],[97,0],[0,-96]],[[9862,11151],[-97,0]],[[14793,8556],[-96,0]],[[26202,8844],[-96,0]],[[26009,8652],[-97,0]],[[7832,8748],[-97,0],[0,96],[0,96],[0,96],[0,96],[0,97],[0,96]],[[7735,9325],[97,0],[96,0],[0,96],[97,0],[0,96],[-97,0],[-96,0],[0,96],[-97,0]],[[7735,9613],[0,96],[0,96],[0,97],[0,96],[-97,0],[0,-96]],[[7638,9902],[-96,0],[0,96],[-97,0],[0,96],[0,96],[-97,0],[0,96],[0,96],[-96,0],[-97,0],[0,96],[-97,0],[0,96],[97,0],[97,0],[96,0],[97,0],[97,0],[0,-96],[96,0],[97,0],[0,-96],[97,0],[0,-96],[96,0],[97,0],[0,-96],[97,0],[96,0],[0,-96],[97,0],[97,0],[0,-96],[97,0],[0,-96],[0,-97],[96,0],[0,-96],[97,0],[0,96],[97,0],[96,0],[0,-96],[97,0]],[[7735,9421],[0,-96]],[[7735,9325],[-97,0],[0,96],[0,96],[0,96]],[[7638,9613],[97,0]],[[7735,9613],[0,-96],[0,-96]],[[18757,10286],[0,96],[97,0],[0,96],[0,96],[0,97],[0,96],[0,96],[97,0],[0,96],[0,96],[0,96],[0,96],[0,96],[96,0],[97,0],[97,0],[0,97],[97,0],[0,96],[0,96],[96,0],[0,96],[0,96],[97,0],[0,96]],[[19531,11920],[97,0],[96,0],[0,-96],[97,0],[97,0]],[[19918,11824],[96,0],[0,-96],[97,0],[0,-96],[97,0],[0,-96],[0,-96],[96,0],[0,-97],[97,0],[0,-96],[97,0],[0,-96]],[[19628,9805],[96,0],[0,97],[0,96],[0,96],[-96,0],[0,96],[-97,0],[0,-96],[-97,0],[0,-96],[97,0],[0,-96],[97,0],[0,-97]],[[30843,9132],[-96,0],[0,97],[0,96],[0,96],[0,96],[0,96],[0,96],[96,0],[0,96],[-96,0],[0,97],[0,96],[0,96],[0,96],[0,96],[0,96],[0,96],[0,96],[0,97],[0,96],[0,96],[0,96],[0,96],[0,96],[0,96],[0,96],[0,97],[0,96],[-97,0],[0,96],[-97,0],[0,96],[0,96],[0,96],[0,96],[0,97],[0,96],[0,96],[0,96],[0,96],[0,96],[0,96],[0,96],[0,97],[97,0],[0,96],[0,96],[0,96],[0,96],[97,0],[0,96],[0,96],[0,97],[96,0],[0,96],[97,0],[0,96],[0,96],[97,0],[0,96]],[[31037,13939],[96,0],[0,-96],[97,0],[0,96],[97,0],[0,96],[0,96],[0,96],[-97,0],[-97,0]],[[31133,14227],[0,97],[0,96],[0,96],[0,96],[97,0],[0,96],[0,96],[97,0],[0,96],[0,96],[0,97],[0,96],[96,0]],[[31423,15189],[97,0],[97,0],[0,-96],[97,0],[96,0],[97,0],[97,0],[0,-97],[96,0],[0,-96],[0,-96],[-96,0],[0,-96],[0,-96],[0,-96],[0,-96],[0,-96],[96,0],[97,0],[97,0],[96,0],[97,0],[0,-97],[97,0],[96,0]],[[32680,14227],[0,-96],[0,-96],[-96,0],[0,-96],[0,-96],[0,-96],[0,-96],[0,-96],[0,-97],[0,-96],[-97,0],[0,-96],[-97,0],[0,-96],[-96,0],[0,-96],[-97,0],[0,-96],[0,-96],[0,-97],[0,-96],[0,-96],[0,-96],[-97,0],[0,-96],[0,-96],[0,-96],[0,-96],[0,-97],[-96,0],[0,-96],[0,-96],[-97,0],[0,-96],[0,-96],[0,-96],[0,-96],[-97,0],[0,-97],[0,-96],[0,-96],[0,-96],[0,-96],[0,-96],[0,-96],[-96,0],[0,-96],[0,-97],[0,-96],[-97,0],[0,-96],[0,-96],[-97,0],[0,-96],[0,-96],[-97,0],[0,-96],[0,-96],[0,-97],[0,-96],[-96,0],[0,-96],[0,-96],[-97,0],[0,-96],[-97,0],[0,-96],[-96,0],[0,-96],[-97,0],[0,-97],[-97,0]],[[31037,14035],[0,96],[0,96],[96,0]],[[31133,14227],[0,-96],[0,-96],[-96,0]],[[11603,10671],[96,0],[97,0],[0,96],[97,0],[0,96],[96,0],[0,96],[0,96],[97,0],[0,96],[97,0],[96,0],[0,96],[97,0],[0,96],[97,0],[96,0],[97,0],[0,97],[97,0],[0,96],[96,0],[0,96],[97,0],[97,0],[97,0],[96,0]],[[13246,11632],[97,0],[0,-96],[97,0],[0,-96],[96,0],[0,96],[97,0],[0,-96],[97,0],[96,0],[0,96],[97,0]],[[7638,9613],[0,96],[0,96],[0,97]],[[14697,11632],[0,96],[96,0]],[[14793,11728],[97,0],[0,96],[97,0],[96,0],[97,0],[0,96],[97,0],[0,-96],[96,0],[97,0],[97,0],[96,0],[0,-96],[97,0],[0,96],[0,96],[97,0],[96,0],[0,96],[97,0],[97,0],[0,97],[97,0],[96,0],[97,0],[97,0],[96,0],[0,96],[97,0],[0,96],[0,96],[97,0],[0,96],[0,96],[0,96],[96,0],[0,96],[97,0],[97,0]],[[17114,12785],[0,-96],[96,0],[0,-96],[0,-96],[97,0],[97,0],[0,-96],[96,0],[0,-96],[97,0],[0,96],[97,0],[0,-96],[97,0],[96,0],[0,96],[97,0],[97,0],[96,0],[97,0],[0,-96],[97,0],[96,0],[0,-96],[97,0],[97,0],[96,0],[0,-96],[97,0],[97,0],[96,0],[97,0],[97,0],[0,-97],[97,0],[96,0],[97,0],[0,-96]],[[16244,10959],[96,0],[97,0],[0,96],[97,0],[0,96],[0,96],[-97,0],[-97,0],[0,-96],[-96,0],[0,-96],[0,-96]],[[26396,11824],[96,0],[0,96],[0,96],[0,97],[97,0],[97,0],[0,96],[-97,0],[0,96],[0,96],[97,0],[0,96],[96,0],[0,96],[97,0],[0,96]],[[26879,12689],[97,0],[0,-96],[97,0],[96,0],[97,0],[97,0],[96,0],[97,0],[97,0],[96,0],[97,0],[97,0],[96,0],[97,0],[0,96],[97,0],[96,0],[97,0],[0,-96],[0,-96],[0,-96],[97,0],[0,-96],[97,0],[0,-96],[96,0],[97,0],[0,-96],[97,0],[96,0],[0,-97],[97,0],[97,0]],[[29200,12016],[0,-96],[0,-96],[-97,0],[0,-96],[0,-96],[0,-96],[-97,0],[0,-96],[0,-97],[0,-96],[0,-96],[0,-96],[-96,0],[0,-96],[0,-96],[0,-96],[0,-96],[0,-97],[-97,0],[0,-96]],[[8992,10671],[0,96],[-97,0],[0,96],[0,96],[0,96],[-96,0],[0,96],[-97,0],[-97,0],[0,96],[0,96],[-96,0],[-97,0],[-97,0],[0,97],[-97,0],[0,96],[0,96],[0,96],[0,96],[0,96],[97,0],[0,96],[0,97],[97,0],[0,96],[97,0],[96,0],[0,96],[97,0],[97,0],[96,0],[97,0],[97,0],[0,-96],[96,0],[97,0],[0,-96],[97,0],[0,-97],[96,0],[97,0],[0,-96]],[[9572,11920],[-97,0],[0,-96],[0,-96],[97,0],[0,-96],[97,0],[0,96],[96,0],[0,96]],[[9765,11824],[97,0],[97,0],[0,96],[0,96]],[[9959,12016],[97,0],[0,-96],[96,0],[97,0],[0,-96],[0,-96],[0,-96],[97,0],[0,-96],[-97,0],[0,-96],[0,-97],[0,-96],[0,-96]],[[9572,11824],[0,96]],[[9572,11920],[97,0],[96,0]],[[9765,11920],[0,-96]],[[9765,11824],[-96,0],[-97,0]],[[9765,11920],[0,96],[97,0]],[[9862,12016],[0,-96],[-97,0]],[[9959,12016],[-97,0]],[[9862,12016],[0,97],[97,0],[0,96],[0,96],[97,0],[0,96],[0,96],[0,96],[96,0],[0,96],[0,96],[0,97],[0,96],[0,96],[0,96]],[[10152,13170],[97,0],[0,-96],[97,0],[0,-96],[96,0],[0,96],[0,96],[97,0],[0,96],[97,0],[0,96],[0,96],[96,0],[0,97],[97,0],[0,96],[97,0],[96,0],[0,96],[97,0],[97,0],[0,96],[96,0],[97,0],[0,96],[97,0],[0,96],[97,0],[0,96],[96,0],[0,96],[0,97],[-96,0],[0,96],[96,0],[97,0],[97,0],[96,0],[97,0],[97,0],[96,0],[0,96],[97,0],[97,0]],[[12473,14516],[96,0],[0,-96],[97,0],[0,-96],[97,0],[0,-97],[0,-96],[0,-96],[0,-96],[96,0],[0,-96],[0,-96],[97,0],[0,-96]],[[12956,13651],[0,-96],[0,-97],[0,-96],[97,0],[0,-96],[97,0],[0,-96],[0,-96],[0,-96],[96,0],[0,-96],[0,-97],[0,-96],[0,-96],[0,-96],[0,-96],[0,-96],[0,-96],[-96,0],[0,-96],[96,0],[0,-97],[0,-96],[0,-96],[0,-96],[0,-96]],[[10636,12497],[96,0],[97,0],[97,0],[0,96],[0,96],[-97,0],[-97,0],[-96,0],[0,-96],[0,-96]],[[19918,11824],[0,96],[96,0],[0,96],[0,97],[0,96],[97,0],[0,96],[-97,0],[0,96],[-96,0],[0,96],[96,0],[0,96],[0,96],[-96,0],[0,96]],[[19918,12785],[96,0],[97,0],[97,0],[96,0],[0,97],[0,96]],[[20304,12978],[0,96]],[[20304,13074],[97,0],[0,96],[0,96],[0,96],[0,96]],[[20401,13458],[97,0],[96,0],[0,97],[0,96],[0,96],[-96,0]],[[20498,13747],[0,96],[0,96],[96,0]],[[20594,13939],[97,0],[0,-96],[97,0],[97,0]],[[20885,13843],[96,0],[0,-96],[0,-96],[97,0],[0,96],[0,96],[97,0],[0,-96],[0,-96],[0,-96],[0,-97],[96,0],[0,97],[97,0],[97,0],[0,-97],[0,-96],[96,0],[0,96],[0,97],[0,96],[0,96],[-96,0],[0,96],[0,96]],[[21465,13939],[96,0],[0,96],[0,96],[97,0],[0,96],[97,0],[96,0],[97,0],[97,0],[0,97],[96,0],[0,96],[97,0],[0,-96],[0,-97],[97,0],[0,-96],[0,-96],[97,0],[0,-96],[96,0],[0,-96],[97,0],[0,-96],[97,0],[0,-96],[0,-96],[96,0],[97,0],[97,0],[0,96],[0,96],[0,96],[0,96],[0,96],[0,96],[0,96],[0,97],[0,96],[96,0],[0,96],[97,0],[97,0]],[[23302,14516],[96,0],[97,0],[97,0],[0,96],[0,96],[96,0],[97,0],[0,-96],[0,-96],[97,0],[0,-96],[0,-96],[97,0],[96,0],[97,0],[0,-97],[97,0],[0,-96],[96,0],[0,-96],[0,-96],[0,-96],[-96,0],[0,-96],[96,0],[0,-96],[0,-96],[97,0],[0,-97],[97,0],[96,0]],[[24655,13458],[0,-96],[97,0],[0,-96],[0,-96],[0,-96],[-97,0],[-96,0],[0,-96],[0,-96],[0,-97],[0,-96],[0,-96],[0,-96],[-97,0],[0,-96],[0,-96],[0,-96],[97,0]],[[21465,11247],[96,0],[0,96],[97,0],[0,97],[97,0],[0,96],[0,96],[-97,0],[0,96],[-97,0],[0,-96],[-96,0],[0,-96],[-97,0],[0,-96],[97,0],[0,-97],[0,-96]],[[20788,13266],[97,0],[0,96],[-97,0],[0,-96]],[[20304,13555],[0,96]],[[20304,13651],[0,96],[97,0]],[[20401,13747],[97,0]],[[20498,13747],[0,-96],[0,-96],[-97,0]],[[20401,13555],[-97,0]],[[12956,13651],[97,0],[97,0],[0,96],[96,0],[97,0],[0,96],[97,0],[0,96],[0,96],[96,0],[0,96],[97,0],[0,96],[97,0],[96,0],[97,0],[97,0],[96,0],[0,-96],[97,0],[0,-96],[97,0],[96,0],[97,0],[97,0],[97,0],[96,0],[0,96],[97,0],[0,96],[97,0],[0,97],[96,0],[0,-97],[0,-96],[97,0],[0,-96],[-97,0],[0,-96],[0,-96],[0,-96],[0,-96],[97,0],[0,-96],[97,0]],[[15277,13555],[0,-97],[0,-96],[0,-96],[0,-96],[96,0],[0,-96],[0,-96],[0,-96],[0,-97],[97,0],[0,-96],[0,-96],[-97,0],[0,-96],[0,-96],[-96,0],[0,96],[-97,0],[0,-96],[-97,0],[0,-96],[0,-96],[0,-96],[-96,0],[-97,0],[0,-97],[-97,0],[0,-96],[0,-96],[0,-96]],[[15277,13555],[96,0],[97,0],[97,0],[96,0],[0,96],[97,0],[0,96],[97,0],[0,96],[96,0],[0,96],[97,0],[0,-96],[97,0],[97,0],[0,-96],[96,0],[0,96],[0,96],[0,96],[97,0],[0,96],[0,96],[-97,0],[0,97],[97,0],[97,0],[0,96],[96,0],[0,96],[97,0],[0,96],[97,0],[0,96],[96,0],[0,-96],[97,0],[0,-96],[0,-96],[0,-96],[97,0],[0,-97],[96,0],[0,-96],[97,0]],[[17307,14131],[97,0],[0,96]],[[17404,14227],[96,0],[97,0]],[[17597,14227],[97,0],[0,97],[0,96]],[[17694,14420],[97,0],[0,96],[96,0],[0,96],[0,96],[97,0],[0,96],[97,0],[0,96],[96,0],[0,96],[0,97],[0,96]],[[18177,15189],[97,0],[0,-96],[97,0],[96,0],[0,-97],[97,0],[97,0],[0,-96],[96,0],[0,-96],[0,-96],[97,0],[0,-96],[0,-96],[0,-96],[0,-96],[97,0],[0,-97],[-97,0],[0,-96],[0,-96],[97,0],[96,0],[97,0],[0,-96],[-97,0],[0,-96],[0,-96],[0,-96],[0,-96],[0,-97],[0,-96],[0,-96],[0,-96]],[[19047,13170],[0,-96],[97,0],[0,96]],[[19144,13170],[0,96],[97,0],[97,0],[96,0],[0,-96],[0,-96],[97,0],[97,0],[0,96],[96,0],[0,-96],[97,0],[0,-96],[0,-96],[97,0],[0,-97]],[[17114,12785],[96,0],[0,97],[97,0],[0,-97],[97,0],[0,97],[0,96],[96,0],[0,96],[-96,0],[0,96]],[[17404,13170],[96,0],[0,96],[-96,0],[0,-96]],[[17404,13170],[-97,0],[0,-96],[-97,0],[-96,0],[0,-96],[0,-96],[0,-97]],[[15857,13266],[96,0],[0,96],[-96,0],[0,-96]],[[17307,13362],[97,0],[0,96],[-97,0],[0,-96]],[[17694,14035],[97,0],[0,96],[-97,0],[0,-96]],[[24655,13458],[0,97],[97,0],[0,96],[0,96],[97,0],[0,96],[96,0],[0,96],[-96,0],[0,96],[0,96],[96,0],[0,96],[-96,0],[0,97],[0,96],[96,0],[0,96],[0,96],[0,96],[-96,0],[-97,0],[0,96],[0,96],[0,96],[-97,0],[0,97],[-96,0]],[[24559,15093],[0,96]],[[24559,15189],[0,96],[0,96],[96,0],[97,0],[97,0],[96,0],[97,0],[0,96],[0,96],[97,0],[96,0],[97,0],[97,0],[97,0],[0,96],[96,0],[0,97],[97,0],[0,96],[0,96]],[[25719,15958],[97,0],[96,0],[97,0],[97,0],[0,-96],[96,0],[97,0],[0,-96],[0,-97],[0,-96],[97,0],[0,-96],[96,0],[0,96],[97,0],[97,0],[0,-96],[96,0],[0,-96],[-96,0],[0,-96],[-97,0],[0,-96],[0,-96],[0,-97],[-97,0],[0,-96],[0,-96],[0,-96],[-96,0],[0,-96],[96,0],[0,-96],[-96,0],[-97,0],[0,-96],[0,-96],[-97,0],[0,-97],[0,-96],[97,0],[97,0],[96,0],[0,-96],[-96,0],[0,-96],[0,-96],[96,0],[97,0],[0,-96],[97,0],[0,-96],[96,0],[0,-96],[97,0],[0,-97],[97,0],[0,-96],[97,0]],[[27073,13362],[0,-96],[-97,0],[0,-96],[0,-96],[-97,0],[0,-96],[0,-96],[0,-97],[0,-96]],[[27073,13362],[96,0],[97,0],[0,96],[97,0],[0,-96],[96,0],[97,0],[0,96],[97,0],[0,97],[0,96],[96,0],[0,96],[97,0],[97,0],[0,96],[0,96],[0,96],[-97,0],[0,96],[0,96],[0,97],[97,0],[0,96],[96,0],[97,0],[97,0],[0,-96],[96,0],[97,0],[0,-97],[97,0],[97,0],[0,-96],[96,0],[0,96],[0,97],[97,0],[0,96],[-97,0],[0,96],[0,96],[0,96],[0,96],[-96,0],[-97,0],[0,96],[97,0],[0,96],[96,0],[97,0],[97,0],[96,0],[97,0],[0,97],[0,96],[0,96],[-97,0],[0,96],[0,96],[0,96],[0,96],[-96,0],[0,97],[0,96],[0,96],[0,96],[0,96],[96,0],[0,-96],[97,0],[0,96],[0,96],[97,0],[96,0],[0,96],[97,0],[0,96],[0,97],[-97,0],[0,96],[0,96],[97,0],[0,96],[97,0],[96,0],[0,96],[97,0],[0,96]],[[29683,17015],[97,0],[96,0],[0,-96],[97,0],[0,-96],[97,0],[97,0],[96,0],[0,-96],[97,0],[0,-96],[97,0],[96,0],[97,0],[97,0],[0,-96],[96,0],[0,96],[97,0]],[[30940,16631],[0,-96],[0,-97],[0,-96],[97,0],[0,-96],[-97,0],[0,-96],[-97,0],[0,-96],[0,-96],[0,-96],[0,-96],[0,-97],[0,-96],[97,0],[0,96],[97,0],[0,97],[96,0],[0,-97],[97,0],[0,-96],[0,-96],[0,-96],[0,-96],[-97,0],[-96,0],[0,-96],[-97,0],[0,96],[-97,0],[0,96],[-96,0],[0,-96],[-97,0],[0,-96],[-97,0],[0,-96],[0,-97],[97,0],[0,-96],[0,-96],[0,-96],[0,-96],[0,-96],[0,-96],[0,-96]],[[30650,14324],[-97,0],[-96,0],[0,96],[96,0],[0,96],[0,96],[0,96],[-96,0],[-97,0],[0,96],[-97,0],[0,96],[0,96],[-96,0],[0,97],[-97,0],[-97,0],[0,-97],[0,-96],[97,0],[0,-96],[97,0],[0,-96],[0,-96],[96,0],[0,-96],[0,-96],[0,-96],[-96,0],[0,-97],[96,0],[0,-96],[0,-96],[97,0]],[[30360,14035],[0,-96],[0,-96],[-97,0],[0,-96],[-96,0],[0,96],[0,96],[-97,0],[0,-96],[-97,0],[0,-96],[-97,0],[0,-96],[0,-96],[-96,0],[0,-97],[0,-96],[0,-96],[0,-96],[0,-96],[0,-96],[0,-96],[0,-97],[-97,0],[0,-96],[-97,0],[-96,0],[0,-96],[0,-96],[0,-96],[0,-96],[-97,0],[0,-96],[-97,0],[0,-96],[0,-97],[-96,0]],[[30457,14035],[0,96],[96,0],[0,96],[97,0]],[[30650,14227],[0,-96],[0,-96],[-97,0],[-96,0]],[[19144,13170],[-97,0]],[[18177,15189],[0,96],[0,96],[97,0],[0,96],[0,96],[0,96],[0,97],[0,96],[0,96],[-97,0],[0,96]],[[18177,16054],[97,0],[0,96]],[[18274,16150],[0,96],[0,96],[0,96]],[[18274,16438],[97,0],[0,97],[96,0],[0,96],[0,96],[97,0],[0,96],[97,0],[0,96],[96,0],[0,96],[0,96],[97,0],[0,96],[0,97],[0,96],[-97,0],[0,96],[0,96],[0,96],[0,96],[-96,0],[0,96],[-97,0],[0,97],[-97,0],[0,96],[0,96],[97,0],[0,96],[0,96],[97,0],[0,96],[0,96]],[[18661,18553],[96,0],[0,96],[-96,0]],[[18661,18649],[0,97],[0,96],[-97,0],[0,96],[97,0],[0,96],[0,96],[0,96],[0,96],[96,0],[97,0]],[[18854,19322],[97,0],[0,97]],[[18951,19419],[96,0],[0,-97],[97,0],[0,97],[97,0],[97,0],[96,0]],[[19434,19419],[0,-97],[-96,0],[0,-96],[96,0],[0,-96],[0,-96],[97,0],[0,-96],[97,0],[0,-96],[96,0],[97,0],[0,-96],[97,0],[96,0],[97,0],[0,-97],[97,0],[96,0],[0,-96],[-96,0],[0,-96],[0,-96],[0,-96],[96,0],[0,-96],[0,-96],[0,-96],[0,-97],[0,-96],[0,-96],[0,-96],[0,-96],[97,0],[0,-96],[97,0],[0,-96],[96,0],[0,-97],[-96,0],[0,-96],[-97,0],[0,-96],[0,-96],[0,-96],[-97,0],[0,-96],[-96,0],[0,-96],[0,-96],[0,-97],[-97,0],[0,-96],[-97,0],[0,-96],[0,-96],[0,-96],[-96,0],[-97,0],[0,-96]],[[19821,15958],[-97,0],[0,-96],[97,0],[0,-96],[0,-97],[0,-96],[97,0],[0,96]],[[19918,15669],[96,0],[97,0],[97,0],[96,0],[0,-96],[0,-96],[0,-96],[97,0],[0,-96],[0,-96],[0,-96],[97,0],[0,-97],[0,-96],[-97,0],[0,-96],[0,-96],[0,-96],[0,-96],[0,-96],[0,-96],[97,0],[0,-97],[96,0],[0,-96],[0,-96],[0,-96]],[[20401,13747],[0,96],[-97,0],[0,96],[0,96],[0,96],[-96,0],[0,-96],[0,-96],[0,-96],[0,-96],[0,-96],[96,0]],[[20401,13555],[0,-97]],[[20304,13074],[-96,0],[0,-96],[96,0]],[[20014,14804],[97,0],[0,96],[0,96],[0,97],[-97,0],[0,-97],[0,-96],[0,-96]],[[19821,16535],[97,0],[96,0],[0,96],[0,96],[-96,0],[0,96],[-97,0],[0,-96],[-97,0],[0,96],[-96,0],[0,-96],[0,-96],[96,0],[97,0],[0,-96]],[[10152,13170],[0,96],[0,96],[0,96],[-96,0],[0,97],[0,96],[-97,0],[0,96],[0,96],[0,96],[-97,0],[0,96],[0,96]],[[9862,14131],[97,0],[0,96],[97,0]],[[10056,14227],[0,-96],[0,-96],[96,0],[0,96],[97,0],[0,96],[-97,0],[-96,0]],[[10056,14227],[0,97],[96,0],[0,96],[97,0],[97,0],[0,96],[-97,0],[-97,0],[0,96],[-96,0],[-97,0],[0,96],[-97,0],[0,96],[-97,0],[-96,0],[0,-96],[0,-96],[96,0],[0,-96],[-96,0],[-97,0],[0,-96],[-97,0],[-96,0],[-97,0],[-97,0],[0,-96],[0,-97],[0,-96]],[[9185,14131],[-96,0],[0,-96],[-97,0],[-97,0],[0,96],[0,96],[0,97],[0,96],[-96,0],[0,96],[-97,0],[-97,0],[0,96],[0,96],[97,0],[0,96],[-97,0],[0,96],[-96,0],[0,96],[-97,0],[0,97],[-97,0],[0,96],[0,96],[0,96],[0,96],[0,96]],[[8315,15573],[97,0],[0,96],[0,97],[97,0],[0,96],[96,0],[0,96],[97,0],[97,0],[0,96],[96,0],[0,96],[97,0],[0,96],[97,0],[0,96],[96,0],[97,0],[97,0],[96,0],[97,0],[0,96],[97,0],[0,97],[96,0],[0,96],[97,0],[0,96],[0,96],[97,0],[0,96],[0,96],[0,96],[97,0],[0,96],[96,0],[0,97]],[[10152,17304],[97,0],[0,-97],[97,0],[0,-96],[96,0],[97,0],[0,-96],[97,0],[0,-96],[0,-96],[96,0],[0,-96],[-96,0],[0,-96],[0,-96],[0,-97],[96,0],[0,-96],[97,0],[0,-96],[97,0],[96,0],[97,0],[0,96],[0,96],[97,0],[96,0],[0,97],[0,96],[97,0],[0,96],[97,0],[0,-96],[97,0],[96,0],[0,-96],[0,-97],[-96,0],[0,-96],[0,-96],[0,-96],[0,-96],[96,0],[97,0],[97,0],[96,0],[0,96],[97,0],[0,96],[97,0],[96,0],[0,-96],[97,0],[0,-96],[0,-96]],[[12376,15958],[0,-96],[0,-96],[97,0],[0,-97],[0,-96],[0,-96],[0,-96],[0,-96],[0,-96],[0,-96],[0,-97],[0,-96],[0,-96],[0,-96],[0,-96],[0,-96]],[[9185,14131],[97,0],[97,0]],[[9379,14131],[0,-96],[-97,0],[-97,0],[0,96]],[[9765,14131],[0,-96],[-96,0],[0,96],[-97,0],[0,96],[-97,0]],[[9475,14227],[0,97],[97,0],[97,0],[96,0],[97,0],[0,-97],[0,-96]],[[9862,14131],[-97,0]],[[9379,14131],[0,96],[96,0]],[[9475,14227],[0,-96],[-96,0]],[[25719,15958],[0,96],[-97,0],[0,96],[0,96],[0,96],[97,0],[0,96],[0,97],[-97,0],[0,96],[-96,0]],[[25526,16631],[0,96],[0,96],[0,96],[96,0],[0,96],[97,0],[0,-96],[97,0],[96,0],[97,0],[0,-96],[97,0],[96,0],[0,-96],[97,0],[97,0],[96,0],[0,96],[97,0],[97,0],[96,0],[97,0],[97,0],[97,0],[96,0],[0,96],[97,0],[0,96],[0,96],[97,0],[0,96],[0,97],[0,96],[0,96],[0,96],[0,96],[-97,0],[0,96],[-97,0],[0,96],[-96,0],[0,97],[0,96],[-97,0],[0,96],[-97,0],[0,96],[-97,0],[0,96],[-96,0],[0,96]],[[26686,18457],[96,0],[97,0],[97,0],[97,0],[96,0],[0,96],[97,0],[0,96],[97,0],[96,0],[0,97],[97,0],[97,0],[0,-97],[96,0],[97,0],[97,0],[0,-96],[0,-96],[96,0],[0,-96],[97,0],[0,-96],[97,0],[0,-96],[0,-96],[0,-96],[96,0],[0,-97],[0,-96],[0,-96],[0,-96],[0,-96],[97,0],[97,0],[97,0],[0,-96],[96,0],[0,96],[97,0],[0,96],[97,0],[96,0],[97,0],[97,0],[96,0],[97,0]],[[29393,17592],[0,-96],[97,0],[0,-96],[96,0],[0,-96],[0,-97],[0,-96],[97,0],[0,-96]],[[27943,14804],[96,0],[97,0],[0,96],[-97,0],[0,96],[-96,0],[0,97],[-97,0],[0,96],[-97,0],[-96,0],[0,-96],[-97,0],[0,-97],[97,0],[0,-96],[96,0],[97,0],[97,0],[0,-96]],[[23302,14516],[0,96],[-97,0],[0,96],[0,96]],[[23205,14804],[97,0],[0,96],[0,96],[-97,0],[-97,0],[-96,0],[0,-96],[-97,0]],[[22915,14900],[0,96],[-97,0],[0,97],[0,96],[0,96],[97,0],[0,96],[0,96],[0,96],[-97,0],[0,96],[97,0],[97,0],[96,0],[0,97],[97,0],[97,0],[96,0],[0,96],[97,0],[0,96]],[[23495,15958],[97,0],[96,0],[97,0],[97,0],[97,0],[96,0],[0,96],[0,96],[0,96],[0,96],[0,96],[97,0],[0,-96],[97,0],[0,-96],[96,0],[0,-96],[97,0],[0,96],[0,96],[0,96],[97,0],[0,97],[96,0],[0,96],[97,0],[97,0],[96,0],[97,0],[0,-96],[0,-97],[97,0],[0,97],[96,0],[97,0],[0,96],[97,0],[97,0]],[[24559,15189],[-97,0],[0,-96],[97,0]],[[23205,15189],[97,0],[0,96],[-97,0],[0,-96]],[[12376,15958],[97,0],[0,96],[96,0],[0,96],[97,0],[0,96],[0,96]],[[12666,16342],[97,0],[96,0],[97,0],[0,96],[97,0],[97,0],[96,0],[0,97],[97,0],[97,0],[0,-97],[96,0],[0,97],[97,0],[97,0],[0,96],[96,0],[97,0],[97,0],[96,0],[0,96],[97,0],[97,0],[0,96],[96,0]],[[14406,16823],[97,0],[0,-96],[0,-96],[0,-96],[0,-97],[97,0],[0,-96],[-97,0],[0,-96],[97,0],[0,-96],[-97,0],[0,-96],[-97,0],[0,96],[-96,0],[0,-96],[0,-96],[0,-96],[96,0],[97,0],[0,-96],[97,0],[0,96],[0,96],[97,0],[0,96],[96,0],[0,96],[97,0],[97,0],[0,96],[0,96],[96,0],[0,96],[-96,0],[0,97],[-97,0],[-97,0],[-96,0],[0,96],[-97,0],[0,96],[0,96],[97,0],[0,96],[0,96],[0,96],[0,96],[96,0],[0,97],[0,96],[0,96],[0,96],[0,96]],[[14793,17688],[0,96],[97,0],[0,96],[0,97],[0,96],[97,0],[0,96]],[[14987,18169],[96,0]],[[15083,18169],[0,-96],[97,0]],[[15180,18073],[97,0],[96,0]],[[15373,18073],[0,-96],[0,-97],[97,0]],[[15470,17880],[97,0],[0,-96],[96,0],[97,0],[0,96],[97,0],[0,97],[96,0],[97,0],[0,96],[97,0],[0,96],[97,0],[96,0],[97,0]],[[16437,18169],[0,-96]],[[16437,18073],[0,-96],[0,-97],[0,-96],[0,-96],[97,0],[0,96],[0,96],[0,97],[0,96]],[[16534,18073],[0,96]],[[16534,18169],[96,0],[0,96],[97,0],[97,0],[96,0],[97,0],[0,-96],[97,0]],[[17114,18169],[0,-96]],[[17114,18073],[0,-96],[96,0],[97,0],[97,0]],[[17404,17977],[96,0]],[[17500,17977],[0,-97],[0,-96],[0,-96],[97,0],[0,-96],[0,-96],[97,0],[0,-96],[0,-96],[97,0],[0,-97],[0,-96],[0,-96],[96,0],[0,-96],[0,-96],[0,-96],[97,0],[0,-96],[0,-96],[97,0],[96,0],[0,-97],[97,0]],[[18274,16150],[-97,0],[0,-96]],[[17694,14420],[-97,0],[0,-96],[0,-97]],[[17404,14227],[-97,0],[0,-96]],[[15083,15573],[97,0],[0,96],[-97,0],[0,-96]],[[16050,15766],[97,0],[97,0],[0,96],[96,0],[0,96],[97,0],[0,96],[-97,0],[-96,0],[0,96],[0,96],[-97,0],[0,-96],[-97,0],[0,-96],[-97,0],[0,-96],[97,0],[97,0],[0,-96],[-97,0],[0,-96]],[[12569,16342],[0,96],[97,0],[0,-96]],[[12666,16342],[-97,0]],[[15083,16823],[97,0],[0,96],[0,96],[-97,0],[0,-96],[0,-96]],[[17017,17400],[97,0],[0,96],[-97,0],[0,-96]],[[21465,13939],[-97,0],[-97,0],[-96,0],[-97,0],[-97,0],[0,96],[0,96],[0,96],[-96,0],[0,97],[0,96],[-97,0],[0,-96],[0,-97],[0,-96],[97,0],[0,-96],[0,-96],[0,-96]],[[19918,15669],[0,97],[0,96],[0,96],[-97,0]],[[19434,19419],[97,0],[97,0],[96,0],[0,96],[0,96],[97,0],[0,96],[97,0],[96,0],[0,-96],[97,0],[0,96],[0,96],[0,96],[97,0],[96,0],[97,0],[0,96],[97,0],[96,0],[97,0],[0,96],[97,0],[97,0],[0,97],[96,0],[97,0],[0,-97],[97,0]],[[21175,20091],[96,0],[97,0],[0,-96],[97,0],[0,-96],[96,0],[0,-96],[97,0],[97,0],[0,-96],[0,-96],[0,-96],[0,-96],[96,0],[0,-97],[0,-96],[0,-96],[97,0],[97,0],[96,0],[0,96],[97,0],[97,0]],[[22335,19226],[97,0],[0,-96],[0,-96],[0,-96],[96,0],[0,96],[0,96],[0,96],[0,96],[0,97]],[[22528,19419],[0,96],[97,0],[97,0],[0,96],[96,0]],[[22818,19611],[97,0],[0,-96],[0,-96],[0,-97],[97,0],[0,-96],[96,0],[97,0],[0,-96],[0,-96],[0,-96],[0,-96]],[[23205,18842],[-97,0],[-96,0],[0,-96],[0,-97],[0,-96],[96,0]],[[23108,18553],[97,0],[97,0],[0,-96],[0,-96],[0,-96],[0,-96],[0,-96],[96,0],[0,96],[97,0],[97,0],[0,-96],[96,0],[0,-96],[97,0],[0,-97],[0,-96],[0,-96],[0,-96],[0,-96],[0,-96],[0,-96],[-97,0],[0,-97],[-96,0],[0,-96],[0,-96],[-97,0],[-97,0],[0,96],[-96,0],[0,-96],[-97,0],[0,-96],[97,0],[96,0],[0,-96],[0,-96],[0,-96],[0,-96],[0,-97],[0,-96],[97,0],[0,-96],[0,-96],[0,-96],[0,-96]],[[22915,14900],[0,-96],[97,0],[0,-96],[96,0],[0,96],[97,0]],[[21175,15958],[96,0],[97,0],[97,0],[0,96],[0,96],[0,96],[0,96],[96,0],[0,96],[0,97],[-96,0],[0,96],[-97,0],[0,96],[0,96],[0,96]],[[21368,16919],[97,0],[0,96],[-97,0],[0,-96]],[[21368,16919],[-97,0],[-96,0],[0,-96],[-97,0],[0,-96],[0,-96],[0,-96],[0,-97],[97,0],[0,-96],[0,-96],[96,0],[0,-96],[-96,0]],[[21175,16150],[-97,0],[0,-96],[97,0]],[[21175,16054],[0,-96]],[[20788,17304],[97,0],[0,96],[-97,0],[0,-96]],[[21175,17400],[96,0],[0,96],[97,0],[0,96],[-97,0],[-96,0],[0,-96],[0,-96]],[[22045,17592],[96,0],[97,0],[0,96],[-97,0],[-96,0],[0,-96]],[[21851,18361],[97,0],[0,96],[-97,0],[0,-96]],[[31037,13939],[0,96]],[[30650,14324],[0,-97]],[[30457,14035],[-97,0]],[[31423,15189],[0,96],[0,96],[97,0],[0,96],[0,96],[97,0],[0,96],[0,97],[97,0],[0,96],[0,96],[96,0],[0,96],[0,96],[0,96],[97,0],[0,96],[0,96],[97,0],[0,97],[0,96],[96,0],[97,0],[97,0],[96,0],[97,0],[0,96],[0,96],[97,0],[0,96],[0,96],[0,96],[0,96],[0,97],[96,0],[0,96],[0,96],[97,0],[0,96],[0,96],[0,96],[97,0],[0,96],[97,0],[0,97],[0,96],[96,0],[0,96],[0,96],[0,96],[0,96],[97,0],[0,96],[0,96],[97,0],[0,97],[0,96],[96,0],[0,96],[97,0],[0,96],[0,96],[0,96],[0,96],[97,0],[0,97],[0,96],[0,96],[96,0],[0,96],[-96,0],[0,96],[0,96],[-97,0],[0,96],[0,96],[97,0],[96,0],[0,97],[97,0],[0,96],[0,96],[97,0],[0,96],[-97,0],[0,96],[0,96],[0,96],[0,96],[0,97],[0,96],[97,0],[0,96],[96,0],[0,96],[0,96],[97,0],[0,96],[0,96],[97,0],[0,97],[96,0],[0,96],[97,0],[0,96],[97,0],[0,96],[97,0],[96,0],[97,0],[0,-96]],[[34711,21822],[-97,0],[0,-96],[0,-96],[97,0],[0,96],[0,96]],[[34711,21822],[97,0],[0,-96],[96,0],[0,-96],[0,-97],[0,-96],[0,-96],[97,0],[0,-96],[-97,0],[-96,0],[0,-96],[-97,0],[-97,0],[0,-96],[0,-96],[-96,0],[0,-97],[0,-96],[-97,0],[0,-96],[97,0],[0,-96],[96,0],[0,-96],[0,-96],[0,-96],[0,-96],[0,-97],[-96,0],[0,-96],[96,0],[0,-96],[0,-96],[0,-96],[-96,0],[-97,0],[0,-96],[0,-96],[0,-96],[-97,0],[0,-97],[0,-96],[-97,0],[0,-96],[0,-96],[-96,0],[0,-96],[0,-96],[0,-96],[-97,0],[0,-97],[0,-96],[0,-96],[-97,0],[0,-96],[0,-96],[-96,0],[-97,0],[0,-96],[0,-96],[97,0],[0,-96],[0,-97],[-97,0],[0,-96],[0,-96],[-97,0],[-96,0],[0,-96],[0,-96],[0,-96],[96,0],[0,-96],[0,-97],[0,-96],[0,-96],[0,-96],[-96,0],[0,-96],[0,-96],[-97,0],[0,-96],[0,-96],[0,-97],[0,-96],[0,-96],[0,-96],[0,-96],[-97,0],[0,-96],[0,-96],[-96,0],[-97,0],[0,-96],[-97,0],[0,-97],[-96,0],[0,-96],[0,-96],[0,-96],[0,-96],[-97,0],[0,-96],[0,-96],[0,-97],[0,-96],[0,-96],[-97,0],[0,-96],[0,-96],[0,-96],[0,-96],[0,-96],[-97,0],[0,-97]],[[8315,15573],[0,96],[0,97],[-97,0],[0,96],[0,96],[97,0],[0,96],[-97,0],[0,96],[-96,0],[0,96],[-97,0],[-97,0],[0,96],[0,96],[0,97]],[[7928,16535],[97,0],[0,96],[0,96],[97,0],[0,96],[-97,0],[-97,0],[0,96],[-96,0],[0,96],[96,0],[0,96],[0,96],[-96,0],[-97,0],[0,-96],[-97,0],[-96,0],[0,-96],[0,-96],[0,-96],[96,0],[97,0],[0,-96]],[[7735,16727],[-97,0],[-96,0],[-97,0],[0,96],[-97,0],[-96,0],[0,96],[-97,0],[0,96],[-97,0],[0,96],[-96,0],[-97,0],[0,96],[-97,0],[0,97],[97,0],[0,96],[-97,0],[0,96],[0,96],[0,96],[97,0],[0,96],[0,96]],[[6865,17880],[97,0],[0,97],[96,0],[97,0],[97,0],[0,96],[96,0],[97,0],[97,0],[0,96],[96,0],[0,-96],[97,0],[0,-96],[97,0],[96,0],[97,0],[0,96],[0,96],[97,0],[96,0],[97,0],[97,0],[0,96],[0,96],[-97,0],[0,96],[-97,0],[0,96],[97,0],[0,96],[0,97],[0,96],[-97,0],[0,96],[0,96],[0,96],[0,96],[97,0],[0,96],[97,0],[0,97],[97,0],[0,96],[0,96],[96,0],[0,96],[97,0],[0,96],[-97,0],[0,96],[0,96],[0,96],[0,97],[0,96],[0,96],[97,0],[97,0],[0,96],[96,0],[97,0],[0,96],[97,0],[0,96],[96,0],[0,96],[97,0],[97,0],[0,96]],[[9379,20860],[96,0],[0,97],[0,96],[97,0],[0,96],[97,0]],[[9669,21149],[0,-96],[96,0],[0,-96],[0,-97],[97,0],[0,-96],[97,0],[97,0],[0,96],[96,0],[0,-96],[97,0],[97,0],[0,-96],[0,-96],[96,0],[0,-96],[0,-96],[-96,0],[0,-96],[-97,0],[0,-96],[0,-97],[0,-96],[0,-96],[0,-96],[97,0],[96,0],[97,0],[97,0],[96,0],[97,0],[97,0],[0,-96],[-97,0],[0,-96],[97,0],[0,-96],[96,0],[0,-96],[97,0],[0,96],[97,0],[0,96],[96,0],[0,-96],[0,-96]],[[11312,19419],[0,-97],[-96,0],[0,-96],[0,-96],[0,-96],[0,-96]],[[11216,18938],[-97,0],[0,-96],[-97,0],[-96,0],[0,-96],[-97,0],[0,-97],[0,-96],[0,-96],[0,-96],[-97,0],[-96,0],[-97,0],[0,96],[-97,0],[0,-96],[-96,0],[0,96],[0,96],[-97,0],[0,-96],[-97,0],[0,-96],[0,-96],[0,-96],[-96,0],[0,-96],[-97,0],[0,96],[-97,0],[0,-96],[-97,0],[0,-96],[-96,0],[0,-97],[0,-96],[0,-96],[0,-96],[96,0],[97,0],[97,0],[0,-96],[0,-96],[97,0],[0,96],[96,0],[0,-96],[0,-96]],[[7832,16535],[-97,0],[0,96],[0,96]],[[7735,16727],[97,0],[0,-96],[96,0],[0,-96]],[[7928,16535],[-96,0]],[[11216,18938],[0,-96],[0,-96],[0,-97],[96,0],[0,-96],[97,0],[0,-96],[0,-96],[0,-96],[0,-96],[97,0],[0,96],[97,0],[96,0],[0,96],[97,0],[0,96],[0,96],[97,0],[0,96],[96,0],[0,97],[97,0],[0,96],[97,0],[96,0],[97,0],[0,96],[97,0],[96,0],[97,0],[0,96],[97,0],[96,0],[97,0],[97,0],[97,0],[96,0],[0,-96],[97,0],[97,0],[96,0],[0,96],[97,0],[0,-96],[0,-96],[0,-96],[97,0],[96,0],[0,-97],[97,0],[97,0],[0,-96],[96,0],[0,-96],[97,0],[0,-96],[0,-96],[0,-96],[0,-96],[0,-96],[0,-97],[97,0],[0,-96],[96,0],[0,-96],[97,0],[0,-96],[97,0]],[[14600,17592],[0,-96],[0,-96],[0,-96],[0,-97],[-97,0],[0,-96],[0,-96],[-97,0]],[[14406,17015],[0,96],[-96,0],[0,-96],[96,0]],[[14406,17015],[0,-96],[0,-96]],[[13730,16727],[96,0],[0,96],[-96,0],[0,-96]],[[21175,16054],[0,96]],[[23108,18553],[0,96],[0,97],[97,0],[0,96]],[[22818,19611],[0,96],[97,0],[0,96],[97,0],[96,0],[97,0],[0,-96],[0,-96],[97,0],[0,96],[0,96],[0,96],[0,96],[0,96],[-97,0],[0,97],[0,96],[97,0],[0,-96],[96,0],[97,0],[0,-97],[0,-96],[97,0],[96,0],[0,96],[97,0],[97,0],[97,0],[96,0],[97,0],[97,0],[96,0],[0,97],[97,0],[97,0],[96,0],[97,0],[0,-97],[97,0],[96,0],[0,-96],[97,0],[97,0],[96,0],[97,0],[0,-96],[97,0]],[[25429,19899],[0,-96],[97,0]],[[25526,19803],[96,0],[0,-96],[97,0],[0,-96],[0,-96],[0,-96],[0,-97],[97,0],[96,0],[0,-96],[0,-96],[97,0],[97,0],[96,0],[0,-96],[0,-96],[0,-96],[97,0],[0,-96],[97,0],[0,-97],[96,0],[0,-96],[97,0],[97,0],[0,-96]],[[17500,17977],[0,96],[0,96],[-96,0],[0,-96],[0,-96]],[[17114,18073],[96,0],[0,96],[-96,0]],[[16534,18169],[0,96],[-97,0],[0,-96]],[[15470,17880],[0,97],[0,96],[-97,0]],[[15180,18073],[0,96],[-97,0]],[[15083,18169],[0,96],[0,96],[97,0],[0,96],[-97,0]],[[15083,18457],[0,96],[0,96],[-96,0],[0,97],[-97,0],[0,96],[0,96],[0,96],[97,0],[0,96],[0,96],[0,96],[-97,0],[-97,0],[-96,0],[-97,0],[0,97],[0,96],[-97,0],[0,96],[0,96],[97,0],[0,96],[97,0],[0,96],[-97,0],[0,96],[0,96],[0,97],[0,96],[0,96],[0,96],[97,0],[96,0],[0,-96],[97,0]],[[14890,20380],[97,0],[96,0],[97,0],[0,-96],[97,0],[96,0],[97,0],[97,0],[96,0],[0,96],[0,96],[0,96],[97,0],[0,96],[97,0],[0,96],[96,0],[0,96],[97,0],[0,-96],[0,-96],[97,0],[0,-96],[97,0],[96,0],[0,-96],[97,0],[97,0],[0,96],[0,96],[96,0],[0,96],[97,0],[97,0],[96,0],[0,96],[0,97]],[[16920,20957],[0,96],[97,0],[0,96],[0,96],[97,0],[96,0],[0,-96],[-96,0],[0,-96],[0,-96],[96,0],[0,96],[97,0],[97,0],[0,96],[96,0],[97,0],[97,0],[97,0],[96,0],[0,96],[97,0],[0,-96],[0,-96],[97,0],[96,0],[0,96],[0,96],[0,96],[0,96],[97,0],[0,96],[97,0],[0,97],[96,0],[97,0],[0,96],[0,96],[97,0],[96,0]],[[18757,21822],[0,-96],[0,-96],[97,0],[0,-97],[0,-96],[0,-96],[0,-96],[0,-96],[97,0],[0,-96],[96,0],[0,-96]],[[19047,20957],[-96,0],[0,-97],[96,0],[0,97]],[[19047,20957],[97,0],[0,-97],[0,-96],[0,-96],[0,-96],[0,-96],[-97,0],[0,-96],[0,-96],[0,-96],[0,-97],[0,-96],[-96,0],[0,-96],[0,-96],[0,-96],[-97,0],[0,-96],[0,-96],[97,0],[0,-96]],[[18951,19419],[-97,0],[0,-97]],[[18661,18649],[0,-96]],[[16437,18169],[97,0]],[[16534,18073],[-97,0]],[[17114,18265],[96,0],[0,96]],[[17210,18361],[97,0],[0,96],[0,96],[-97,0],[0,-96],[0,-96]],[[17210,18361],[-96,0],[0,-96]],[[17500,18265],[97,0],[0,96],[-97,0],[0,-96]],[[16630,18457],[97,0],[0,96],[0,96],[-97,0],[0,-96],[0,-96]],[[16630,18842],[97,0],[97,0],[0,96],[0,96],[0,96],[-97,0],[0,-96],[0,-96],[-97,0],[0,-96]],[[16824,19322],[96,0],[0,97],[-96,0],[0,-97]],[[14793,19419],[97,0],[0,96],[-97,0],[0,-96]],[[16630,19611],[97,0],[97,0],[96,0],[97,0],[0,96],[97,0],[0,96],[-97,0],[0,96],[-97,0],[0,-96],[-96,0],[0,96],[-97,0],[-97,0],[0,-96],[0,-96],[0,-96]],[[17500,19611],[97,0],[0,96],[-97,0],[0,-96]],[[18564,20091],[97,0],[0,97],[0,96],[0,96],[0,96],[96,0]],[[18757,20476],[0,-96],[97,0],[0,96],[-97,0]],[[18757,20476],[0,96],[0,96],[-96,0],[0,96],[0,96],[0,97],[-97,0],[0,-97],[-97,0],[0,-96],[97,0],[0,-96],[0,-96],[0,-96],[0,-96],[0,-96],[0,-96],[0,-97]],[[18757,20188],[97,0],[0,96],[-97,0],[0,-96]],[[29393,17592],[97,0],[96,0],[97,0],[0,-96],[97,0],[0,96],[0,96],[0,96],[0,96],[0,97],[0,96],[0,96],[96,0],[0,96],[-96,0],[0,96],[-97,0],[0,96],[-97,0],[0,96],[-96,0],[0,96],[-97,0],[0,97],[-97,0],[0,96],[-96,0],[0,96],[-97,0],[0,96],[-97,0],[0,96],[97,0],[0,96],[0,96],[97,0],[0,97],[0,96],[0,96],[0,96],[0,96],[0,96],[0,96],[0,96],[0,97],[0,96]],[[29200,20284],[96,0],[0,-96],[97,0],[97,0],[0,96],[96,0],[97,0],[97,0],[0,96],[96,0],[97,0],[97,0],[97,0],[0,-96],[0,-96],[96,0],[0,-97],[0,-96],[97,0],[0,-96],[0,-96],[97,0],[96,0],[97,0],[0,-96],[97,0],[0,-96],[96,0],[0,-96],[0,-96],[0,-97],[97,0],[97,0],[0,-96],[0,-96],[96,0],[0,96],[97,0]],[[31230,19226],[97,0],[0,-96],[96,0],[97,0],[0,-96],[0,-96],[97,0]],[[31617,18938],[0,-96],[97,0]],[[31714,18842],[0,-96],[0,-97],[0,-96],[0,-96],[0,-96],[0,-96],[-97,0],[0,-96],[-97,0],[-97,0],[0,-96],[-96,0],[0,-96],[96,0],[0,-97],[97,0],[0,-96],[-97,0],[0,-96],[-96,0],[0,96],[-97,0],[-97,0],[0,-96],[0,-96],[97,0],[0,-96],[0,-96],[-97,0],[0,-96],[0,-97],[0,-96],[0,-96],[0,-96],[-96,0],[0,-96],[0,-96],[0,-96],[-97,0]],[[30940,17496],[97,0],[0,96],[-97,0],[0,-96]],[[31327,18361],[96,0],[0,96],[-96,0],[0,-96]],[[31714,18842],[0,96],[-97,0]],[[31617,18938],[0,96],[0,96],[97,0],[96,0],[97,0],[0,-96],[97,0],[0,-96],[96,0],[0,-96],[-96,0],[-97,0],[-97,0],[-96,0]],[[40899,17111],[-97,0],[0,96],[0,97],[0,96],[0,96],[97,0],[0,96],[0,96],[97,0],[0,96],[0,96],[96,0],[0,97],[97,0],[0,96],[0,96],[0,96],[0,96],[0,96],[0,96],[97,0],[96,0],[97,0],[97,0],[0,96],[96,0],[0,97],[0,96],[0,96],[0,96],[-96,0],[0,-96],[-97,0],[0,-96],[-97,0],[0,-96],[-96,0],[-97,0],[0,96],[-97,0],[0,96],[0,96],[97,0],[0,96],[0,96],[0,96],[0,97],[0,96],[0,96],[-97,0],[-96,0],[-97,0],[0,96],[0,96],[-97,0],[0,96],[0,96],[0,96],[0,97],[0,96],[0,96],[0,96],[0,96],[0,96],[-96,0],[0,96],[-97,0],[-97,0],[0,96],[-97,0],[0,97],[0,96],[0,96],[0,96],[97,0],[0,96],[97,0],[0,96],[97,0],[0,96],[96,0],[0,97],[0,96],[0,96],[0,96],[0,96],[0,96],[0,96],[97,0],[0,96],[-97,0],[0,97],[0,96],[-96,0],[0,96],[-97,0],[0,96],[0,96],[-97,0],[0,96],[0,96],[0,97],[0,96],[0,96],[0,96],[0,96],[-97,0],[0,96],[0,96],[0,96],[-96,0],[0,97],[0,96],[96,0],[0,96],[97,0],[0,96],[0,96],[97,0],[0,96],[0,96],[97,0],[0,96],[96,0],[0,97],[97,0],[97,0],[0,96],[96,0],[0,96],[97,0],[0,96],[97,0]],[[41286,24898],[0,-96],[96,0],[0,-96],[97,0],[0,-96],[97,0],[0,96],[96,0],[0,96],[-96,0],[0,96],[96,0],[0,96],[0,96],[-96,0],[0,96],[-97,0]],[[41479,25186],[0,97],[0,96],[97,0],[0,96],[96,0],[0,96],[0,96],[97,0],[0,96],[0,96],[0,96],[97,0],[0,97],[96,0],[0,96],[0,96],[0,96],[0,96],[97,0],[0,96],[0,96],[0,96],[97,0],[0,97],[0,96],[97,0],[0,96],[0,96],[96,0],[97,0],[0,96],[97,0],[96,0],[97,0],[0,96],[97,0],[0,96],[96,0],[0,-96],[97,0],[0,96],[97,0],[0,97],[0,96],[0,96],[0,96],[0,96],[96,0],[97,0],[0,96],[97,0],[0,96],[96,0],[0,96],[97,0],[0,97],[97,0],[97,0],[96,0],[97,0],[0,-97],[0,-96],[97,0],[0,-96],[0,-96],[0,-96],[96,0],[0,-96],[0,-96],[0,-96],[97,0],[0,96],[0,96],[0,96],[97,0],[0,96],[0,96],[0,96],[0,96],[0,97],[96,0],[97,0],[0,96],[97,0],[96,0],[97,0],[97,0],[0,-96],[96,0],[97,0],[97,0],[97,0],[96,0],[97,0],[0,96],[97,0],[0,96],[96,0],[0,96],[0,96],[0,96],[0,96],[97,0],[0,97],[0,96],[97,0],[96,0],[97,0],[0,96],[97,0],[0,96],[96,0],[97,0],[0,-96],[97,0],[0,96],[96,0],[97,0],[0,-96],[0,-96],[0,-96],[97,0],[0,96],[97,0],[96,0],[0,96],[97,0],[97,0],[0,-96],[96,0],[0,-96],[97,0],[0,-97],[0,-96],[-97,0],[0,-96],[-96,0],[0,-96],[-97,0],[-97,0],[-96,0],[0,96],[-97,0],[-97,0],[0,-96],[-97,0],[0,-96],[-96,0],[0,-96],[-97,0],[-97,0],[-96,0],[0,-96],[0,-97],[96,0],[0,-96],[97,0],[0,-96],[0,-96],[-97,0],[0,-96],[-96,0],[0,-96],[0,-96],[0,-96],[-97,0],[0,-97],[-97,0]],[[46023,27397],[0,97],[-96,0],[0,-97],[96,0]],[[46023,27397],[0,-96],[0,-96],[0,-96],[-96,0],[-97,0],[0,96],[0,96],[-97,0],[-96,0],[-97,0],[0,-96],[0,-96],[0,-96],[0,-96],[97,0],[0,-96],[0,-97],[0,-96],[0,-96],[0,-96],[0,-96],[-97,0],[0,-96],[-97,0],[0,96],[0,96],[0,96],[0,96],[-96,0],[-97,0],[0,-96],[0,-96],[0,-96],[0,-96],[0,-96],[0,-96],[-97,0],[-97,0],[0,-97],[-96,0],[-97,0],[0,97],[-97,0],[-96,0],[-97,0],[-97,0],[0,96],[0,96],[-96,0],[0,-96],[0,-96],[0,-97],[0,-96],[0,-96],[0,-96],[0,-96],[0,-96],[0,-96],[0,-96],[-97,0],[0,-97],[0,-96],[0,-96],[-97,0],[0,-96],[97,0],[97,0],[96,0],[0,-96],[0,-96],[0,-96],[0,-97],[0,-96],[0,-96],[0,-96],[0,-96],[-96,0],[0,-96],[0,-96],[-97,0],[0,-96],[0,-97],[0,-96],[97,0],[0,-96],[0,-96],[96,0],[0,-96],[0,-96],[0,-96],[97,0],[0,-96],[97,0],[96,0],[0,96],[97,0],[97,0],[96,0],[0,-96],[97,0],[0,-97],[97,0],[0,-96],[0,-96],[0,-96],[0,-96],[-97,0],[0,-96],[-97,0],[0,-96],[-96,0],[-97,0],[-97,0],[-96,0],[0,-97],[-97,0],[0,-96],[-97,0],[-96,0],[-97,0],[0,-96],[0,-96],[-97,0],[0,-96],[-96,0],[0,-96],[0,-96],[-97,0],[-97,0],[0,-96],[0,-97],[-96,0],[0,-96],[0,-96],[96,0],[97,0],[97,0],[0,-96],[96,0],[0,-96],[0,-96],[-96,0],[0,-96],[0,-97],[0,-96],[0,-96],[-97,0],[0,-96],[-97,0],[0,96],[-96,0],[0,-96],[-97,0],[-97,0],[-97,0],[-96,0],[-97,0],[0,-96],[0,-96],[0,-96],[-97,0],[-96,0],[0,-96],[-97,0],[0,-97],[-97,0],[-96,0],[0,-96],[0,-96],[-97,0],[-97,0],[0,-96],[-96,0],[-97,0],[0,-96],[-97,0],[0,-96],[97,0],[97,0],[96,0],[0,-96],[0,-96],[0,-97],[-96,0],[0,97],[-97,0],[0,-97],[-97,0],[0,-96],[-96,0],[0,-96],[-97,0],[0,-96],[0,-96],[-97,0],[0,-96],[97,0],[0,-96],[0,-97],[0,-96],[-97,0],[0,-96],[0,-96],[97,0],[97,0],[96,0],[0,-96],[97,0],[0,-96],[0,-96],[-97,0],[-96,0],[0,-96],[-97,0],[0,-97],[-97,0],[0,-96],[-97,0],[0,-96],[0,-96],[0,-96],[-96,0],[0,-96],[-97,0],[-97,0],[-96,0],[0,-96],[-97,0],[0,-97],[-97,0],[0,-96],[-96,0],[-97,0],[-97,0],[-96,0],[-97,0]],[[41286,24898],[0,96],[0,96],[96,0]],[[41382,25090],[0,-96],[0,-96],[-96,0]],[[41382,25090],[0,96],[97,0]],[[41479,25186],[0,-96],[-97,0]],[[43316,26052],[97,0],[0,96],[-97,0],[0,-96]],[[44863,26724],[97,0],[0,97],[-97,0],[0,-97]],[[45540,27782],[97,0],[96,0],[0,96],[0,96],[-96,0],[-97,0],[0,-96],[0,-96]],[[44863,27878],[97,0],[0,96],[0,96],[-97,0],[0,-96],[0,-96]],[[46313,32685],[-96,0],[0,96],[0,96],[0,96],[-97,0],[0,96],[-97,0],[0,96],[0,96],[-96,0],[0,97],[0,96],[96,0],[97,0],[97,0],[96,0],[97,0],[97,0],[0,-96],[96,0],[97,0],[0,-97],[97,0],[97,0],[0,-96],[0,-96],[0,-96],[-97,0],[0,-96],[0,-96],[-97,0],[-97,0],[0,-96],[-96,0],[-97,0],[-97,0]],[[25526,19803],[0,96],[96,0],[0,96],[0,96],[97,0],[0,-96],[97,0],[0,96],[96,0],[0,97],[97,0],[0,96],[97,0],[0,96],[96,0],[0,-96],[97,0],[0,-96],[97,0],[96,0],[0,96],[97,0],[0,-96],[97,0],[96,0],[0,-97],[97,0],[0,-96],[0,-96],[97,0],[0,96],[0,96],[97,0],[0,97],[0,96],[96,0],[0,96],[97,0],[97,0],[96,0],[0,96],[97,0],[97,0],[96,0],[97,0],[0,-96],[97,0],[0,96],[96,0],[0,-96],[97,0],[0,96],[97,0],[96,0],[0,96],[97,0],[97,0]],[[28523,20572],[97,0],[0,-96],[96,0],[97,0],[97,0],[0,96],[96,0],[97,0],[97,0],[96,0],[0,-96],[-96,0],[0,-96],[0,-96]],[[11312,19419],[97,0],[0,96],[97,0],[0,96],[0,96],[97,0],[0,96]],[[11603,19803],[96,0],[0,96]],[[11699,19899],[0,96],[0,96],[97,0],[0,97],[97,0],[0,96],[0,96],[0,96],[0,96],[96,0],[97,0],[0,96],[97,0],[0,-96],[96,0],[97,0],[0,96],[0,96],[0,96],[97,0],[0,97],[0,96],[0,96]],[[12473,21149],[96,0],[0,96],[97,0],[97,0],[96,0],[97,0],[0,96],[0,96],[97,0],[97,0],[0,96],[96,0],[97,0],[0,97],[0,96],[0,96],[97,0],[96,0],[0,96],[0,96],[97,0],[97,0],[0,96],[96,0],[0,96],[-96,0],[0,96],[96,0],[0,97],[97,0],[0,96],[97,0],[0,96],[0,96],[96,0],[0,96],[0,96],[97,0],[0,96],[97,0],[0,97],[0,96],[0,96],[96,0],[0,96],[97,0],[0,96],[97,0],[97,0],[0,96],[0,96],[96,0],[0,96]],[[14793,23744],[97,0],[97,0],[0,97],[96,0],[97,0],[0,-97],[97,0],[96,0],[0,97],[0,96],[97,0],[97,0],[0,96],[0,96],[0,96],[-97,0],[0,96],[97,0],[96,0]],[[15663,24321],[0,-96],[97,0],[0,-96],[97,0],[0,-96],[0,-96],[96,0],[97,0],[0,-96],[-97,0],[0,-97],[0,-96],[97,0],[0,-96],[0,-96],[0,-96],[0,-96],[0,-96],[0,-96],[0,-97],[0,-96],[0,-96]],[[16050,22783],[-97,0],[-96,0],[-97,0],[0,96],[-97,0],[-96,0],[-97,0],[0,-96],[-97,0],[-96,0],[0,96],[0,96],[-97,0],[0,-96],[-97,0],[0,-96],[-96,0],[0,-96],[-97,0],[-97,0],[0,96],[0,96],[-96,0],[0,-96],[0,-96],[-97,0],[0,-96],[0,-96],[-97,0],[0,-96],[0,-97],[-97,0],[0,-96],[0,-96],[-96,0],[0,-96],[0,-96],[-97,0],[0,-96],[0,-96],[-97,0],[0,-96],[0,-97],[97,0],[97,0],[96,0],[97,0],[97,0],[0,-96],[97,0],[0,-96],[96,0],[0,-96],[0,-96],[0,-96],[0,-96],[97,0],[0,-97],[0,-96],[0,-96],[0,-96],[97,0],[0,-96],[-97,0],[0,-96]],[[15083,18457],[-96,0],[0,-96],[-97,0],[0,-96],[97,0],[0,-96]],[[14793,17688],[-96,0],[0,96],[-97,0],[0,-96],[0,-96]],[[13730,20860],[96,0],[97,0],[97,0],[0,97],[96,0],[0,96],[0,96],[-96,0],[-97,0],[-97,0],[0,-96],[0,-96],[-96,0],[0,-97]],[[6865,17880],[0,97],[0,96],[-97,0],[0,96],[0,96],[-97,0],[-96,0],[0,96],[-97,0],[0,96],[-97,0],[0,96],[0,96],[-96,0],[-97,0],[0,97],[0,96],[0,96],[0,96],[0,96],[0,96],[-97,0],[-96,0],[-97,0],[0,96],[0,97],[97,0],[0,96],[96,0],[0,96],[-96,0],[0,96],[96,0],[0,96],[-96,0],[0,96],[0,96],[-97,0],[-97,0],[0,96],[-96,0],[0,97],[96,0],[0,96],[-96,0],[-97,0],[0,96],[-97,0],[0,96],[-96,0],[0,96],[0,96],[0,96],[0,96],[96,0],[0,97],[0,96],[97,0],[0,96],[97,0],[96,0],[97,0],[0,96],[0,96]],[[5898,21341],[97,0],[0,96],[96,0],[97,0],[97,0],[96,0],[0,-96],[97,0],[0,-96],[97,0],[96,0],[0,96],[97,0],[97,0],[0,96],[0,96],[97,0],[0,97],[96,0]],[[7058,21630],[97,0],[0,96]],[[7155,21726],[97,0]],[[7252,21726],[0,-96],[0,-97],[96,0],[0,-96],[97,0],[0,-96],[0,-96],[0,-96],[0,-96],[0,-96],[0,-97],[97,0],[0,97],[96,0],[97,0],[0,96],[97,0],[96,0],[0,96],[97,0],[0,96],[0,96],[97,0],[0,96],[96,0],[0,96],[97,0],[0,97],[97,0],[97,0],[96,0],[0,-97],[97,0],[97,0],[0,97],[96,0],[0,-97],[97,0],[0,-96],[97,0],[0,-96],[0,-96],[96,0],[0,-96],[97,0],[0,-96],[0,-96],[97,0],[0,-97]],[[6381,18842],[97,0],[0,96],[97,0],[0,96],[0,96],[96,0],[0,96],[0,96],[-96,0],[-97,0],[0,97],[97,0],[0,96],[96,0],[0,96],[-96,0],[-97,0]],[[6478,19611],[0,96],[-97,0],[0,-96],[97,0]],[[6478,19611],[0,-96],[-97,0],[0,-96],[0,-97],[-96,0],[0,-96],[0,-96],[0,-96],[0,-96],[96,0],[0,-96]],[[5995,20284],[96,0],[0,96],[-96,0],[0,-96]],[[5608,21245],[0,96],[97,0],[0,-96],[-97,0]],[[21175,20091],[0,97],[0,96],[0,96],[0,96],[0,96],[0,96],[96,0],[0,96],[0,96],[0,97],[0,96],[97,0],[0,96],[-97,0],[0,96],[97,0],[0,96],[0,96],[97,0],[0,96],[0,97],[-97,0],[0,96],[0,96],[0,96],[0,96]],[[21368,22014],[0,96],[0,96],[97,0],[0,96],[0,97],[0,96],[0,96],[0,96],[96,0],[0,96],[-96,0],[0,96],[0,96],[96,0],[0,97],[0,96]],[[21561,23168],[97,0],[0,96],[0,96],[0,96],[-97,0]],[[21561,23456],[0,96],[0,96],[0,96],[0,97],[0,96],[97,0],[0,96]],[[21658,24033],[97,0],[96,0],[97,0],[0,-96],[97,0],[0,-96],[96,0],[0,-97],[0,-96],[0,-96],[97,0],[0,-96],[97,0],[97,0],[96,0],[0,96],[97,0],[0,-96],[97,0],[0,-96],[96,0],[0,-96],[97,0],[97,0],[0,-96],[96,0],[97,0],[97,0],[0,96],[96,0],[97,0],[97,0],[0,96],[96,0],[97,0],[0,-96],[97,0],[97,0],[0,-96],[96,0],[97,0],[0,96],[97,0],[0,-96],[96,0],[0,-96],[97,0],[97,0],[96,0],[0,96],[97,0],[97,0],[96,0],[97,0],[0,96],[0,96],[97,0],[0,96],[96,0],[97,0],[0,96],[0,96],[0,96],[97,0],[97,0],[0,-96],[96,0],[97,0]],[[25719,23648],[0,-96],[97,0],[96,0],[97,0],[0,-96],[97,0],[0,-96],[0,-96],[0,-96],[96,0],[0,-96],[-96,0],[0,-97],[-97,0],[0,-96],[0,-96],[0,-96],[0,-96],[0,-96],[0,-96],[-97,0],[0,96],[-96,0],[0,96],[-97,0],[0,96],[-97,0],[-96,0],[0,-96],[-97,0],[-97,0],[0,-96],[0,-96],[0,-97],[0,-96],[0,-96],[97,0],[0,-96],[0,-96],[0,-96],[-97,0],[0,-96],[0,-96],[97,0],[0,-97],[0,-96],[0,-96],[0,-96],[0,-96],[0,-96],[-97,0],[-97,0],[0,-96],[-96,0],[0,-97],[96,0],[0,-96],[0,-96],[-96,0],[0,-96],[96,0],[0,-96],[0,-96],[97,0],[97,0],[0,-96],[97,0],[0,-96],[0,-97],[-97,0],[0,-96],[0,-96]],[[22528,19419],[-96,0],[0,-97],[-97,0],[0,-96]],[[22722,22014],[96,0],[97,0],[0,96]],[[22915,22110],[97,0],[0,96],[0,96],[0,97],[-97,0],[0,96],[-97,0],[0,-96],[-96,0],[0,-97],[0,-96],[0,-96],[0,-96]],[[22818,22110],[0,96],[97,0],[0,-96]],[[22915,22110],[-97,0]],[[28523,20572],[0,96],[0,96],[0,96],[0,97],[0,96],[0,96],[0,96],[0,96],[0,96],[0,96],[0,97],[0,96],[0,96],[-97,0],[0,96],[0,96],[-97,0],[0,96],[-96,0],[0,96],[-97,0],[0,96],[97,0],[0,97],[96,0],[97,0],[97,0],[0,-97],[97,0],[0,-96],[96,0],[0,-96],[97,0],[97,0],[0,96],[0,96],[96,0],[0,97],[0,96],[0,96],[97,0],[0,96],[97,0],[0,-96],[96,0],[0,96],[0,96],[0,96],[97,0],[0,96]],[[29393,22975],[97,0],[0,97],[96,0],[0,96],[97,0],[97,0],[96,0],[0,96],[97,0],[97,0],[0,96]],[[30070,23360],[97,0],[96,0],[97,0],[97,0],[96,0],[97,0],[97,0],[96,0],[0,96],[97,0],[0,96],[0,96],[0,96],[97,0],[0,97],[96,0],[0,96],[0,96],[97,0],[97,0],[96,0]],[[31423,24033],[0,-96],[97,0],[0,-96],[97,0],[97,0],[96,0]],[[31810,23841],[0,-97],[97,0]],[[31907,23744],[97,0],[96,0]],[[32100,23744],[0,-96],[97,0]],[[32197,23648],[0,-96],[0,-96],[-97,0],[-96,0],[0,-96],[96,0],[97,0],[97,0],[0,-96],[0,-96],[0,-96],[0,-97],[0,-96],[96,0],[0,-96],[0,-96],[97,0],[0,-96],[0,-96],[-97,0],[-96,0],[0,-96],[0,-97],[0,-96],[-97,0],[-97,0],[0,-96],[-96,0],[0,-96],[0,-96],[0,-96],[0,-96],[-97,0],[-97,0],[-96,0],[0,96],[-97,0],[-97,0],[0,-96],[97,0],[0,-96],[-97,0],[0,-97],[97,0],[0,-96],[0,-96],[0,-96],[97,0],[0,-96],[0,-96],[-97,0],[-97,0],[-97,0],[-96,0],[0,-96],[-97,0],[0,-97],[-97,0]],[[31133,20860],[0,97],[-96,0],[0,-97]],[[31037,20860],[-97,0],[-97,0],[0,-96],[-96,0],[-97,0],[-97,0],[0,-96],[-96,0],[0,-96],[96,0],[97,0],[97,0],[0,-96],[96,0],[97,0],[0,-96],[97,0],[0,96],[0,96],[0,96],[0,96],[0,96]],[[31037,20860],[96,0]],[[31133,20860],[0,-96],[0,-96],[0,-96],[97,0],[0,-96],[0,-96],[0,-96],[0,-96],[-97,0],[0,-97],[-96,0],[0,-96],[96,0],[0,-96],[-96,0],[0,-96],[0,-96],[0,-96],[0,-96],[96,0],[97,0],[0,-96],[0,-97],[0,-96]],[[31423,19322],[-96,0],[0,97],[0,96],[0,96],[0,96],[96,0],[0,96],[97,0],[97,0],[0,-96],[0,-96],[0,-96],[0,-96],[-97,0],[0,-97],[-97,0]],[[31810,20764],[0,96],[97,0],[0,-96],[-97,0]],[[32390,21341],[0,96],[97,0],[0,-96],[-97,0]],[[32487,23456],[0,96],[97,0],[0,-96],[-97,0]],[[32197,23648],[0,96],[97,0],[0,-96],[-97,0]],[[32100,23937],[0,96],[97,0],[0,-96]],[[32197,23937],[-97,0]],[[32584,23937],[0,96],[96,0],[0,-96],[-96,0]],[[32294,24033],[0,96],[96,0]],[[32390,24129],[0,-96],[-96,0]],[[18757,21822],[0,96],[0,96],[0,96],[0,96],[0,96],[0,97],[0,96],[97,0],[0,96],[0,96],[97,0],[96,0],[97,0],[0,96],[97,0],[0,96],[0,96]],[[19241,22975],[97,0],[96,0],[97,0],[97,0],[0,-96],[0,-96],[96,0],[97,0],[0,-96],[97,0],[0,-96],[96,0],[0,-96],[0,-96],[97,0],[97,0],[0,96],[96,0],[97,0],[0,96],[97,0],[0,96],[96,0],[0,96],[97,0],[0,-96],[97,0],[97,0],[0,-96],[96,0],[0,-96],[0,-96],[0,-97]],[[20981,22302],[0,-96],[97,0]],[[21078,22206],[0,-96],[0,-96],[97,0],[0,96],[96,0],[0,-96],[97,0]],[[9669,21149],[0,96],[0,96],[96,0],[0,96],[97,0],[97,0],[0,96],[0,97],[97,0],[0,96],[0,96],[0,96],[0,96],[0,96],[96,0],[0,96],[0,96],[0,97],[0,96],[0,96],[0,96],[0,96],[-96,0],[-97,0],[0,96],[0,96],[97,0],[0,97],[0,96],[96,0],[0,96],[0,96],[97,0],[0,96],[97,0],[0,96],[96,0],[0,96],[0,96],[97,0],[0,97],[0,96]],[[10539,23937],[97,0],[0,96]],[[10636,24033],[96,0],[97,0],[0,96],[97,0],[0,96],[96,0],[0,96],[97,0],[97,0],[0,96],[96,0],[0,96],[97,0],[0,97],[97,0],[0,96],[0,96],[97,0],[0,96],[-97,0],[0,96],[97,0],[96,0],[97,0],[0,96],[97,0],[96,0],[0,-96],[97,0],[0,-96],[0,-96]],[[12086,24802],[0,-96],[-97,0],[0,-96],[97,0],[0,-97],[0,-96],[-97,0],[0,-96],[-96,0],[0,-96],[0,-96],[-97,0],[0,-96],[0,-96],[-97,0],[0,-96],[0,-97],[0,-96],[97,0],[97,0],[0,-96],[96,0],[0,96],[97,0],[97,0],[96,0],[0,-96],[97,0],[0,-96],[97,0],[0,-96],[0,-96],[-97,0],[0,-96],[0,-96],[-97,0],[0,-97],[0,-96],[-96,0],[0,-96],[-97,0],[0,-96],[-97,0],[0,-96],[0,-96],[97,0],[97,0],[0,-96],[0,-97],[0,-96],[-97,0],[0,-96],[0,-96],[0,-96],[97,0],[0,-96],[96,0],[0,-96],[0,-96],[0,-97],[0,-96],[0,-96],[-96,0],[0,-96],[-97,0],[0,-96],[97,0],[0,-96],[96,0],[97,0],[0,96],[97,0]],[[11699,19899],[-96,0],[0,-96]],[[25719,23648],[97,0],[0,96],[96,0],[0,97],[97,0],[0,96],[0,96],[97,0],[96,0],[0,96]],[[26202,24129],[97,0],[97,0],[0,-96],[0,-96],[96,0],[97,0],[97,0],[96,0],[97,0],[0,-96],[97,0],[0,-97],[0,-96],[97,0],[0,-96],[0,-96],[96,0],[97,0],[0,96],[0,96],[97,0],[0,96],[96,0],[97,0],[97,0],[0,97],[96,0],[97,0],[97,0],[0,96],[96,0],[0,96],[97,0],[97,0],[0,-96],[96,0],[0,-96],[0,-97],[97,0],[0,-96],[0,-96],[97,0],[0,-96],[97,0],[96,0],[0,-96],[97,0],[97,0],[0,-96],[96,0],[0,-96],[97,0],[97,0],[96,0],[0,-96],[97,0],[0,-97]],[[27266,22879],[97,0],[0,96],[0,97],[96,0],[0,96],[-96,0],[-97,0],[0,-96],[-97,0],[0,-97],[97,0],[0,-96]],[[16050,22783],[0,-96],[0,-96],[0,-96],[0,-96],[0,-97],[-97,0],[0,-96],[0,-96],[97,0],[0,-96],[97,0],[0,-96],[0,-96],[97,0],[0,-96],[96,0],[0,96],[97,0],[97,0],[0,-96],[0,-96],[0,-97],[96,0],[97,0],[0,-96],[0,-96],[0,-96],[0,-96],[-97,0],[0,-96],[0,-96],[97,0],[97,0],[96,0]],[[16050,21533],[97,0],[0,97],[-97,0],[0,-97]],[[7252,21726],[0,96],[0,96],[0,96],[0,96],[96,0],[0,96],[0,96],[97,0],[0,97],[-97,0],[0,96],[0,96],[0,96],[-96,0],[0,96],[-97,0],[0,96],[-97,0],[-96,0],[0,96],[0,97]],[[6962,23072],[96,0],[0,96]],[[7058,23168],[0,96],[-96,0],[0,96],[0,96],[-97,0],[0,96],[0,96],[0,96],[97,0],[0,97],[0,96],[96,0],[0,96],[-96,0],[0,96],[0,96],[-97,0],[0,96],[-97,0],[0,96],[-97,0]],[[6671,24417],[0,96]],[[6671,24513],[97,0],[97,0],[0,97],[97,0],[0,96],[96,0],[0,96],[97,0],[97,0],[0,-96],[0,-96],[96,0],[97,0],[97,0],[0,-97],[96,0],[97,0],[97,0],[96,0],[0,97],[97,0],[97,0],[96,0],[97,0]],[[8315,24610],[97,0],[97,0],[96,0],[0,96],[97,0],[0,96],[97,0]],[[8799,24802],[96,0],[0,-96],[0,-96],[0,-97],[0,-96],[-96,0],[0,-96],[0,-96],[0,-96],[0,-96],[96,0],[97,0],[97,0],[96,0],[0,-96],[97,0],[97,0],[0,96],[96,0],[0,96],[97,0],[0,96],[97,0],[96,0],[0,-96],[97,0],[97,0],[0,-96],[97,0],[0,-96],[0,-96],[96,0],[97,0],[0,96],[97,0],[0,96],[96,0],[0,-96],[97,0]],[[8412,22302],[97,0],[0,97],[-97,0],[0,-97]],[[8799,22495],[96,0],[0,96],[-96,0],[0,-96]],[[8702,23072],[97,0],[0,96],[96,0],[0,96],[97,0]],[[8992,23264],[0,-96],[0,-96],[97,0],[96,0],[0,96],[-96,0],[0,96]],[[9089,23264],[96,0],[97,0],[0,96],[-97,0],[0,96],[97,0],[0,96],[-97,0],[-96,0],[0,-96],[-97,0],[-97,0],[0,-96],[-96,0],[0,-96],[-97,0],[-97,0],[0,-96],[97,0],[0,-96]],[[7155,23168],[97,0],[0,96]],[[7252,23264],[96,0],[0,96],[-96,0],[0,-96]],[[7252,23264],[-97,0],[0,-96]],[[8992,23264],[0,96],[97,0],[0,-96]],[[9089,23264],[-97,0]],[[10539,23937],[0,96],[97,0]],[[15663,24321],[0,96],[97,0],[97,0],[96,0],[0,-96],[97,0],[97,0],[97,0],[0,96],[96,0],[0,96],[97,0],[0,97],[0,96],[0,96],[97,0],[0,-96],[96,0],[0,-96],[0,-97],[97,0],[0,-96],[97,0],[96,0],[0,96],[97,0],[0,-96],[97,0],[0,-96],[96,0],[97,0],[97,0],[96,0],[0,96],[0,96],[97,0],[97,0],[0,97],[97,0],[0,-97],[0,-96],[96,0],[0,-96],[0,-96],[0,-96],[0,-96],[0,-96],[0,-96],[97,0],[0,-97],[-97,0],[0,-96],[97,0],[97,0],[0,96],[96,0],[97,0],[0,-96],[97,0],[0,-96],[96,0],[97,0]],[[18564,23552],[0,-96],[-97,0],[0,-96],[97,0],[97,0],[0,-96],[96,0],[97,0],[97,0],[0,-96],[96,0],[97,0],[0,-96],[0,-97],[97,0]],[[17307,22975],[97,0],[96,0],[0,97],[97,0],[0,96],[-97,0],[0,96],[-96,0],[0,-96],[-97,0],[0,-96],[0,-97]],[[16050,24033],[97,0],[0,96],[-97,0],[0,-96]],[[12086,24802],[97,0],[0,96],[96,0],[0,96],[97,0],[97,0],[96,0]],[[12569,24994],[97,0]],[[12666,24994],[0,-96],[0,-96],[0,-96],[97,0],[0,-96],[0,-97],[0,-96],[96,0],[0,96],[97,0],[97,0],[97,0],[0,-96],[96,0],[97,0],[97,0],[96,0],[97,0],[0,96],[0,97],[97,0],[0,96],[96,0],[0,96],[97,0],[0,96],[0,96],[97,0],[0,-96],[96,0],[97,0],[0,-96],[0,-96],[97,0],[96,0],[97,0],[0,96],[97,0],[0,96],[97,0],[0,96],[96,0],[97,0],[97,0],[0,96],[96,0]],[[15083,25090],[0,-96],[0,-96],[0,-96],[-96,0],[0,-96],[0,-96],[-97,0],[0,-97],[-97,0],[0,-96],[-96,0],[0,-96],[0,-96],[96,0],[0,-96],[0,-96],[0,-96],[0,-96],[0,-97]],[[5898,21341],[-97,0],[0,96],[0,96],[-96,0],[0,97],[0,96],[-97,0],[0,-96],[-97,0],[-96,0],[-97,0],[0,96],[0,96],[0,96],[97,0],[0,96],[0,96],[96,0],[97,0],[0,96]],[[5608,22206],[97,0],[0,96],[-97,0],[0,-96]],[[5608,22206],[-97,0],[-96,0],[0,96],[0,97],[0,96],[96,0],[97,0],[0,96],[0,96],[-97,0],[0,96],[-96,0],[-97,0]],[[5318,22783],[0,96],[0,96],[-97,0],[0,-96],[0,-96],[-97,0],[0,-96],[0,-96],[-96,0],[0,-96],[-97,0],[0,-96],[0,-97],[0,-96],[97,0],[0,-96],[96,0],[0,96],[0,96],[0,97],[97,0]],[[5221,22399],[0,-97],[0,-96],[0,-96],[0,-96],[-97,0],[0,-96],[0,-96],[-96,0],[0,-96],[-97,0],[0,96],[-97,0],[0,96],[-96,0],[0,-96],[-97,0],[0,96],[0,96],[-97,0],[0,96],[97,0],[0,96],[97,0],[0,96],[-97,0],[-97,0],[-96,0],[0,97],[0,96],[96,0],[0,96],[0,96],[-96,0],[0,96],[0,96],[0,96],[0,97],[0,96],[0,96],[0,96],[0,96],[96,0],[0,96],[0,96],[97,0],[0,96],[-97,0],[0,97]],[[4544,23841],[97,0],[97,0],[96,0],[0,96],[0,96],[0,96]],[[4834,24129],[97,0]],[[4931,24129],[97,0]],[[5028,24129],[0,-96],[96,0],[0,-96],[97,0],[97,0],[97,0],[0,96],[96,0],[97,0],[97,0],[96,0],[0,96],[97,0],[97,0],[96,0],[97,0],[97,0],[0,96],[96,0],[97,0],[0,96],[97,0],[0,96],[96,0]],[[7058,23168],[-96,0],[-97,0],[0,-96],[97,0]],[[7155,21726],[-97,0],[0,-96]],[[5221,22495],[0,96],[0,96],[97,0]],[[5318,22687],[0,-96],[0,-96],[-97,0]],[[6478,22975],[97,0],[96,0],[0,97],[-96,0],[-97,0],[0,-97]],[[5511,23072],[97,0],[0,96],[97,0],[0,96],[0,96],[0,96],[0,96],[-97,0],[0,96],[-97,0],[-96,0],[0,-96],[-97,0],[0,-96],[0,-96],[0,-96],[0,-96],[97,0],[96,0],[0,-96]],[[4544,23937],[0,96],[0,96]],[[4544,24129],[97,0]],[[4641,24129],[0,-96],[0,-96],[-97,0]],[[21078,22206],[0,96],[-97,0]],[[18564,23552],[97,0],[0,96],[0,96],[-97,0],[0,97],[0,96],[0,96],[0,96],[97,0],[96,0],[0,96],[97,0],[0,96],[-97,0],[0,96],[0,96],[97,0],[0,97],[0,96],[97,0],[0,96],[96,0],[97,0],[0,96],[-97,0],[0,96],[97,0],[0,96],[0,96],[97,0],[0,97],[0,96],[-97,0],[0,96],[97,0],[97,0],[0,96],[96,0],[0,-96],[97,0],[97,0],[0,96],[0,96],[96,0],[97,0],[97,0],[0,-96],[96,0],[0,96],[97,0],[97,0],[0,96],[96,0],[97,0],[0,96]],[[20401,25859],[97,0],[0,96],[96,0],[97,0],[0,97],[0,96],[97,0],[97,0],[0,96],[96,0],[0,96],[97,0],[97,0],[96,0],[97,0],[0,-96],[97,0],[96,0],[0,96],[97,0],[97,0],[0,96],[96,0],[97,0],[0,-96],[97,0],[96,0],[0,-96],[0,-96],[0,-96],[0,-97],[97,0],[0,-96],[0,-96]],[[22238,25763],[0,-96],[-97,0],[-96,0],[0,-96],[0,-96],[-97,0],[0,-96],[0,-96],[-97,0],[0,-97],[0,-96],[-96,0],[0,-96],[0,-96],[-97,0],[0,-96],[-97,0],[0,-96],[0,-96],[-96,0],[0,-97],[0,-96],[-97,0],[0,-96],[-97,0],[-96,0],[0,-96],[96,0],[0,-96],[97,0],[97,0],[0,-96],[96,0],[97,0]],[[21561,23456],[0,-96],[0,-96],[0,-96]],[[20594,24513],[97,0],[97,0],[97,0],[0,97],[0,96],[0,96],[-97,0],[0,96],[-97,0],[0,96],[-97,0],[0,-96],[0,-96],[-96,0],[0,-96],[0,-96],[96,0],[0,-97]],[[20304,25186],[97,0],[0,97],[-97,0],[0,-97]],[[5318,22783],[0,-96]],[[5221,22495],[0,-96]],[[4544,23841],[0,96]],[[4641,24129],[97,0],[96,0]],[[26202,24129],[0,96],[-96,0],[-97,0],[0,96],[-97,0],[0,96],[-96,0],[0,96],[0,97],[-97,0],[-97,0],[0,96],[-96,0],[0,96],[-97,0],[-97,0],[0,96],[-97,0],[-96,0],[0,96],[-97,0],[0,96],[-97,0],[0,96],[-96,0],[0,97]],[[24849,25283],[96,0],[0,96],[0,96],[0,96],[97,0],[0,96],[-97,0],[0,96],[97,0],[97,0],[0,96],[96,0],[97,0],[0,96],[97,0],[97,0],[96,0],[0,97],[0,96],[-96,0],[0,96]],[[25526,26244],[96,0],[0,96],[97,0],[0,96],[97,0],[0,96],[96,0],[0,96],[0,96],[0,97],[0,96],[97,0],[0,-96],[97,0],[0,96],[96,0],[97,0],[97,0],[96,0],[97,0],[0,-96],[97,0],[96,0],[97,0],[0,-97],[97,0],[97,0],[0,-96],[0,-96],[96,0],[97,0],[0,96],[97,0],[96,0],[97,0],[0,-96],[97,0],[0,-96],[96,0],[97,0],[97,0],[0,96],[0,96],[96,0],[0,96],[97,0],[0,97],[97,0],[0,96],[96,0],[0,96],[97,0],[0,96],[97,0]],[[28523,27109],[97,0],[0,-96],[96,0],[0,-96],[0,-96],[0,-97],[97,0],[0,-96],[0,-96],[0,-96],[97,0],[0,-96],[0,-96],[96,0],[0,-96],[0,-96],[-96,0],[0,-97],[96,0],[0,-96],[97,0]],[[29103,25859],[0,-96],[0,-96],[0,-96],[97,0],[0,-96],[0,-96],[0,-96],[0,-97],[-97,0],[0,-96],[-97,0],[-96,0],[0,-96],[0,-96],[0,-96],[0,-96],[0,-96],[0,-97],[96,0],[0,-96],[0,-96],[97,0],[0,96],[97,0],[96,0],[0,96],[97,0],[97,0],[0,-96],[96,0],[0,-96],[-96,0],[0,-96],[0,-96],[96,0],[0,-96],[97,0],[0,-96],[0,-96],[97,0],[0,-97],[0,-96],[0,-96],[96,0],[0,-96],[97,0],[97,0],[0,-96]],[[27266,24802],[97,0],[96,0],[97,0],[0,96],[-97,0],[0,96],[0,96],[-96,0],[-97,0],[0,-96],[0,-96],[0,-96]],[[29103,25859],[0,96],[97,0],[0,-96],[-97,0]],[[22238,25763],[97,0],[97,0],[0,-96],[96,0],[97,0],[97,0],[96,0],[0,96],[97,0],[0,-96],[0,-96],[97,0],[0,-96],[96,0],[0,-96],[97,0]],[[23205,25379],[97,0],[0,-96],[96,0],[97,0],[97,0],[96,0],[97,0],[97,0],[97,0],[0,96],[96,0],[97,0],[0,-96],[97,0],[96,0],[97,0],[97,0],[96,0],[97,0],[97,0]],[[23108,23648],[97,0],[97,0],[96,0],[97,0],[0,96],[-97,0],[-96,0],[0,97],[-97,0],[-97,0],[0,-97],[0,-96]],[[23785,23744],[97,0],[97,0],[0,97],[0,96],[-97,0],[0,-96],[-97,0],[0,-97]],[[21658,24321],[97,0],[0,96],[-97,0],[0,-96]],[[22238,24610],[97,0],[97,0],[0,96],[-97,0],[0,96],[97,0],[0,96],[-97,0],[0,96],[-97,0],[0,96],[-97,0],[0,-96],[0,-96],[0,-96],[0,-96],[97,0],[0,-96]],[[28523,27109],[0,96],[0,96],[0,96],[0,97],[-97,0],[0,96],[-97,0],[0,96],[0,96],[-96,0],[0,96],[96,0],[0,96],[0,96],[97,0],[97,0],[0,96],[97,0],[0,97],[-97,0],[0,96],[-97,0],[0,96],[-97,0],[0,96],[-96,0],[0,96],[-97,0],[0,96],[0,96],[0,97],[0,96],[97,0],[0,96],[-97,0],[0,96],[-97,0],[0,96],[97,0],[0,96],[97,0]],[[28233,29416],[0,-96],[0,-96],[96,0],[97,0],[97,0],[97,0],[0,96],[96,0],[97,0],[0,96],[97,0],[0,-96],[0,-96],[96,0],[0,-96],[97,0],[0,96],[0,96],[0,96],[0,96],[0,96],[97,0],[96,0],[0,97],[97,0],[0,96],[97,0],[0,96],[0,96],[96,0],[97,0],[97,0],[0,-96],[96,0],[0,-96],[97,0],[97,0],[97,0],[0,96],[96,0],[97,0]],[[30360,29897],[97,0],[0,-96],[96,0],[0,-96],[97,0],[97,0],[0,-97],[96,0],[0,-96],[97,0],[97,0],[0,96],[0,97],[96,0],[97,0],[0,-97],[97,0],[0,-96],[0,-96],[96,0],[0,-96],[97,0],[0,-96],[0,-96],[0,-96],[97,0],[0,-96],[0,-97],[0,-96],[97,0],[0,-96],[0,-96],[96,0],[0,-96],[97,0],[97,0],[0,96],[96,0],[0,-96],[97,0]],[[32197,28455],[0,-96],[97,0],[96,0],[0,96],[-96,0]],[[32294,28455],[0,96],[96,0],[97,0],[97,0],[0,96],[96,0],[0,-96],[97,0]],[[32777,28551],[97,0],[0,-96],[0,-96],[0,-96],[-97,0],[0,-97],[-97,0],[-96,0],[0,-96],[0,-96],[96,0],[0,-96],[0,-96],[97,0],[0,-96],[0,-96],[0,-96],[97,0],[0,-97],[-97,0],[0,-96],[0,-96],[97,0],[0,-96],[-97,0],[-97,0],[0,-96],[-96,0],[-97,0]],[[32487,27013],[0,96],[-97,0],[0,96],[-96,0],[0,96],[-97,0],[0,-96],[-97,0],[-96,0],[0,-96],[96,0],[0,-96]],[[32100,27013],[-96,0],[0,-96],[96,0]],[[32100,26917],[0,-96],[0,-97],[97,0]],[[32197,26724],[0,-96],[97,0]],[[32294,26628],[0,-96],[96,0],[0,96],[-96,0]],[[32294,26628],[0,96],[-97,0]],[[32197,26724],[0,97],[0,96],[-97,0]],[[32100,26917],[0,96]],[[32100,27013],[97,0],[97,0],[96,0],[97,0]],[[32487,27013],[0,-96],[0,-96],[97,0],[0,-97],[0,-96],[96,0],[97,0],[0,-96],[0,-96],[-97,0],[-96,0],[0,96],[-97,0],[0,-96],[-97,0],[0,-96],[0,-96],[-96,0],[0,-96],[-97,0],[0,-96],[97,0],[0,-97],[96,0],[0,-96],[0,-96],[0,-96],[-96,0],[0,-96],[96,0],[0,-96],[0,-96],[97,0]],[[32487,25379],[0,-96],[-97,0],[0,-97],[97,0],[0,-96],[-97,0],[0,-96],[-96,0],[0,96],[-97,0],[0,-96],[-97,0],[0,96],[-96,0],[0,-96],[0,-96],[-97,0],[0,-96],[97,0],[0,-96],[-97,0],[0,-96],[97,0],[0,-97],[0,-96],[96,0]],[[32100,24417],[0,-96],[97,0],[0,96],[-97,0]],[[32100,24417],[0,96],[97,0],[0,97],[97,0],[96,0],[97,0],[0,-97],[0,-96],[0,-96],[0,-96],[-97,0],[0,-96]],[[32294,24033],[0,-96],[-97,0]],[[32100,23937],[0,-96],[0,-97]],[[31907,23744],[0,97],[-97,0]],[[31810,23841],[0,96],[-96,0],[-97,0],[0,96],[-97,0],[0,96],[-97,0],[0,-96]],[[32197,24802],[0,96],[97,0],[0,-96],[-97,0]],[[32487,25379],[0,96],[97,0],[96,0],[0,-96],[-96,0],[-97,0]],[[31810,25667],[97,0],[97,0],[0,96],[0,96]],[[32004,25859],[96,0]],[[32100,25859],[0,-96],[0,-96],[97,0],[0,96],[0,96],[-97,0]],[[32100,25859],[0,96],[-96,0]],[[32004,25955],[-97,0],[0,97],[-97,0],[0,96],[-96,0],[0,96],[-97,0],[-97,0],[0,-96],[97,0],[0,-96],[0,-97],[0,-96],[97,0],[96,0],[0,-96],[0,-96]],[[32004,26148],[96,0],[0,96],[-96,0],[0,-96]],[[31810,26436],[97,0],[0,96],[0,96],[97,0],[0,96],[-97,0],[0,97],[0,96],[-97,0],[0,96],[0,96],[0,96],[-96,0],[0,96],[0,96],[-97,0]],[[31617,27397],[0,97],[0,96],[-97,0],[0,-96],[0,-97],[97,0]],[[31617,27397],[0,-96],[0,-96],[-97,0],[-97,0],[-96,0],[0,96],[0,96],[-97,0],[-97,0],[0,-96],[0,-96],[97,0],[0,-96],[97,0],[0,-96],[0,-96],[96,0],[0,-96],[97,0],[0,-97],[97,0],[0,-96],[97,0],[0,-96],[96,0],[0,-96]],[[31037,26724],[96,0],[0,97],[-96,0],[0,-97]],[[31520,26917],[0,96],[97,0],[0,-96],[-97,0]],[[31423,27878],[97,0],[0,96],[-97,0]],[[31423,27974],[0,96],[-96,0]],[[31327,28070],[0,96],[-97,0],[0,-96],[97,0]],[[31327,28070],[0,-96],[96,0]],[[31423,27974],[0,-96]],[[32777,27878],[0,96],[97,0],[0,-96],[-97,0]],[[31037,28359],[96,0],[0,96],[-96,0],[0,-96]],[[15083,25090],[0,96],[-96,0],[0,97],[-97,0],[0,96],[97,0],[0,96],[96,0],[0,96],[0,96],[0,96],[0,96],[97,0],[0,96],[97,0],[0,97],[0,96],[0,96],[-97,0],[0,96],[0,96],[0,96],[0,96],[0,96],[0,97]],[[15180,26821],[97,0],[96,0],[97,0],[0,-97],[97,0],[96,0],[97,0],[0,-96],[97,0],[0,96],[0,97],[96,0]],[[15953,26821],[97,0],[0,-97],[97,0],[0,97],[0,96],[97,0],[96,0],[0,-96],[0,-97],[97,0],[0,-96],[0,-96],[97,0],[0,-96],[96,0],[0,-96],[97,0],[0,96],[0,96],[0,96],[0,96],[0,97],[97,0],[0,96],[96,0],[0,96],[97,0],[0,-96],[97,0],[96,0],[97,0]],[[17307,26917],[0,-96],[97,0],[0,-97],[96,0],[0,-96],[97,0]],[[17597,26628],[0,-96]],[[17597,26532],[-97,0],[0,-96],[-96,0],[0,-96]],[[17404,26340],[-97,0],[0,-96],[0,-96],[0,-96],[0,-97],[97,0]],[[17404,25955],[0,-96]],[[17404,25859],[0,-96],[0,-96],[-97,0],[0,-96],[-97,0],[0,-96],[97,0],[0,-96],[0,-96],[-97,0],[0,-97],[-96,0],[0,-96],[0,-96],[0,-96]],[[17114,24898],[-97,0],[0,-96],[0,-96],[97,0],[0,96],[0,96]],[[17114,24898],[96,0],[0,96],[97,0],[0,96],[0,96],[97,0],[0,97],[96,0],[0,96],[-96,0],[0,96],[96,0],[0,96],[97,0],[0,96],[0,96],[97,0],[97,0],[0,96],[0,96],[-97,0],[0,-96],[-97,0],[0,96]],[[17597,25955],[0,97],[97,0],[97,0],[96,0],[0,-97],[97,0],[0,97],[97,0],[96,0],[0,-97],[97,0],[0,97],[97,0],[96,0],[0,96],[-96,0],[0,96],[-97,0],[-97,0],[-96,0],[0,-96],[-97,0],[-97,0]],[[17887,26148],[0,96],[97,0],[0,96],[97,0],[96,0],[0,96],[0,96],[0,96],[0,96],[0,97],[0,96],[0,96],[0,96],[0,96],[97,0],[0,96],[0,96],[97,0],[0,97],[0,96],[96,0],[0,96],[0,96],[0,96],[97,0],[0,96],[97,0],[0,96],[0,96],[96,0],[97,0],[0,97],[97,0],[0,96],[96,0],[0,96],[97,0],[0,96],[97,0],[0,96],[0,96],[0,96],[97,0],[0,97],[0,96],[96,0],[0,96],[97,0],[0,96],[0,96],[97,0],[0,96],[0,96],[96,0],[0,96],[0,97],[97,0]],[[19821,29705],[0,-97],[97,0],[96,0],[0,-96],[97,0]],[[20111,29512],[0,-96],[0,-96],[97,0],[0,-96],[0,-96],[0,-96],[96,0],[0,-96],[-96,0],[0,-97],[0,-96],[0,-96],[96,0],[0,-96],[-96,0],[0,-96]],[[20208,28455],[-97,0],[0,-96],[-97,0],[0,-96],[0,-97],[0,-96],[0,-96],[0,-96],[-96,0],[-97,0],[0,-96],[-97,0],[-96,0],[-97,0],[0,-96],[0,-96],[-97,0],[0,-96],[0,-97],[0,-96],[0,-96],[0,-96],[0,-96],[97,0],[0,-96],[97,0],[96,0],[0,96],[97,0],[97,0],[96,0],[0,-96],[97,0],[0,-96],[0,-97],[0,-96],[97,0],[0,-96],[0,-96],[0,-96],[96,0],[0,-96],[0,-96],[0,-96],[0,-97],[97,0],[0,-96]],[[17597,26148],[0,96]],[[17597,26244],[97,0],[0,-96]],[[17694,26148],[-97,0]],[[17500,26917],[0,96],[0,96]],[[17500,27109],[97,0],[0,-96],[0,-96]],[[17597,26917],[-97,0]],[[18467,27013],[97,0],[0,96],[-97,0],[0,-96]],[[17307,27013],[0,96],[97,0]],[[17404,27109],[0,-96],[-97,0]],[[17404,27109],[0,96]],[[17404,27205],[96,0],[0,-96]],[[17500,27109],[-96,0]],[[18371,28359],[-97,0],[0,96],[0,96],[0,96],[97,0],[0,96],[0,96],[0,97],[96,0],[0,96],[97,0],[0,96],[0,96],[97,0],[0,96],[96,0],[0,96],[0,96],[97,0],[0,96],[97,0],[96,0],[97,0],[0,-96],[0,-96],[0,-96],[-97,0],[-96,0],[0,-96],[0,-96],[0,-96],[-97,0],[0,-96],[0,-97],[-97,0],[0,-96],[0,-96],[-96,0],[0,-96],[-97,0],[0,-96],[-97,0],[0,-96],[-96,0]],[[8799,24802],[0,96],[96,0],[97,0],[0,96],[97,0],[0,96],[96,0],[97,0],[0,96],[97,0],[96,0],[0,97],[0,96],[0,96],[0,96],[-96,0],[-97,0],[0,96],[-97,0],[0,96],[0,96],[97,0],[0,96],[0,97],[97,0],[0,96],[0,96],[0,96],[0,96],[-97,0],[0,96],[-97,0],[0,96],[97,0],[0,96],[97,0],[96,0],[0,97],[0,96],[97,0],[0,96],[0,96],[0,96]],[[9572,27205],[97,0],[96,0],[97,0],[97,0],[0,96],[97,0],[0,96],[96,0],[0,97],[0,96],[97,0],[0,96],[0,96],[97,0],[0,96],[96,0],[0,96],[97,0],[0,-96],[97,0]],[[10636,27878],[0,-96],[96,0],[0,-96],[97,0],[0,-96],[97,0],[0,-96],[96,0],[97,0],[97,0],[96,0],[0,96],[97,0],[97,0],[97,0],[0,-96],[0,-97]],[[11603,27397],[0,-96],[0,-96],[0,-96],[0,-96],[0,-96],[96,0],[0,-96],[0,-97],[0,-96],[0,-96],[97,0],[97,0],[0,-96],[96,0],[0,-96],[0,-96],[97,0],[97,0],[0,-96],[96,0],[97,0],[0,-96],[0,-97],[0,-96],[-97,0],[0,-96],[0,-96],[0,-96],[-96,0],[0,-96],[96,0],[0,-96],[97,0],[97,0],[0,-96],[96,0],[0,-97],[0,-96]],[[12569,25090],[0,-96]],[[9862,25379],[97,0],[0,96],[97,0],[0,96],[0,96],[-97,0],[-97,0],[0,-96],[-97,0],[0,96],[-96,0],[0,-96],[-97,0],[0,-96],[97,0],[96,0],[97,0],[0,-96]],[[10539,25379],[97,0],[96,0],[97,0],[0,96],[0,96],[0,96],[97,0],[96,0],[0,96],[-96,0],[-97,0],[-97,0]],[[10732,25763],[0,96],[-96,0],[0,96],[0,97],[-97,0],[0,-97],[0,-96],[0,-96],[-97,0],[-96,0],[0,-96],[0,-96],[96,0],[0,-96],[97,0],[0,-96]],[[10636,25667],[0,96],[96,0]],[[10732,25763],[0,-96],[-96,0]],[[10249,27397],[97,0],[0,97],[-97,0],[0,-97]],[[5028,24129],[96,0],[0,96],[0,96],[0,96],[0,96],[-96,0],[0,97],[0,96],[-97,0],[0,96]],[[4931,24802],[0,96]],[[4931,24898],[0,96]],[[4931,24994],[97,0],[96,0]],[[5124,24994],[97,0]],[[5221,24994],[0,-96],[-97,0],[0,-96],[0,-96],[97,0],[0,-96],[0,-97],[97,0],[0,-96],[0,-96],[97,0],[0,-96],[0,-96],[96,0],[0,96],[97,0],[0,-96],[97,0],[0,96],[0,96],[0,96],[0,96],[0,97],[-97,0],[-97,0],[0,96],[-96,0],[-97,0],[0,96],[0,96],[97,0],[0,96]],[[5415,24994],[0,96]],[[5415,25090],[0,96],[96,0]],[[5511,25186],[97,0]],[[5608,25186],[0,-96],[-97,0],[0,-96],[97,0]],[[5608,24994],[0,-96],[0,-96],[97,0],[96,0],[97,0],[97,0],[96,0],[97,0],[97,0],[96,0],[0,-96],[97,0],[0,-96],[97,0],[96,0],[0,-97]],[[5415,24417],[0,96],[96,0],[97,0],[0,-96],[-97,0],[-96,0]],[[4834,25186],[0,97]],[[4834,25283],[97,0]],[[4931,25283],[97,0],[0,-97]],[[5028,25186],[-97,0]],[[4931,25186],[-97,0]],[[5415,25283],[0,96],[96,0]],[[5511,25379],[0,-96]],[[5511,25283],[-96,0]],[[4544,24129],[0,96],[97,0]],[[4641,24225],[0,-96]],[[4931,24129],[0,96],[0,96],[-97,0],[-96,0]],[[4738,24321],[0,96],[96,0],[97,0],[0,96],[0,97],[-97,0],[0,96],[0,96]],[[4834,24802],[97,0]],[[3868,24225],[-97,0],[0,96],[0,96],[97,0],[0,-96],[96,0],[0,-96],[-96,0]],[[4641,24225],[0,96]],[[4641,24321],[97,0]],[[4738,24321],[0,-96],[-97,0]],[[4641,24513],[0,-96]],[[4641,24417],[-97,0],[0,96],[0,97],[-96,0],[-97,0],[0,96]],[[4351,24706],[97,0],[96,0],[0,96]],[[4544,24802],[97,0]],[[4641,24802],[0,-96],[0,-96],[0,-97]],[[3771,24513],[-97,0],[0,97],[0,96],[0,96],[0,96],[0,96],[0,96],[0,96],[97,0],[0,97],[97,0],[0,-97],[96,0],[97,0],[0,-96],[0,-96],[-97,0],[0,-96],[97,0],[0,-96],[-97,0],[0,-96],[97,0],[0,-96],[0,-97],[-97,0],[-96,0],[-97,0]],[[4254,24898],[0,-96],[-96,0],[0,96],[96,0]],[[4254,24898],[0,96]],[[4254,24994],[97,0]],[[4351,24994],[0,-96]],[[4351,24898],[-97,0]],[[2901,24994],[0,96],[96,0],[0,-96],[-96,0]],[[3191,24994],[0,96],[96,0],[0,-96],[-96,0]],[[4254,25090],[0,-96]],[[4254,24994],[-96,0],[0,96],[0,96],[0,97],[0,96],[96,0]],[[4254,25379],[0,-96],[0,-97],[0,-96]],[[4738,25090],[0,96],[96,0]],[[4834,25186],[0,-96]],[[4834,25090],[-96,0]],[[4448,25186],[0,97],[96,0],[97,0],[0,-97],[-97,0],[-96,0]],[[4834,25283],[0,96],[-96,0],[0,96],[96,0],[97,0],[0,-96]],[[4931,25379],[0,-96]],[[5221,25283],[0,96]],[[5221,25379],[0,96],[0,96],[97,0],[0,96],[97,0],[96,0]],[[5511,25667],[97,0],[0,-96],[0,-96],[0,-96]],[[5608,25379],[-97,0]],[[5415,25283],[-97,0],[-97,0]],[[3964,25379],[-96,0],[0,96],[-97,0],[-97,0],[0,96],[-97,0],[-96,0],[0,96]],[[3481,25667],[96,0],[97,0],[97,0],[0,-96],[97,0],[0,96],[96,0],[0,96],[0,96],[0,96],[97,0],[97,0],[0,97],[96,0],[0,96],[0,96],[-96,0],[0,96]],[[4158,26340],[96,0],[97,0],[0,96],[-97,0],[0,96],[-96,0],[0,-96],[0,-96]],[[4158,26340],[-97,0],[0,-96],[0,-96],[-97,0],[-96,0],[0,-96],[-97,0],[-97,0],[0,-97],[0,-96]],[[3674,25859],[-97,0],[0,96],[-96,0]],[[3481,25955],[0,97],[0,96]],[[3481,26148],[96,0],[97,0],[0,96],[97,0],[97,0],[0,96],[0,96],[96,0],[0,96],[97,0],[0,96]],[[4061,26628],[97,0],[96,0],[97,0],[0,96],[0,97],[97,0],[0,96],[96,0],[0,96],[97,0],[0,96],[0,96]],[[4641,27205],[97,0]],[[4738,27205],[0,-96],[96,0],[0,96],[97,0],[0,96]],[[4931,27301],[97,0],[0,96],[96,0],[0,-96],[97,0]],[[5221,27301],[97,0]],[[5318,27301],[0,-96],[-97,0],[0,-96]],[[5221,27109],[0,-96]],[[5221,27013],[0,-96],[0,-96]],[[5221,26821],[-97,0],[-96,0],[0,-97],[0,-96],[0,-96],[96,0],[97,0],[97,0]],[[5318,26532],[0,-96],[-97,0],[0,-96],[0,-96],[97,0],[0,-96],[0,-96],[0,-97],[-97,0],[-97,0]],[[5124,25955],[0,97],[0,96],[0,96],[-96,0]],[[5028,26244],[0,96],[-97,0],[-97,0],[-96,0],[-97,0],[0,-96]],[[4641,26244],[0,-96]],[[4641,26148],[-97,0],[-96,0],[0,-96]],[[4448,26052],[0,-97],[0,-96],[0,-96],[0,-96],[96,0],[0,-96],[97,0],[0,-96],[-97,0],[-96,0]],[[4448,25475],[-97,0],[0,-96]],[[4351,25379],[-97,0]],[[4254,25379],[0,96],[-96,0],[-97,0],[0,-96],[-97,0]],[[3384,25667],[0,96],[0,96],[0,96],[97,0]],[[3481,25955],[0,-96],[0,-96],[0,-96]],[[3481,25667],[-97,0]],[[4834,25667],[0,96],[97,0],[0,96]],[[4931,25859],[97,0],[0,96],[96,0]],[[5124,25955],[0,-96],[0,-96],[-96,0],[0,-96],[-97,0],[-97,0]],[[3674,25763],[0,96]],[[3674,25859],[97,0],[0,-96],[-97,0]],[[5415,26052],[0,96],[96,0],[0,-96],[-96,0]],[[5608,26244],[0,96],[0,96],[97,0],[96,0],[0,96],[-96,0],[-97,0],[-97,0]],[[5511,26532],[0,96],[97,0],[97,0],[0,96],[-97,0]],[[5608,26724],[0,97],[-97,0]],[[5511,26821],[0,96]],[[5511,26917],[0,96],[0,96],[97,0],[97,0],[0,96],[96,0],[97,0],[0,96],[97,0],[96,0]],[[6091,27301],[97,0],[0,-96],[0,-96],[97,0],[0,-96],[0,-96],[96,0],[0,-96],[0,-97],[97,0],[0,-96],[0,-96],[-97,0],[0,-96],[-96,0],[-97,0],[0,-96]],[[6188,26340],[-97,0],[-96,0],[-97,0],[-97,0],[-96,0],[0,-96]],[[5705,26244],[-97,0]],[[5221,26628],[0,96],[0,97]],[[5221,26821],[97,0]],[[5318,26821],[0,-97],[0,-96]],[[5318,26628],[-97,0]],[[4641,24321],[0,96]],[[4641,24802],[97,0],[96,0]],[[4351,24706],[0,96],[0,96]],[[4351,24994],[97,0],[0,-96],[0,-96],[96,0]],[[4544,24802],[0,96],[97,0],[0,-96]],[[4834,24898],[0,96],[-96,0],[-97,0],[0,96],[97,0]],[[4834,25090],[97,0]],[[4931,25090],[0,-96]],[[4931,24898],[-97,0]],[[4351,25379],[0,-96],[0,-97],[0,-96],[0,-96]],[[4448,25475],[0,-96],[-97,0]],[[4834,25859],[0,96],[-96,0],[-97,0],[0,97]],[[4641,26052],[97,0],[0,96],[96,0],[0,96],[-96,0],[-97,0]],[[5028,26244],[-97,0],[0,-96],[0,-96],[0,-97],[0,-96]],[[4931,25859],[-97,0]],[[4641,26148],[0,-96]],[[4641,26052],[-97,0],[-96,0]],[[5511,26244],[0,96],[-96,0],[0,96],[0,96]],[[5415,26532],[96,0]],[[5608,26244],[-97,0]],[[5318,26628],[97,0],[0,-96]],[[5415,26532],[-97,0]],[[5511,26724],[0,97]],[[5608,26724],[-97,0]],[[5415,26821],[0,96]],[[5415,26917],[96,0]],[[5511,26821],[-96,0]],[[5221,24994],[0,96],[97,0]],[[5318,25090],[0,-96],[97,0]],[[4931,25090],[0,96]],[[5028,25186],[0,-96],[96,0],[0,-96]],[[5318,25090],[0,96],[-97,0],[0,97]],[[5511,25283],[0,-97]],[[5415,25090],[-97,0]],[[12666,24994],[0,96],[-97,0]],[[11603,27397],[96,0],[97,0],[0,97],[97,0],[96,0],[97,0],[0,96],[97,0],[96,0],[0,96],[0,96],[97,0],[0,96],[97,0],[0,96],[96,0],[0,96],[97,0],[97,0],[96,0],[97,0],[0,96],[0,97],[97,0],[0,96]],[[13053,28359],[97,0],[0,-96],[96,0],[97,0],[0,96],[97,0],[0,-96],[0,-97],[96,0],[97,0],[97,0],[0,97],[0,96],[96,0],[0,96],[97,0],[0,96],[0,96],[97,0],[0,-96],[96,0],[97,0],[97,0],[0,-96],[96,0],[0,-96],[-96,0],[0,-96],[0,-97],[0,-96],[96,0],[0,-96],[97,0],[0,-96],[0,-96],[-97,0],[0,-96],[0,-96],[97,0],[97,0],[0,96],[97,0],[0,96],[96,0],[97,0],[97,0],[96,0],[97,0],[0,96]],[[15180,27878],[97,0],[96,0],[0,-96],[0,-96],[97,0],[0,-96],[0,-96],[-97,0],[0,-97],[0,-96],[0,-96],[-96,0],[0,-96],[0,-96],[-97,0],[0,-96],[0,-96]],[[13053,25379],[97,0],[0,96],[0,96],[-97,0],[0,-96],[0,-96]],[[13246,26052],[97,0],[0,96],[97,0],[0,96],[0,96],[0,96],[-97,0],[-97,0],[-96,0],[0,-96],[96,0],[0,-96],[0,-96],[0,-96]],[[5608,24994],[97,0],[0,-96],[96,0],[0,96],[97,0],[97,0],[96,0],[0,96],[-96,0],[0,96],[-97,0],[0,97],[-97,0],[-96,0],[-97,0],[0,-97]],[[5608,25379],[97,0]],[[5705,25379],[96,0],[0,96]],[[5801,25475],[97,0],[97,0]],[[5995,25475],[96,0],[97,0],[0,96],[-97,0]],[[6091,25571],[0,96]],[[6091,25667],[97,0],[0,96],[97,0],[0,96]],[[6285,25859],[96,0],[97,0],[97,0],[96,0],[0,-96],[97,0],[0,96],[97,0],[0,-96],[97,0],[0,96],[96,0],[97,0],[97,0],[96,0],[97,0],[97,0],[96,0]],[[7638,25859],[0,-96],[97,0],[0,-96],[97,0],[0,96],[96,0],[0,-96],[0,-96],[97,0],[0,-96],[0,-96],[0,-96],[97,0],[0,-97],[0,-96],[96,0],[0,-96],[-96,0],[0,-96],[96,0],[0,-96],[97,0],[0,-96],[0,-96]],[[6478,25186],[97,0],[0,97],[0,96],[-97,0],[0,96],[0,96],[-97,0],[-96,0],[0,-96],[0,-96],[0,-96],[96,0],[97,0],[0,-97]],[[7638,25859],[0,96],[97,0],[97,0],[0,97],[0,96],[96,0],[0,96],[0,96],[97,0]],[[8025,26340],[0,-96],[0,-96],[97,0],[96,0],[0,96],[97,0],[0,96],[97,0],[0,96],[97,0],[0,96],[96,0],[0,96],[0,96],[0,97],[97,0],[0,96],[97,0],[96,0],[0,96],[97,0],[0,96]],[[8992,27109],[97,0],[0,96],[96,0],[97,0],[97,0],[96,0],[97,0]],[[8025,25667],[97,0],[0,96],[-97,0],[0,-96]],[[17404,25859],[96,0],[0,96],[97,0]],[[17404,26340],[0,-96],[0,-96],[96,0]],[[17500,26148],[0,-96],[-96,0],[0,-97]],[[17500,26148],[0,96],[97,0]],[[17597,26148],[-97,0]],[[17597,26532],[0,-96],[0,-96]],[[17597,26340],[-97,0],[-96,0]],[[17307,26917],[0,96]],[[17597,26917],[0,-96],[0,-97],[0,-96]],[[5608,26244],[0,-96]],[[5608,26148],[0,-96]],[[5608,26052],[0,-97]],[[5608,25955],[-97,0],[0,-96],[0,-96]],[[5511,25763],[0,-96]],[[5221,25379],[-97,0],[-96,0],[-97,0]],[[5318,26821],[97,0]],[[5995,25475],[0,96],[96,0]],[[3191,25379],[0,-96],[-97,0],[0,96],[-97,0],[0,96]],[[2997,25475],[97,0],[97,0],[0,96],[96,0]],[[3287,25571],[0,-96],[0,-96],[-96,0]],[[2901,25571],[-97,0],[0,96],[0,96],[97,0],[96,0]],[[2997,25763],[0,-96],[0,-96]],[[2997,25571],[-96,0]],[[3287,25571],[0,96],[-96,0],[0,96],[0,96],[0,96],[-97,0],[0,-96],[-97,0]],[[2997,25859],[0,96],[0,97],[97,0],[0,96],[0,96],[0,96],[97,0],[96,0],[97,0],[0,-96],[97,0],[0,-96]],[[3384,25667],[0,-96],[-97,0]],[[1450,26052],[0,96],[97,0],[0,-96],[-97,0]],[[2901,26244],[0,96],[96,0],[0,-96],[-96,0]],[[2997,26436],[-96,0],[0,96],[0,96],[96,0],[97,0],[0,-96],[0,-96],[-97,0]],[[387,26821],[0,96],[96,0],[0,-96],[-96,0]],[[23205,25379],[0,96],[0,96],[-97,0],[0,96],[0,96],[-96,0],[0,96],[0,96],[-97,0],[0,97],[0,96],[0,96],[0,96],[-97,0],[0,96],[0,96],[0,96],[97,0],[0,96],[-97,0],[0,97],[-96,0],[0,96],[-97,0],[0,96],[0,96],[0,96],[-97,0],[0,96],[-96,0],[0,96],[0,97],[0,96],[96,0],[0,96],[-96,0]],[[22432,27686],[0,96],[0,96],[96,0],[0,96],[0,96],[0,96],[0,97],[0,96],[97,0],[0,-96],[97,0],[96,0],[0,96],[97,0],[0,96],[-97,0],[0,96],[0,96],[0,96]],[[22818,28743],[97,0],[97,0],[96,0]],[[23108,28743],[0,-96],[97,0]],[[23205,28647],[97,0]],[[23302,28647],[0,-96],[96,0],[97,0],[0,-96],[97,0],[0,-96],[96,0],[0,96],[0,96]],[[23688,28551],[97,0]],[[23785,28551],[0,-96],[97,0]],[[23882,28455],[0,-96],[97,0],[0,-96],[0,-97],[96,0]],[[24075,28166],[0,-96],[97,0]],[[24172,28070],[0,-96],[97,0],[0,96]],[[24269,28070],[96,0],[0,-96],[97,0],[97,0],[0,96]],[[24559,28070],[96,0],[97,0],[97,0],[0,-96],[0,-96],[0,-96],[0,-96],[-97,0],[0,-96],[97,0],[0,-96],[0,-97],[0,-96],[0,-96],[96,0],[97,0],[0,-96],[0,-96],[97,0],[96,0],[0,-96],[97,0],[97,0],[0,-96],[97,0],[0,-97],[-97,0],[0,-96],[0,-96],[0,-96],[0,-96],[97,0],[0,-96]],[[23205,26436],[97,0],[0,96],[-97,0],[0,-96]],[[23495,26532],[97,0],[0,96],[-97,0],[0,-96]],[[24365,27397],[97,0],[0,97],[-97,0],[0,-97]],[[24365,27590],[97,0],[0,96],[-97,0]],[[24365,27686],[0,96],[-96,0],[0,-96],[96,0]],[[24365,27686],[0,-96]],[[23495,27782],[97,0],[0,96],[-97,0],[0,-96]],[[23495,27974],[97,0],[0,96],[0,96],[-97,0],[0,-96],[0,-96]],[[5511,25763],[97,0],[97,0],[0,96],[96,0]],[[5801,25859],[0,-96],[97,0]],[[5898,25763],[97,0],[0,96]],[[5995,25859],[0,96],[96,0],[97,0]],[[6188,25955],[97,0],[0,-96]],[[6091,25667],[-96,0],[-97,0],[0,-96],[-97,0],[0,-96]],[[5801,25475],[-96,0],[0,-96]],[[5608,26148],[97,0]],[[5705,26148],[0,-96]],[[5705,26052],[-97,0]],[[5898,26052],[0,96],[-97,0],[-96,0]],[[5705,26148],[0,96]],[[6188,26340],[0,-96],[97,0],[0,-96],[0,-96],[-97,0]],[[6188,26052],[-97,0],[0,96],[-96,0],[0,-96],[-97,0]],[[5801,25859],[97,0]],[[5898,25859],[0,-96]],[[5898,25859],[0,96],[0,97]],[[6188,26052],[0,-97]],[[5995,25859],[-97,0]],[[5705,26052],[0,-97],[-97,0]],[[5898,26052],[-97,0],[-96,0]],[[20208,28455],[96,0],[0,-96],[-96,0],[0,-96],[96,0],[0,-97],[97,0],[0,-96],[0,-96],[0,-96],[97,0],[96,0],[0,-96],[97,0],[97,0],[0,96],[0,96],[97,0],[0,-96],[96,0],[97,0],[0,-96],[97,0],[0,-96],[96,0],[0,96],[97,0],[0,96],[97,0],[0,-96],[96,0],[0,96],[97,0],[97,0],[96,0],[97,0],[97,0],[0,-96],[96,0],[0,-96],[97,0],[97,0],[97,0]],[[2997,25475],[0,96]],[[2997,25763],[0,96]],[[32004,25955],[0,-96]],[[6091,27301],[0,96],[97,0],[97,0],[96,0],[0,97],[97,0],[97,0],[96,0],[0,96],[97,0],[97,0],[97,0],[0,96],[0,96],[0,96],[0,96],[0,96],[0,96],[96,0],[0,97],[0,96],[97,0],[0,96],[97,0]],[[7252,28455],[96,0],[0,-96],[0,-96],[-96,0],[0,-97],[96,0],[0,-96],[97,0],[97,0],[0,-96]],[[7542,27974],[0,-96],[0,-96],[-97,0],[0,-96],[0,-96],[0,-96],[0,-97],[0,-96],[97,0],[0,96],[96,0],[0,97]],[[7638,27494],[97,0]],[[7735,27494],[0,-97],[0,-96],[0,-96],[0,-96],[0,-96],[-97,0],[0,-96],[0,-96],[97,0],[0,-97],[0,-96],[97,0],[0,-96],[0,-96],[96,0],[97,0],[0,-96]],[[6478,25955],[97,0],[96,0],[0,97],[97,0],[97,0],[0,96],[0,96],[0,96],[97,0],[0,96],[96,0],[0,96],[-96,0],[-97,0],[0,-96],[-97,0],[-97,0],[-96,0],[-97,0],[0,-96],[97,0],[0,-96]],[[6575,26244],[-97,0],[0,-96],[97,0]],[[6575,26148],[0,-96],[-97,0],[0,-97]],[[6575,26148],[0,96]],[[6575,26244],[96,0],[0,-96],[-96,0]],[[7155,26532],[97,0],[96,0],[97,0],[0,96],[0,96],[-97,0],[0,97],[-96,0],[-97,0],[0,-97],[-97,0],[0,-96],[97,0],[0,-96]],[[6768,26821],[97,0],[0,96],[97,0],[96,0],[0,96],[-96,0],[0,96],[-97,0],[0,-96],[-97,0],[0,-96],[0,-96]],[[17694,26148],[97,0],[96,0]],[[17597,26340],[0,-96]],[[7735,27494],[97,0],[0,96],[0,96],[96,0],[0,96],[0,96],[-96,0],[0,-96],[-97,0],[-97,0],[0,96],[0,96],[-96,0]],[[7252,28455],[0,96],[96,0],[97,0],[0,96],[97,0],[96,0],[0,96],[0,96],[0,97],[0,96],[97,0],[0,96],[0,96],[0,96],[0,96],[0,96],[0,96],[97,0],[0,97],[0,96]],[[7832,29801],[96,0],[0,96],[0,96],[97,0],[0,96],[97,0],[0,96],[0,96],[-97,0],[0,96],[97,0],[0,97],[96,0],[97,0],[97,0],[0,96],[97,0],[0,96],[-97,0],[0,96]],[[8412,30762],[97,0],[96,0],[97,0],[97,0],[0,-96],[96,0],[97,0],[97,0],[96,0],[0,-96],[97,0],[0,-96],[97,0],[0,-97],[0,-96],[0,-96],[-97,0],[0,-96],[0,-96],[0,-96],[97,0],[0,-96],[0,-96]],[[9379,29705],[0,-97],[-97,0],[-97,0],[0,-96],[-96,0],[-97,0],[0,-96],[-97,0],[0,-96],[-96,0],[0,-96],[-97,0],[-97,0],[0,-96],[0,-96],[0,-96],[-96,0],[0,-97],[0,-96],[-97,0],[0,-96],[0,-96],[97,0],[0,-96],[0,-96],[96,0],[97,0],[97,0],[0,-96],[96,0],[0,-97],[97,0],[0,-96],[0,-96],[0,-96],[0,-96],[0,-96],[97,0],[0,-96],[-97,0],[0,-96],[0,-97],[0,-96],[0,-96],[0,-96]],[[7638,27494],[-96,0],[0,96],[96,0],[0,96],[97,0],[0,-96],[0,-96]],[[8315,27686],[97,0],[97,0],[0,96],[0,96],[0,96],[-97,0],[0,96],[-97,0],[0,96],[-97,0],[-96,0],[0,-96],[0,-96],[0,-96],[-97,0],[0,-96],[97,0],[96,0],[97,0],[0,-96]],[[8412,29320],[97,0],[0,96],[-97,0],[0,-96]],[[24559,28070],[0,96],[0,97],[0,96],[0,96],[-97,0]],[[24462,28455],[0,96]],[[24462,28551],[97,0],[0,96],[0,96],[0,96],[0,97],[0,96],[0,96]],[[24559,29128],[96,0],[97,0],[97,0],[0,96],[96,0],[0,96],[0,96],[97,0],[0,-96],[0,-96],[97,0],[96,0],[0,96],[97,0],[0,96],[0,96],[0,96],[0,97],[97,0],[0,96],[0,96],[97,0],[0,96],[96,0],[0,96],[0,96],[0,96],[0,96],[0,97],[0,96],[97,0],[0,-96],[97,0],[96,0],[97,0],[0,-97],[97,0],[0,-96]],[[26106,30281],[0,-96],[0,-96],[96,0],[0,96]],[[26202,30185],[97,0],[97,0],[0,96],[96,0],[0,96],[0,97],[97,0],[97,0],[96,0],[0,96],[0,96],[97,0],[97,0],[97,0]],[[27073,30666],[0,-96],[96,0],[97,0],[97,0],[0,-96],[96,0],[0,-97],[0,-96],[97,0],[0,-96],[97,0],[96,0],[0,-96],[97,0],[0,-96],[97,0],[0,-96],[0,-96],[96,0],[0,-96],[97,0],[0,-97],[97,0],[96,0],[0,-96],[-96,0],[0,-96]],[[27363,27878],[96,0],[0,96],[-96,0],[0,-96]],[[27073,28070],[96,0],[0,96],[0,97],[-96,0]],[[27073,28263],[0,96],[-97,0],[0,-96],[97,0]],[[27073,28263],[0,-97],[0,-96]],[[26879,28455],[97,0],[97,0],[0,96],[-97,0],[-97,0],[0,-96]],[[27749,28647],[97,0],[0,96],[-97,0],[0,-96]],[[15953,26821],[0,96],[0,96],[0,96],[0,96],[0,96],[-96,0],[0,96],[96,0],[97,0]],[[16050,27397],[97,0],[0,97],[0,96],[0,96]],[[16147,27686],[97,0],[0,96],[-97,0],[0,96],[0,96],[0,96],[0,96],[97,0],[0,97],[0,96],[0,96],[96,0],[0,96],[97,0],[97,0]],[[16534,28551],[96,0],[97,0],[0,96],[97,0],[96,0],[97,0],[0,96],[97,0],[0,96],[0,97],[96,0],[0,96],[97,0],[0,96],[0,96],[97,0],[0,96],[0,96],[0,96],[0,96],[0,97],[0,96],[0,96],[96,0],[0,96]],[[17500,29993],[97,0],[0,-96],[97,0],[0,-96],[97,0],[0,96],[96,0],[97,0],[97,0]],[[18081,29897],[0,-96],[0,-96],[-97,0],[0,-97],[0,-96],[0,-96],[0,-96],[0,-96],[-97,0],[0,-96],[0,-96],[0,-96],[0,-97],[-96,0],[0,-96],[0,-96],[0,-96],[-97,0],[0,-96],[-97,0],[0,-96],[0,-96],[-97,0],[0,-97],[0,-96],[-96,0],[0,-96],[0,-96],[96,0],[0,-96],[0,-96],[0,-96],[0,-96],[0,-97],[-96,0]],[[17404,27397],[0,97],[-97,0],[0,96],[-97,0],[-96,0],[-97,0],[0,-96],[0,-97],[97,0],[0,-96],[96,0],[0,96],[97,0],[97,0]],[[17404,27397],[0,-96],[0,-96]],[[3674,26532],[-97,0],[0,96],[0,96],[97,0],[0,97],[-97,0],[-96,0],[-97,0],[0,96],[0,96],[0,96],[-97,0]],[[3287,27109],[0,96],[0,96],[0,96],[97,0],[0,97],[97,0],[0,96],[0,96],[0,96],[0,96],[96,0],[97,0],[97,0],[0,96],[-97,0],[-97,0],[-96,0],[0,96],[96,0],[0,96],[97,0]],[[3674,28166],[0,-96],[97,0],[97,0],[0,96],[-97,0],[-97,0]],[[3674,28166],[0,97],[-97,0],[0,96],[97,0],[97,0],[0,96],[0,96],[97,0]],[[3868,28551],[96,0],[97,0],[97,0],[96,0],[0,-96],[97,0],[97,0],[96,0],[97,0],[0,-96],[97,0],[96,0],[0,96],[97,0],[0,-96],[97,0],[96,0],[97,0],[0,96],[0,96],[0,96],[0,96],[97,0],[0,96],[97,0],[0,97],[96,0],[0,96],[0,96]],[[5511,29128],[97,0],[0,-96],[97,0],[96,0],[0,-96],[97,0],[97,0],[96,0]],[[6091,28936],[0,-97],[-96,0],[0,-96],[0,-96],[0,-96],[0,-96]],[[5995,28455],[0,-96],[-97,0],[0,-96],[-97,0]],[[5801,28263],[-96,0],[0,-97],[0,-96]],[[5705,28070],[-97,0],[0,-96]],[[5608,27974],[0,-96],[-97,0],[0,-96],[0,-96]],[[5511,27686],[-96,0],[0,-96],[0,-96],[0,-97],[-97,0],[0,-96]],[[5221,27301],[0,96],[0,97],[0,96],[-97,0],[0,96],[-96,0],[0,96],[-97,0],[0,96],[-97,0],[0,-96],[0,-96],[97,0],[0,-96],[0,-96],[-97,0],[-96,0],[-97,0],[0,-97],[-97,0],[0,-96],[0,-96],[97,0]],[[4061,26628],[-97,0],[-96,0],[-97,0],[0,-96],[-97,0]],[[3287,27013],[0,-96],[-96,0],[0,96],[0,96],[96,0]],[[3287,27109],[0,-96]],[[4738,27205],[0,96],[96,0],[97,0]],[[2901,27301],[-97,0],[0,96],[-97,0],[0,97],[0,96],[0,96],[97,0],[0,96],[0,96],[97,0],[96,0],[97,0],[0,96],[97,0],[96,0],[97,0],[0,-96],[0,-96],[0,-96],[0,-96],[-97,0],[-96,0],[0,-96],[-97,0],[0,-97]],[[3094,27397],[-97,0],[0,-96],[-96,0]],[[3094,27397],[97,0],[0,-96],[-97,0],[0,96]],[[15180,27878],[-97,0],[0,96],[0,96],[0,96],[-96,0],[0,97],[96,0],[0,96],[97,0],[0,96],[97,0],[0,96],[96,0],[0,96],[0,96],[0,96],[0,97],[97,0],[0,96],[0,96]],[[15470,29128],[97,0],[0,-96],[96,0],[97,0],[0,-96],[97,0],[96,0],[97,0],[97,0],[97,0],[96,0],[0,-97],[97,0],[0,-96],[0,-96],[97,0],[0,-96]],[[16147,27686],[-97,0],[0,96],[-97,0],[0,-96],[-96,0],[0,-96],[0,-96],[96,0],[97,0],[0,-97]],[[5221,27013],[97,0],[0,96],[-97,0]],[[5318,27301],[97,0],[0,-96],[0,-96],[0,-96],[0,-96]],[[5415,26917],[-97,0],[0,-96]],[[5511,27494],[0,96],[0,96]],[[5608,27974],[97,0],[0,96]],[[5705,28070],[96,0],[97,0],[0,-96],[0,-96],[-97,0],[-96,0],[0,-96],[-97,0],[0,-96],[97,0],[0,-96],[0,-96],[-97,0],[-97,0]],[[5801,28166],[0,97]],[[5995,28455],[96,0],[0,-96],[0,-96],[0,-97],[-96,0],[-97,0],[-97,0]],[[6091,28936],[97,0],[0,-97],[97,0],[0,97],[96,0],[97,0],[97,0],[0,96],[96,0],[0,96],[0,96],[97,0],[0,96],[97,0],[0,96],[97,0],[0,96],[96,0],[97,0],[0,96],[97,0],[0,97],[0,96],[96,0],[0,96],[97,0],[0,96]],[[7445,29993],[97,0],[0,-96],[96,0],[97,0],[0,-96],[97,0]],[[9379,29705],[96,0],[97,0],[97,0],[96,0],[97,0],[97,0],[97,0],[0,96],[0,96],[96,0],[0,-96],[97,0],[97,0],[96,0],[97,0]],[[10539,29801],[0,-96],[0,-97],[-97,0],[-96,0],[-97,0],[0,-96],[-97,0],[0,-96],[0,-96],[97,0],[0,-96],[0,-96],[0,-96],[97,0],[96,0],[97,0],[97,0],[0,-96],[96,0],[0,-97],[0,-96],[97,0],[97,0],[0,-96],[-97,0],[0,-96],[0,-96],[0,-96],[0,-96],[0,-97],[-97,0],[0,-96],[-96,0],[0,-96],[0,-96]],[[9862,28839],[97,0],[0,97],[97,0],[0,96],[0,96],[-97,0],[-97,0],[0,-96],[0,-96],[0,-97]],[[10539,29801],[97,0]],[[10636,29801],[96,0],[97,0],[97,0],[96,0],[97,0],[97,0],[96,0],[97,0],[97,0],[97,0],[96,0],[97,0],[97,0],[96,0],[0,96],[97,0]],[[12086,29897],[97,0],[96,0],[0,-96],[-96,0],[0,-96],[0,-97],[0,-96],[0,-96],[96,0],[0,96],[97,0],[97,0],[96,0],[97,0],[97,0],[0,-96],[0,-96],[0,-96],[0,-96],[0,-96],[0,-96],[0,-97],[96,0],[0,-96],[97,0],[0,-96],[97,0],[0,-96],[97,0],[0,-96],[-97,0],[0,-96]],[[11989,28166],[97,0],[0,97],[-97,0],[0,-97]],[[12086,29897],[0,96],[97,0],[0,96],[96,0],[0,-96],[97,0],[0,96],[0,96],[0,96],[0,96],[97,0],[0,97],[0,96],[96,0],[97,0],[0,96],[97,0],[96,0],[0,96],[0,96],[97,0],[0,96],[97,0],[0,96],[97,0],[0,97],[96,0],[0,96],[97,0],[0,96],[0,96],[0,96]],[[13343,31531],[97,0],[96,0],[97,0],[97,0],[96,0],[97,0],[97,0],[0,96],[96,0],[0,96],[0,96],[97,0],[0,97],[0,96],[97,0],[0,96],[0,96],[96,0],[97,0],[97,0],[97,0],[96,0],[97,0],[0,96],[97,0],[96,0],[97,0],[0,96],[0,96],[0,96],[97,0],[0,97]],[[15277,32685],[96,0],[0,96]],[[15373,32781],[0,96],[0,96],[97,0]],[[15470,32973],[0,-96],[0,-96],[0,-96],[97,0],[0,-97],[0,-96],[0,-96],[-97,0],[0,-96],[-97,0],[-96,0],[0,-96],[-97,0],[-97,0],[-96,0],[0,-96],[-97,0],[0,-96],[0,-96],[0,-97],[97,0],[0,-96],[96,0],[97,0],[97,0],[0,96],[96,0],[97,0],[97,0],[0,-96],[96,0],[0,96],[97,0],[97,0],[96,0],[0,-96],[0,-96],[0,-96],[0,-96],[0,-96],[0,-96],[0,-96]],[[15953,31147],[-96,0],[-97,0],[0,-97],[-97,0],[-96,0],[-97,0],[0,-96],[-97,0],[0,-96],[0,-96],[0,-96],[97,0],[0,-96],[0,-96],[-97,0],[0,-97],[0,-96],[0,-96],[-96,0],[0,-96],[-97,0],[0,-96],[0,-96],[97,0],[0,-96],[0,-96],[0,-97],[96,0],[0,-96],[-96,0],[0,-96],[0,-96],[0,-96],[96,0],[0,-96],[97,0]],[[14116,30089],[97,0],[0,96],[97,0],[0,96],[96,0],[0,96],[-96,0],[0,97],[-97,0],[0,96],[-97,0],[0,-96],[0,-97],[-96,0],[0,-96],[96,0],[0,-96],[0,-96]],[[15373,33069],[0,96]],[[15373,33165],[97,0]],[[15470,33165],[0,-96],[-97,0]],[[20111,29512],[97,0],[96,0],[97,0],[0,-96],[97,0],[0,96],[96,0],[97,0],[97,0],[97,0],[96,0],[97,0],[0,-96],[0,-96],[97,0],[96,0],[97,0],[97,0],[96,0],[97,0],[0,96],[97,0]],[[21755,29416],[0,-96],[96,0],[0,96],[-96,0]],[[21755,29416],[0,96],[96,0],[0,96],[97,0],[0,97],[-97,0],[0,96],[0,96],[97,0]],[[21948,29897],[97,0],[96,0],[0,96],[97,0],[97,0],[0,-96],[0,-96],[0,-96],[97,0],[0,-97],[0,-96],[96,0],[0,-96],[0,-96],[0,-96],[97,0],[0,-96],[0,-96]],[[22625,29032],[-97,0],[0,-96],[97,0]],[[22625,28936],[0,-97],[97,0]],[[22722,28839],[0,-96],[96,0]],[[22141,28551],[97,0],[97,0],[0,96],[97,0],[0,96],[0,96],[0,97],[-97,0],[0,96],[-97,0],[0,-96],[0,-97],[-97,0],[0,-96],[0,-96],[0,-96]],[[24269,28070],[-97,0]],[[24172,28070],[0,96],[-97,0]],[[24075,28166],[0,97],[0,96],[0,96],[0,96],[0,96],[-96,0],[0,-96],[0,-96],[-97,0]],[[23882,28455],[0,96],[-97,0]],[[23688,28551],[0,96],[-96,0],[-97,0],[0,96],[-97,0],[0,-96],[-96,0]],[[23205,28647],[0,96],[-97,0]],[[22722,28839],[0,97],[-97,0]],[[22625,28936],[0,96]],[[21948,29897],[0,96],[0,96],[0,96],[-97,0],[-96,0],[0,96],[0,96],[0,97],[-97,0],[0,96],[0,96],[0,96],[97,0],[0,96],[0,96],[0,96],[0,97],[0,96]],[[21755,31243],[96,0],[0,96],[0,96],[0,96],[97,0],[97,0],[96,0],[97,0],[97,0],[0,96],[0,96],[97,0],[96,0],[0,-96],[0,-96],[0,-96],[97,0],[97,0],[0,96],[96,0],[0,-96],[97,0],[97,0],[96,0],[0,-96],[97,0],[0,-96],[97,0],[96,0],[0,-96],[97,0],[0,-97],[97,0],[96,0],[0,-96],[0,-96],[0,-96],[97,0],[0,-96],[0,-96],[0,-96],[0,-97],[97,0],[0,-96],[0,-96],[0,-96],[0,-96],[0,-96],[97,0]],[[23979,29897],[0,-96],[96,0],[0,-96],[0,-97],[0,-96],[97,0],[97,0],[96,0],[97,0],[0,-96],[-97,0],[0,-96],[97,0],[97,0],[0,-96],[0,-96]],[[24462,28551],[-97,0],[0,-96]],[[24365,28455],[-96,0],[0,-96],[96,0],[0,96]],[[24365,28455],[97,0]],[[2901,28070],[-97,0],[0,96],[-97,0],[0,97],[-96,0],[0,96],[0,96],[0,96],[0,96],[0,96],[0,96],[0,97],[0,96],[-97,0],[0,-96],[-97,0],[-96,0],[-97,0],[0,96],[0,96],[97,0],[0,96],[0,96],[96,0],[0,96],[0,96]],[[2417,29512],[97,0],[97,0],[0,96],[96,0],[0,97],[97,0]],[[2804,29705],[97,0],[0,-97],[96,0],[0,-96],[97,0],[0,96],[97,0],[0,97],[96,0],[0,96],[97,0],[0,96]],[[3384,29897],[0,96],[97,0],[0,-96],[96,0],[97,0],[0,-96]],[[3674,29801],[0,-96],[97,0],[0,96]],[[3771,29801],[0,96],[97,0],[0,96],[96,0]],[[3964,29993],[0,-96],[0,-96]],[[3964,29801],[-96,0],[0,-96],[96,0]],[[3964,29705],[0,-97],[97,0],[0,-96],[0,-96],[0,-96],[0,-96],[0,-96],[-97,0],[0,-96],[0,-96],[0,-97],[-96,0],[0,-96],[-97,0],[-97,0],[-97,0],[0,-96],[0,-96],[-96,0],[0,-96],[-97,0],[-97,0],[-96,0],[0,-96],[0,-96],[-97,0],[0,-97],[0,-96],[-97,0],[-96,0]],[[3191,28070],[0,96],[96,0],[0,-96],[-96,0]],[[3868,28551],[0,96],[96,0],[0,96],[97,0],[0,96],[97,0],[0,97],[0,96],[0,96],[96,0],[0,96]],[[4254,29224],[97,0],[0,96],[97,0],[96,0],[0,96],[97,0],[0,96],[-97,0],[0,96],[-96,0],[0,97],[-97,0],[-97,0],[0,-97],[0,-96],[97,0],[0,-96],[-97,0],[0,-96]],[[4254,29320],[-96,0],[0,96],[0,96],[0,96],[0,97],[-97,0],[-97,0]],[[3964,29705],[0,96]],[[3964,29993],[0,96],[97,0]],[[4061,30089],[97,0],[0,-96],[0,-96],[0,-96],[96,0],[0,96],[0,96],[97,0],[0,96]],[[4351,30089],[0,96],[0,96],[97,0],[0,96],[0,97],[96,0],[0,96]],[[4544,30570],[97,0],[97,0],[96,0],[0,-96],[97,0],[97,0],[96,0],[0,-97],[97,0]],[[5221,30377],[97,0],[0,-96],[0,-96],[97,0],[0,-96],[96,0],[0,-96],[97,0],[0,-96],[0,-96],[0,-96],[-97,0],[0,-97],[0,-96],[97,0],[0,-96],[0,-96],[-97,0],[0,-96],[0,-96]],[[30360,29897],[0,96],[0,96],[97,0],[0,96],[0,96],[0,96],[-97,0],[0,97],[97,0],[0,96],[96,0],[0,-96],[97,0],[0,96],[0,96],[0,96],[0,96],[0,96],[-97,0],[0,96],[-96,0],[0,97],[-97,0],[0,96],[-97,0]],[[30263,31243],[0,96],[-96,0]],[[30167,31339],[0,96],[-97,0],[-97,0],[-97,0]],[[29876,31435],[0,96],[0,96],[0,96],[-96,0],[0,96],[-97,0],[-97,0],[-96,0],[0,97]],[[29490,31916],[96,0],[0,96],[97,0],[0,96],[0,96],[97,0],[0,96],[-97,0],[0,96],[0,96],[-97,0],[0,96],[0,97],[97,0],[97,0],[0,-97],[96,0],[97,0],[0,97],[97,0],[0,-97],[97,0],[96,0],[0,-96],[97,0],[97,0],[0,-96],[96,0],[0,96],[0,96],[97,0],[0,-96],[0,-96],[97,0],[96,0],[97,0],[0,-96],[97,0],[0,-96],[96,0],[0,96],[97,0],[0,-96],[0,-96],[97,0],[0,-96],[0,-96],[96,0],[0,96],[97,0],[0,-96],[97,0],[0,-97],[97,0],[0,-96],[0,-96],[96,0],[0,-96],[97,0],[97,0],[0,-96],[96,0],[0,-96],[97,0],[97,0],[96,0]],[[32390,31339],[0,-96],[97,0],[97,0],[0,-96],[96,0],[97,0],[0,-97],[0,-96],[97,0],[0,-96],[0,-96],[97,0],[0,-96],[96,0],[97,0],[0,-96],[-97,0],[-96,0],[0,-96],[96,0],[0,-97],[-96,0],[0,-96],[0,-96],[-97,0],[0,-96],[0,-96],[0,-96],[0,-96],[0,-96],[97,0],[96,0],[0,-97],[-96,0],[0,-96],[-97,0],[-97,0],[-97,0],[-96,0],[0,-96],[96,0],[97,0],[0,-96],[97,0],[0,-96],[0,-96],[0,-96],[-97,0],[-97,0],[-96,0],[-97,0],[0,-96],[97,0],[0,-97],[0,-96],[96,0],[97,0],[0,-96],[0,-96]],[[32294,28455],[-97,0]],[[32487,29608],[97,0],[0,97],[-97,0],[0,-97]],[[33357,30474],[-96,0],[0,96],[0,96],[0,96],[0,96],[96,0],[97,0],[0,-96],[97,0],[0,-96],[0,-96],[0,-96],[-97,0],[-97,0]],[[33164,31050],[97,0],[0,-96],[-97,0],[0,96]],[[33067,31050],[-96,0],[0,97],[0,96],[-97,0],[0,96],[97,0],[0,96],[-97,0],[-97,0],[0,96],[0,96]],[[32777,31627],[97,0],[97,0],[96,0],[97,0]],[[33164,31627],[97,0],[0,96],[96,0],[0,-96],[0,-96],[0,-96],[0,-96],[0,-96],[-96,0],[-97,0],[0,-96],[0,-97]],[[33164,31050],[-97,0]],[[33744,31243],[0,96],[97,0],[0,-96],[-97,0]],[[36161,31243],[0,96],[97,0],[0,-96],[-97,0]],[[32584,31435],[96,0],[0,-96],[-96,0],[0,96]],[[32487,31435],[0,96]],[[32487,31531],[97,0],[0,-96]],[[32584,31435],[-97,0]],[[33647,31531],[0,-96],[-96,0],[0,96],[0,96],[96,0],[0,-96]],[[15953,31147],[97,0],[97,0],[97,0],[96,0],[0,96],[97,0],[0,96],[97,0],[96,0],[0,96],[97,0]],[[16727,31435],[97,0],[0,-96],[96,0],[0,-96],[97,0],[97,0],[0,-96],[96,0],[97,0],[97,0],[0,96],[96,0],[97,0],[0,-96],[0,-97],[0,-96],[-97,0],[0,-96],[0,-96],[0,-96],[-96,0],[0,-96],[0,-96],[0,-97],[0,-96],[0,-96],[0,-96],[96,0],[0,-96]],[[16437,30281],[97,0],[96,0],[0,96],[97,0],[0,97],[-97,0],[0,96],[-96,0],[-97,0],[0,-96],[0,-97],[0,-96]],[[5221,30377],[0,97],[97,0],[0,96],[0,96],[0,96],[97,0],[0,96],[96,0],[0,96],[0,96],[97,0],[0,97],[0,96],[97,0],[0,96],[96,0],[0,96],[97,0],[0,96],[0,96],[0,96],[0,96],[97,0],[0,97],[0,96],[96,0]],[[6091,32012],[97,0]],[[6188,32012],[97,0],[0,-96],[0,-97],[-97,0],[0,-96],[0,-96],[97,0],[96,0],[0,96],[97,0],[0,-96],[97,0],[96,0],[0,-96],[0,-96],[-96,0],[0,-96],[-97,0],[0,-96],[-97,0],[0,-96],[-96,0],[0,-97],[0,-96],[0,-96],[96,0],[0,-96],[0,-96],[0,-96],[-96,0],[0,-96],[96,0],[0,-97],[0,-96],[0,-96],[97,0],[0,-96],[97,0],[96,0],[0,-96],[97,0],[97,0],[0,96],[97,0],[96,0],[0,-96],[97,0],[0,96],[97,0],[96,0],[97,0],[0,-96]],[[23979,29897],[96,0],[97,0],[97,0],[0,96],[96,0],[0,96],[97,0],[0,96],[97,0],[0,96],[0,96],[0,97],[0,96],[0,96],[0,96],[0,96],[-97,0],[0,96],[0,96],[97,0],[0,97],[-97,0],[0,96],[0,96],[-97,0],[0,96],[0,96],[0,96],[0,96],[0,96],[97,0],[0,97],[0,96],[0,96],[0,96],[-97,0],[0,96],[0,96],[0,96],[0,96],[0,97],[-96,0],[-97,0],[-97,0],[-96,0],[-97,0],[0,96],[97,0],[0,96],[96,0],[0,96],[97,0],[0,96]],[[24172,33069],[0,96],[97,0],[0,96],[96,0],[97,0],[0,97],[97,0],[0,96],[0,96],[0,96],[0,96],[0,96],[0,96],[0,96],[0,97],[0,96],[0,96],[0,96],[0,96],[0,96],[0,96],[0,97],[0,96],[0,96],[0,96],[0,96],[0,96],[96,0],[0,96],[97,0],[97,0],[0,-96],[96,0],[0,-96],[97,0],[97,0],[0,96]],[[25139,35280],[96,0],[97,0],[97,0],[0,-96],[0,-96],[0,-96],[0,-96],[97,0],[0,96],[96,0],[0,96],[0,96],[97,0],[97,0],[0,-96],[96,0]],[[25912,35088],[0,-96],[97,0],[0,-96],[97,0],[0,-96],[0,-97],[96,0],[0,-96],[97,0],[0,-96],[0,-96],[97,0],[96,0],[97,0],[0,-96],[97,0],[0,-96],[0,-96],[0,-97]],[[26686,34030],[-97,0],[-97,0],[-96,0],[0,97],[-97,0],[-97,0],[-96,0],[-97,0],[-97,0],[-96,0],[-97,0],[0,-97],[0,-96],[0,-96],[-97,0],[-96,0],[0,-96]],[[25526,33742],[-97,0],[0,96],[-97,0],[0,96],[0,96],[-97,0],[0,-96],[-96,0],[0,-96],[0,-96],[96,0],[0,-96],[97,0],[97,0],[97,0]],[[25526,33646],[0,-96],[96,0],[97,0],[0,-96],[0,-96],[97,0],[0,-97],[96,0],[0,97],[0,96],[0,96],[0,96],[0,96],[97,0],[97,0],[96,0],[0,-96],[97,0],[0,96],[97,0],[0,96],[96,0],[0,96],[97,0],[0,-96],[97,0],[96,0],[0,96],[97,0],[97,0],[0,96]],[[26976,34030],[97,0],[96,0]],[[27169,34030],[0,-96],[97,0],[97,0]],[[27363,33934],[96,0],[97,0],[97,0],[0,-96],[0,-96],[-97,0],[0,-96],[0,-96],[97,0],[96,0],[0,-96],[97,0],[0,-96],[0,-97],[0,-96],[0,-96],[97,0],[0,-96],[96,0],[97,0]],[[28136,32973],[0,-96],[97,0],[0,-96],[96,0],[0,-96],[0,-97],[97,0],[0,-96]],[[28426,32492],[-97,0],[0,-96],[-96,0],[-97,0],[-97,0],[0,-96],[-96,0],[0,-96],[-97,0],[0,-96],[-97,0],[-96,0],[-97,0],[-97,0],[0,-96],[-96,0],[-97,0],[0,-96],[-97,0],[0,-97],[-96,0],[-97,0],[0,-96],[97,0],[0,-96],[-97,0],[0,-96],[0,-96],[97,0],[0,-96],[96,0],[0,-96],[-96,0],[0,-96],[0,-97],[96,0],[0,-96],[0,-96],[0,-96],[0,-96],[-96,0]],[[26202,30185],[0,96],[-96,0]],[[25526,32300],[96,0],[0,96]],[[25622,32396],[97,0],[0,96],[0,96],[97,0],[96,0]],[[25912,32588],[97,0],[0,-96],[97,0],[0,-96],[96,0]],[[26202,32396],[0,-96],[97,0],[97,0],[96,0],[0,96],[0,96],[0,96],[-96,0]],[[26396,32588],[0,97],[-97,0]],[[26299,32685],[-97,0],[0,96],[-96,0],[0,96],[-97,0],[0,96],[-97,0],[-96,0],[0,96],[-97,0],[-97,0],[0,-96],[97,0],[0,-96],[-97,0],[-96,0],[0,-96],[96,0]],[[25622,32781],[0,-96],[-96,0],[0,-97],[0,-96],[96,0],[0,-96]],[[25622,32396],[-96,0],[0,-96]],[[28426,32492],[97,0],[0,-96],[0,-96],[97,0],[96,0],[0,-96],[97,0],[97,0],[0,-96],[96,0],[0,-96],[97,0],[97,0],[0,-96],[0,-97],[96,0],[97,0],[0,97],[97,0]],[[29876,31435],[0,-96]],[[29876,31339],[-96,0],[0,-96],[96,0],[0,96]],[[29876,31339],[97,0],[97,0],[97,0]],[[30167,31339],[0,-96],[96,0]],[[28039,30474],[97,0],[97,0],[0,96],[0,96],[0,96],[-97,0],[0,-96],[-97,0],[0,96],[-96,0],[0,-96],[0,-96],[96,0],[0,-96]],[[4254,29224],[0,96]],[[19821,29705],[0,96],[0,96],[97,0],[0,96],[0,96],[0,96],[0,96],[0,96],[96,0],[0,97],[0,96],[97,0],[0,96],[0,96],[0,96],[97,0],[0,96],[0,96],[0,97],[0,96],[0,96],[0,96],[96,0],[0,96],[0,96],[0,96],[0,96],[0,97],[0,96],[97,0],[0,96],[0,96]],[[20401,32204],[97,0],[96,0],[0,-96],[0,-96],[97,0],[97,0],[97,0]],[[20885,32012],[96,0],[0,-96],[97,0],[97,0],[0,96],[96,0],[97,0],[97,0],[0,96],[96,0]],[[21561,32108],[0,-96],[97,0],[0,-96],[0,-97],[0,-96],[-97,0],[0,-96],[97,0],[0,-96],[97,0],[0,-96],[-97,0],[0,-96],[0,-96],[97,0]],[[2417,29512],[0,96],[-96,0],[0,97],[-97,0],[0,96],[0,96],[0,96],[0,96],[0,96],[-97,0],[-97,0],[0,96],[0,96],[-96,0],[0,97],[-97,0],[0,-97],[-97,0],[-96,0],[0,97],[0,96],[0,96],[96,0],[0,96],[0,96],[97,0],[0,96],[97,0],[96,0],[97,0],[97,0],[97,0],[0,96]],[[2321,31050],[0,97],[96,0],[0,96],[0,96],[0,96],[97,0]],[[2514,31435],[97,0],[0,96],[96,0],[97,0],[0,-96],[97,0],[96,0]],[[2997,31435],[97,0],[0,96],[97,0],[0,96]],[[3191,31627],[96,0],[97,0]],[[3384,31627],[97,0],[0,-96],[96,0],[0,96],[0,96],[0,96],[0,97]],[[3577,31916],[0,96],[0,96],[97,0],[0,96],[97,0],[97,0],[0,-96],[96,0]],[[3964,32108],[97,0]],[[4061,32108],[0,-96],[97,0]],[[4158,32012],[0,-96],[0,-97]],[[4158,31819],[0,-96],[96,0]],[[4254,31723],[0,-96],[97,0],[97,0]],[[4448,31627],[0,-96],[0,-96],[96,0],[0,-96]],[[4544,31339],[0,-96],[0,-96],[0,-97]],[[4544,31050],[0,-96],[0,-96],[0,-96],[0,-96],[0,-96]],[[4351,30089],[-97,0],[0,96],[-96,0],[-97,0],[0,-96]],[[3771,29801],[-97,0]],[[3384,29897],[-97,0],[-96,0],[0,96],[0,96],[0,96],[0,96],[-97,0],[0,-96],[0,-96],[-97,0],[-96,0],[0,-96],[0,-96],[0,-96],[-97,0],[0,-96]],[[1740,30089],[-96,0],[0,96],[0,96],[96,0],[97,0],[0,-96],[0,-96],[-97,0]],[[8412,30762],[0,96],[0,96],[0,96],[0,97]],[[8412,31147],[97,0],[96,0],[0,-97],[97,0],[97,0],[0,97],[96,0],[97,0],[0,96],[97,0],[0,96],[96,0],[0,96],[97,0],[0,96],[0,96],[0,96],[97,0],[0,-96],[0,-96],[96,0],[97,0],[97,0],[0,96],[96,0],[97,0],[97,0],[0,-96],[97,0]],[[10056,31531],[0,-96],[0,-96],[0,-96],[-97,0],[0,-96],[0,-97],[0,-96],[97,0],[96,0],[0,-96],[0,-96],[97,0],[97,0],[0,-96],[96,0],[0,-96],[-96,0],[-97,0],[0,-96],[0,-97],[97,0],[0,-96],[96,0],[97,0],[0,-96],[0,-96],[0,-96],[0,-96],[97,0],[0,-96]],[[6188,32012],[0,96],[97,0],[96,0],[97,0],[0,-96],[97,0],[0,96],[96,0],[0,96],[97,0],[97,0],[0,96],[97,0],[0,-96],[96,0],[0,96],[0,96],[97,0],[0,-96],[0,-96],[97,0],[96,0],[0,-96],[97,0],[0,-96],[-97,0],[0,-96]],[[7348,31916],[-96,0],[-97,0],[-97,0],[0,96],[-96,0],[0,-96],[-97,0],[0,-97],[-97,0],[0,-96],[0,-96],[97,0]],[[6865,31627],[0,-96],[0,-96],[97,0],[96,0],[97,0],[0,96],[97,0],[0,96],[96,0],[0,96],[97,0],[0,96],[0,97]],[[7445,31916],[97,0],[0,-97],[0,-96],[0,-96],[0,-96],[96,0],[97,0],[0,96],[97,0],[0,96],[96,0],[0,96],[97,0],[97,0],[96,0],[0,97]],[[8218,31916],[97,0],[0,96],[97,0],[97,0],[0,-96],[0,-97],[96,0],[0,-96],[97,0],[0,-96],[-97,0],[0,-96],[0,-96],[-96,0],[0,-96],[0,-96],[-97,0],[0,-96]],[[6865,31627],[0,96],[97,0],[0,-96],[-97,0]],[[10056,31531],[0,96],[96,0],[0,96],[0,96],[-96,0],[0,97],[-97,0],[0,96],[0,96],[0,96],[0,96],[0,96],[0,96],[97,0],[0,96],[0,97],[96,0],[0,96],[97,0]],[[10249,32781],[97,0],[96,0],[97,0],[97,0],[96,0],[0,-96],[0,-97],[97,0],[0,-96],[0,-96],[97,0],[0,-96],[0,-96],[-97,0],[0,-96],[0,-96],[97,0],[96,0],[97,0],[0,96],[97,0],[0,96],[96,0],[0,96],[97,0],[0,-96],[97,0],[97,0],[96,0],[97,0],[97,0],[0,-96],[96,0],[97,0],[0,96],[0,96],[97,0],[96,0]],[[12279,32300],[97,0],[97,0],[0,-96],[0,-96],[0,-96],[96,0],[0,-96],[0,-97],[97,0],[97,0],[96,0],[97,0],[0,-96],[97,0],[97,0],[0,-96],[96,0],[0,-96],[97,0]],[[16727,31435],[0,96],[0,96],[97,0],[0,96],[96,0],[0,96],[97,0],[97,0],[96,0],[0,97],[97,0],[0,96],[0,96],[97,0],[0,96],[96,0],[0,96],[0,96],[97,0]],[[17597,32396],[0,-96],[97,0],[97,0],[0,-96],[96,0],[0,96],[97,0],[97,0],[0,96],[96,0],[97,0],[0,96],[0,96],[0,97],[97,0],[96,0],[0,96]],[[18467,32781],[97,0],[97,0],[96,0],[97,0],[97,0],[96,0]],[[19047,32781],[0,-96],[0,-97],[0,-96],[0,-96],[-96,0],[0,-96],[0,-96],[-97,0],[0,-96],[-97,0],[0,-96],[0,-96],[0,-97],[-96,0],[0,-96],[-97,0],[-97,0]],[[18467,31723],[0,96],[-96,0],[-97,0],[0,-96],[0,-96],[0,-96],[97,0],[0,96],[96,0]],[[18467,31627],[0,-96],[0,-96],[0,-96],[0,-96],[0,-96],[-96,0],[0,-97],[-97,0],[0,-96],[0,-96],[0,-96],[0,-96],[-97,0],[0,-96],[-96,0],[0,-96],[0,-97],[0,-96],[0,-96],[0,-96],[0,-96],[0,-96]],[[17887,31819],[97,0],[0,97],[-97,0],[0,-97]],[[21561,32108],[97,0],[0,96],[97,0],[96,0]],[[21851,32204],[97,0],[0,-96],[97,0],[0,96],[96,0],[0,96],[0,96],[97,0],[0,96],[97,0],[0,96],[-97,0],[0,97],[0,96],[97,0],[0,-96],[97,0],[0,96],[0,96]],[[22432,32877],[96,0],[0,96],[97,0],[97,0],[0,96],[96,0],[0,-96],[97,0],[0,96],[97,0],[96,0],[0,96],[97,0],[0,96],[0,97],[97,0],[0,96],[96,0],[97,0],[0,-96],[97,0],[96,0],[0,96],[97,0],[0,-96],[97,0],[0,-97],[0,-96],[97,0],[96,0],[0,-96],[97,0]],[[23108,31723],[97,0],[97,0],[0,96],[0,97],[0,96],[-97,0],[-97,0],[-96,0],[0,-96],[0,-97],[96,0],[0,-96]],[[4544,31050],[97,0],[97,0],[0,97],[-97,0],[0,96],[0,96],[-97,0]],[[4448,31627],[0,96],[0,96],[-97,0],[0,97],[0,96],[0,96],[0,96],[0,96],[-97,0],[-96,0],[0,96],[-97,0],[-97,0],[0,-96],[0,-96],[0,-96]],[[3577,31916],[-96,0],[0,-97],[0,-96],[-97,0],[0,-96]],[[3191,31627],[-97,0],[-97,0],[0,-96],[0,-96]],[[2514,31435],[0,96],[0,96],[97,0],[0,96],[-97,0],[0,96]],[[2514,31819],[97,0],[0,97]],[[2611,31916],[0,96]],[[2611,32012],[96,0],[0,96]],[[2707,32108],[0,96],[97,0],[0,96],[97,0],[0,96],[0,96],[96,0],[0,96],[97,0],[0,97],[0,96]],[[3094,32781],[97,0],[0,96],[0,96],[96,0],[0,96],[0,96]],[[3287,33165],[97,0],[0,96],[97,0],[0,97],[96,0],[0,96],[97,0],[0,96],[97,0],[0,-96],[0,-96],[97,0],[96,0],[0,96],[97,0],[97,0],[0,96],[96,0],[97,0],[0,96],[97,0],[0,-96],[96,0],[0,-96],[97,0],[97,0],[96,0]],[[4834,33454],[97,0],[0,96]],[[4931,33550],[97,0],[96,0],[97,0],[0,96],[97,0],[97,0],[96,0],[97,0],[0,-96],[97,0],[96,0],[97,0]],[[5898,33550],[0,-96],[97,0],[0,-96],[0,-97],[96,0],[0,-96],[97,0],[97,0],[0,-96],[0,-96],[0,-96],[0,-96],[-97,0],[0,-96],[-97,0],[0,-97],[0,-96],[0,-96],[0,-96],[0,-96],[0,-96],[0,-96]],[[4158,31819],[96,0],[0,-96]],[[4061,32108],[97,0],[0,-96]],[[4738,32396],[96,0],[0,96],[-96,0],[0,-96]],[[4931,32396],[97,0],[96,0],[97,0],[97,0],[0,96],[0,96],[-97,0],[0,97],[0,96],[0,96],[-97,0],[-96,0],[-97,0],[0,-96],[-97,0],[-96,0],[0,-96],[96,0],[97,0],[0,-97],[97,0],[0,-96],[-97,0],[0,-96]],[[2030,31050],[-96,0],[0,97],[0,96],[96,0],[0,96],[0,96],[-96,0],[0,96],[96,0],[97,0],[0,96],[97,0],[97,0],[0,96],[96,0],[0,96]],[[2417,31819],[97,0]],[[2321,31050],[-97,0],[-97,0],[-97,0]],[[2127,31916],[0,-97]],[[2127,31819],[-97,0],[0,97],[0,96],[97,0]],[[2127,32012],[0,-96]],[[2321,31819],[0,97],[96,0]],[[2417,31916],[0,-97]],[[2417,31819],[-96,0]],[[2417,31916],[0,96]],[[2417,32012],[97,0],[0,96],[-97,0],[0,-96]],[[2417,32012],[-96,0],[-97,0],[-97,0]],[[2127,32012],[0,96],[97,0],[0,96],[-97,0],[-97,0]],[[2030,32204],[0,96],[-96,0]],[[1934,32300],[0,96],[0,96],[96,0],[0,96],[-96,0],[-97,0]],[[1837,32588],[0,97],[0,96],[0,96],[97,0],[0,96],[0,96],[96,0],[0,96],[97,0],[0,96],[0,97],[97,0],[0,96],[0,96],[97,0],[0,96],[0,96],[96,0],[0,96],[0,96],[97,0],[0,96]],[[2514,34030],[97,0],[0,97],[96,0],[97,0],[0,96],[97,0],[96,0],[0,-96],[97,0],[0,-97],[0,-96],[0,-96],[97,0],[0,-96],[-97,0],[0,-96],[97,0],[0,-96],[0,-96],[0,-96],[0,-97]],[[3191,33261],[-97,0],[0,-96],[0,-96],[0,-96],[0,-96],[0,-96]],[[2707,32108],[-96,0],[0,-96]],[[2611,31916],[-97,0],[-97,0]],[[1934,32204],[96,0]],[[2030,32204],[0,-96],[-96,0],[0,96]],[[1934,32300],[0,-96]],[[1934,32204],[-97,0],[0,96],[97,0]],[[2224,32781],[97,0],[0,96],[0,96],[-97,0],[0,-96],[0,-96]],[[8218,31916],[0,96],[-96,0],[0,96],[0,96],[0,96]],[[8122,32300],[96,0],[0,96],[-96,0],[0,-96]],[[8122,32300],[-97,0],[-97,0],[0,96],[97,0],[0,96],[97,0],[0,96],[96,0],[97,0],[0,97],[97,0],[97,0]],[[8509,32685],[0,-97],[96,0],[0,-96],[97,0],[0,96],[97,0],[96,0],[0,97],[0,96],[97,0],[97,0],[0,96],[0,96]],[[9089,32973],[0,96]],[[9089,33069],[96,0]],[[9185,33069],[0,-96],[97,0],[0,-96],[97,0],[96,0],[0,96],[97,0],[0,96],[97,0],[96,0],[0,-96],[97,0],[0,96],[97,0],[97,0],[0,96],[96,0],[97,0],[0,-96],[0,-96],[0,-96],[0,-96]],[[15470,32973],[97,0],[0,96],[0,96],[-97,0]],[[15373,33165],[0,96],[-96,0],[0,97],[0,96],[-97,0],[-97,0],[-96,0],[-97,0],[0,96],[-97,0],[-96,0],[0,96]],[[14697,33646],[0,96],[0,96],[96,0],[0,96],[0,96],[97,0],[0,97],[0,96],[97,0],[0,96]],[[14987,34319],[0,96],[96,0],[0,-96],[97,0],[97,0],[0,96],[0,96],[-97,0],[0,96],[97,0],[96,0],[97,0],[0,-96],[97,0]],[[15567,34511],[0,-96],[0,-96],[-97,0],[0,-96],[97,0],[96,0],[0,-96],[97,0],[97,0],[96,0],[97,0],[97,0],[0,96],[97,0],[0,96],[96,0],[0,96],[0,96],[97,0],[0,96]],[[16437,34607],[0,96],[97,0],[0,97],[96,0],[0,-97],[97,0],[0,97],[97,0],[96,0],[97,0],[0,-97],[97,0],[0,-96],[0,-96],[0,-96],[96,0],[0,-96],[0,-96],[0,-96],[97,0],[0,-97],[0,-96],[97,0],[96,0],[97,0]],[[17597,33934],[0,-96],[0,-96],[0,-96],[-97,0],[0,-96],[0,-96],[0,-96],[-96,0],[-97,0],[0,-97],[-97,0],[0,-96],[0,-96],[-96,0],[0,-96],[96,0],[0,-96],[0,-96],[0,-96],[97,0],[0,-97],[97,0],[0,-96],[96,0],[97,0],[0,-96]],[[15760,32300],[97,0],[0,96],[0,96],[96,0],[0,96],[97,0],[0,97],[0,96],[97,0],[97,0],[0,96],[0,96],[-97,0],[0,96],[97,0],[0,96],[-97,0],[-97,0],[0,-96],[0,-96],[-97,0],[-96,0],[0,96],[-97,0],[0,-96],[0,-96],[0,-96],[0,-96],[0,-97],[0,-96],[-97,0],[0,-96],[97,0],[0,-96]],[[15277,32685],[0,96],[96,0]],[[15567,34511],[0,96],[96,0],[0,-96],[-96,0]],[[28136,32973],[97,0],[96,0],[0,96],[-96,0],[0,96],[96,0],[0,96],[0,97],[97,0],[0,96],[97,0],[0,96],[97,0],[0,96],[-97,0],[0,96],[0,96],[97,0],[96,0],[0,96],[97,0],[0,96],[97,0],[0,97],[96,0],[97,0],[0,-97],[97,0],[96,0],[97,0],[97,0],[96,0],[97,0],[97,0],[96,0],[0,-96],[97,0],[0,-96],[0,-96]],[[29973,33742],[-97,0],[-96,0],[0,-96],[0,-96],[0,-96],[96,0],[97,0],[97,0],[0,96],[0,96]],[[30070,33646],[97,0],[96,0],[0,-96],[97,0],[97,0],[0,96],[96,0],[97,0],[0,-96],[97,0],[96,0],[97,0],[0,-96],[97,0],[96,0],[0,-96],[97,0],[97,0],[0,-97],[96,0],[97,0],[97,0],[0,-96]],[[31617,33165],[0,-96],[97,0],[96,0],[0,-96],[97,0],[97,0],[0,-96],[96,0],[97,0],[0,96]],[[32197,32973],[97,0]],[[32294,32973],[0,-96],[0,-96],[0,-96],[-97,0],[0,-97],[97,0],[96,0],[0,97],[97,0],[0,96],[-97,0],[0,96],[0,96],[97,0],[0,96],[97,0],[96,0],[0,96],[97,0],[0,-96],[0,-96],[97,0],[0,96],[97,0],[0,96],[96,0],[0,-96],[0,-96],[0,-96],[0,-96],[-96,0],[0,-96],[0,-97],[96,0],[97,0],[0,-96],[0,-96],[0,-96],[97,0],[96,0],[0,-96],[0,-96],[97,0],[97,0],[0,-96],[0,-96],[-97,0],[-97,0],[-96,0],[-97,0],[-97,0],[0,-97],[97,0],[0,-96],[0,-96]],[[32777,31627],[0,96],[-97,0],[0,-96],[-96,0],[-97,0],[0,-96]],[[32487,31435],[-97,0],[0,-96]],[[32294,31916],[96,0],[0,96],[97,0],[97,0],[96,0],[97,0],[0,96],[-97,0],[-96,0],[-97,0],[-97,0],[-96,0],[-97,0],[0,-96],[97,0],[0,-96]],[[32874,32300],[97,0],[0,96],[96,0],[0,96],[-96,0],[-97,0],[0,-96],[0,-96]],[[33744,32396],[0,96],[97,0],[0,-96],[-97,0]],[[33841,32588],[0,97],[96,0],[0,-97],[-96,0]],[[33454,32781],[0,96],[97,0],[0,-96],[-97,0]],[[32100,33069],[97,0],[0,-96]],[[32197,32973],[-97,0],[0,96]],[[33647,33069],[0,-96],[-96,0],[0,96],[-97,0],[-97,0],[0,96],[97,0],[0,96],[97,0],[0,97],[96,0],[0,-97],[0,-96],[0,-96]],[[31907,33165],[97,0],[0,-96]],[[32004,33069],[-97,0],[0,96]],[[32874,33261],[0,97],[97,0]],[[32971,33358],[0,-97],[-97,0]],[[7348,31916],[97,0]],[[5898,33550],[0,96],[0,96],[97,0],[0,96],[0,96],[0,96],[96,0],[0,97],[97,0],[0,96],[0,96],[0,96],[97,0],[0,96],[-97,0],[0,96],[0,96],[97,0],[0,97],[0,96],[0,96],[0,96],[0,96],[96,0],[0,96],[97,0],[0,96],[0,96],[97,0],[0,97]],[[6575,35569],[96,0],[0,-97],[97,0],[97,0],[0,-96],[97,0],[96,0],[0,-96],[97,0],[97,0],[0,-96],[96,0],[97,0],[0,-96],[97,0],[0,-96],[96,0],[0,-96],[97,0],[97,0],[0,-96],[96,0],[0,96],[97,0],[0,-96],[97,0],[96,0],[0,-97],[0,-96],[97,0],[0,-96],[97,0],[0,-96],[97,0],[0,-96]],[[8509,34319],[0,-96],[-97,0],[0,-96],[-97,0],[0,-97],[-97,0],[0,-96],[0,-96],[-96,0],[-97,0],[-97,0],[0,-96],[-96,0],[0,-96],[-97,0],[0,-96],[-97,0],[0,-96],[-96,0],[0,-96],[-97,0],[0,-97],[0,-96],[-97,0],[0,-96],[0,-96],[0,-96]],[[7348,32877],[-96,0],[-97,0],[-97,0],[0,-96],[0,-96],[97,0],[97,0],[0,-97],[0,-96],[0,-96],[96,0],[97,0],[0,96],[97,0],[0,96],[0,97],[0,96],[-97,0],[-97,0],[0,96]],[[7348,32877],[97,0],[97,0],[0,96],[96,0],[0,-96],[97,0],[97,0],[0,96],[96,0],[0,96],[97,0],[97,0],[0,-96],[96,0],[97,0],[97,0],[0,96],[0,96],[97,0],[0,96],[0,97],[96,0],[0,96],[0,96],[97,0],[0,96],[97,0],[0,96],[96,0],[0,96],[97,0],[97,0],[0,96],[96,0],[0,-96],[0,-96],[0,-96],[0,-96]],[[9185,33550],[-96,0],[0,-96],[0,-96],[-97,0],[0,-97],[0,-96],[97,0],[0,-96]],[[9089,32973],[-97,0],[0,96],[-97,0],[0,-96],[-96,0],[0,-96],[-97,0],[0,-96],[-97,0],[-96,0],[0,-96]],[[12279,32300],[0,96],[0,96],[-96,0],[0,96],[0,97],[0,96],[0,96],[96,0],[97,0],[0,96],[97,0],[0,-96],[96,0],[97,0],[97,0],[96,0],[0,96],[97,0],[97,0],[0,96],[97,0],[0,96],[-97,0],[-97,0],[0,96]],[[12956,33261],[97,0],[97,0],[96,0],[0,-96],[97,0],[97,0],[96,0],[97,0],[0,96],[0,97],[97,0],[96,0],[97,0],[97,0],[0,96],[96,0],[0,-96],[97,0],[0,96],[97,0],[0,96],[96,0],[97,0],[97,0],[0,96],[97,0]],[[13536,32492],[97,0],[0,96],[97,0],[0,97],[0,96],[0,96],[-97,0],[0,-96],[-97,0],[-96,0],[0,-96],[0,-97],[96,0],[0,-96]],[[18467,31723],[0,-96]],[[2321,31819],[-97,0],[-97,0]],[[9185,33069],[97,0],[97,0],[0,96],[0,96],[-97,0],[0,97],[-97,0],[0,96],[0,96]],[[9185,33550],[97,0],[97,0],[96,0],[97,0],[97,0],[0,96],[96,0],[0,96],[0,96],[97,0],[97,0],[97,0],[96,0],[97,0],[0,96],[97,0],[96,0],[97,0],[0,96]],[[10539,34030],[97,0],[0,97],[0,96],[0,96],[0,96],[96,0],[97,0],[0,96],[0,96],[-97,0],[0,96],[-96,0],[-97,0],[0,97],[-97,0],[-96,0],[0,96],[96,0],[97,0],[97,0],[0,-96],[96,0],[97,0],[97,0]],[[10926,34800],[0,-97],[96,0],[0,97],[-96,0]],[[10926,34800],[0,96],[96,0],[97,0],[0,96],[0,96],[0,96],[97,0],[96,0],[97,0],[0,96],[0,96],[0,96],[97,0],[0,97],[97,0],[0,96],[0,96],[0,96],[96,0],[0,96],[97,0],[0,96],[0,96],[97,0],[96,0],[97,0],[0,-96],[97,0],[0,96],[96,0],[97,0],[0,96],[97,0],[96,0],[97,0],[0,-96],[0,-96],[0,-96],[0,-96],[-97,0],[0,-96],[0,-96],[0,-96],[-96,0],[0,-97],[0,-96],[0,-96],[-97,0],[0,-96],[-97,0],[0,-96],[97,0],[0,-96],[-97,0],[0,-96],[0,-96],[0,-97],[0,-96],[-96,0],[0,-96],[0,-96],[-97,0],[0,-96],[-97,0]],[[11989,34319],[0,96],[0,96],[-96,0],[0,-96],[-97,0],[0,-96],[0,-96],[0,-96],[97,0]],[[11893,34127],[0,-97],[-97,0],[0,-96],[-97,0],[0,-96],[97,0],[97,0],[0,-96],[0,-96],[96,0],[97,0],[0,96],[97,0],[0,96],[0,96],[0,96]],[[12183,34030],[96,0],[0,-96],[97,0],[97,0],[96,0],[97,0]],[[12666,33934],[0,-96],[0,-96],[97,0],[96,0],[0,-96],[0,-96],[0,-96],[0,-96],[97,0],[0,-97]],[[10539,34030],[-97,0],[0,97],[97,0],[0,-97]],[[11989,34030],[0,97]],[[11989,34127],[97,0],[97,0],[0,-97]],[[12183,34030],[-97,0],[-97,0]],[[11893,34127],[0,96],[0,96],[96,0]],[[11989,34319],[0,-96],[0,-96]],[[11989,34127],[-96,0]],[[20401,32204],[0,96],[0,96],[97,0],[0,96],[0,96],[96,0],[97,0],[0,97],[97,0],[0,96],[0,96],[97,0],[96,0],[0,96],[0,96],[97,0],[0,96],[0,96],[0,97],[97,0],[96,0],[0,96],[0,96],[97,0],[97,0],[96,0],[97,0],[0,-96],[0,-96],[0,-97],[97,0]],[[21755,33261],[0,-96],[0,-96],[96,0],[97,0],[0,96],[0,96],[0,97],[-97,0],[0,-97],[-96,0]],[[21755,33261],[0,97],[0,96],[96,0],[97,0],[97,0],[0,96],[0,96],[0,96],[96,0],[0,96],[0,96],[97,0]],[[22238,33934],[0,-96],[97,0],[0,-96],[97,0],[0,-96],[-97,0],[0,-96],[97,0],[96,0],[0,-96],[-96,0],[0,-96],[0,-97],[0,-96],[-97,0],[-97,0],[0,-96],[97,0],[0,-96],[97,0],[0,-96]],[[21851,32204],[0,96],[-96,0],[-97,0],[0,96],[-97,0],[-96,0],[0,-96],[0,-96],[-97,0],[-97,0],[-96,0],[0,96],[-97,0],[-97,0],[0,-96],[-96,0],[0,-96],[0,-96]],[[17597,33934],[97,0],[97,0],[96,0],[0,96],[97,0],[97,0],[0,97],[96,0],[97,0],[0,96],[97,0],[96,0],[0,96],[97,0],[97,0],[0,96],[96,0]],[[18757,34415],[0,-96],[0,-96],[0,-96],[0,-97],[0,-96],[97,0],[0,-96],[0,-96],[97,0],[0,-96],[0,-96],[-97,0],[0,-96],[-97,0],[0,-96],[0,-97],[-96,0],[0,-96],[-97,0],[0,-96],[-97,0],[0,-96],[0,-96],[0,-96]],[[17597,32781],[97,0],[0,96]],[[17694,32877],[97,0],[96,0],[0,96],[-96,0],[0,96],[-97,0],[-97,0],[0,-96],[97,0],[0,-96]],[[17694,32877],[-97,0],[0,-96]],[[18081,33454],[96,0],[97,0],[97,0],[0,96],[-97,0],[-97,0],[0,96],[0,96],[-96,0],[0,-96],[0,-96],[0,-96]],[[26202,32396],[97,0],[97,0],[0,96],[0,96]],[[25622,32781],[97,0],[97,0],[0,-96],[96,0],[0,-97]],[[26299,32588],[0,97]],[[26396,32588],[-97,0]],[[25526,33742],[0,-96]],[[1644,32396],[-97,0],[0,96],[0,96],[0,97],[-97,0],[0,96],[-96,0],[-97,0],[-97,0],[-96,0],[-97,0],[0,96],[97,0],[0,96],[96,0],[0,96],[0,96],[0,96],[0,97],[-96,0],[0,96],[0,96],[0,96],[96,0],[0,96],[0,96],[97,0],[97,0],[0,-96],[96,0],[0,96],[0,96],[0,96],[97,0],[0,97]],[[1547,34127],[97,0],[96,0],[0,96],[97,0],[97,0],[96,0],[97,0],[0,96],[97,0],[97,0],[96,0]],[[2417,34319],[0,-96],[0,-96],[0,-97],[97,0]],[[1837,32588],[-97,0],[0,-96],[0,-96],[-96,0]],[[18757,34415],[0,96],[0,96],[0,96],[0,97],[0,96],[-96,0],[0,96],[0,96],[-97,0],[0,-96],[-97,0],[-96,0],[0,96],[-97,0]],[[18274,35088],[0,96],[97,0],[0,96],[0,96]],[[18371,35376],[96,0],[0,96]],[[18467,35472],[97,0],[97,0],[0,97],[-97,0],[-97,0]],[[18467,35569],[0,96],[-96,0],[0,96],[0,96],[-97,0],[0,96],[97,0],[0,96],[96,0],[0,96],[97,0],[97,0],[96,0],[0,96],[97,0],[97,0],[0,97],[0,96],[0,96],[96,0],[0,96]],[[19047,36626],[97,0],[0,96],[97,0],[0,-96],[97,0],[0,-96],[96,0],[0,-96],[0,-96],[0,-97],[0,-96],[0,-96],[0,-96],[97,0],[0,96]],[[19531,36049],[97,0],[0,96],[96,0],[97,0],[97,0],[0,-96],[0,-96],[0,-96],[0,-96],[-97,0],[0,-96],[97,0],[96,0],[0,96],[97,0],[97,0],[0,96],[96,0],[0,96],[0,96],[0,96],[0,96],[0,97],[97,0],[97,0],[96,0],[97,0]],[[20691,36338],[0,-97],[0,-96],[0,-96],[0,-96],[97,0],[0,-96],[0,-96]],[[20788,35761],[0,-96],[0,-96],[-97,0],[0,-97],[-97,0],[-96,0],[-97,0],[0,-96],[-97,0],[-96,0],[0,-96],[0,-96],[-97,0],[0,-96],[-97,0],[-96,0],[0,-96],[0,-96],[0,-96],[0,-97],[96,0],[0,-96],[0,-96],[-96,0],[-97,0],[0,-96],[0,-96],[-97,0],[0,-96],[97,0],[97,0],[0,-96],[-97,0],[0,-97],[0,-96],[0,-96],[-97,0],[0,-96],[0,-96],[0,-96],[-96,0],[0,-96],[-97,0],[-97,0],[0,-96],[0,-97],[0,-96],[0,-96],[-96,0],[-97,0],[-97,0],[0,-96],[0,-96],[0,-96],[-97,0]],[[19434,34030],[97,0],[0,97],[-97,0],[0,-97]],[[22238,33934],[97,0],[97,0],[0,96]],[[22432,34030],[96,0],[0,97],[97,0],[0,-97],[97,0],[96,0],[97,0],[0,97],[0,96],[0,96],[0,96],[0,96],[-97,0],[0,-96],[-96,0],[-97,0],[0,96],[-97,0],[0,-96],[-96,0],[0,-96],[96,0],[0,-96],[-96,0],[-97,0],[0,-96],[97,0],[0,-97]],[[22432,34030],[-97,0],[-97,0],[0,97],[0,96],[0,96]],[[22238,34319],[97,0],[0,96],[-97,0],[0,-96]],[[22238,34319],[-97,0],[-96,0],[-97,0],[0,96],[0,96],[-97,0],[0,96],[-96,0],[0,-96],[-97,0],[0,96],[0,96],[0,97],[0,96],[97,0],[0,96],[96,0],[0,96],[97,0],[0,96],[0,96],[0,96],[97,0],[0,96],[-97,0],[0,97],[0,96],[0,96],[0,96]],[[21948,35857],[97,0],[96,0],[97,0],[0,-96],[97,0],[0,96],[97,0],[0,96],[96,0],[97,0],[0,96],[97,0],[0,96],[0,96],[0,97],[0,96],[96,0],[0,96],[0,96],[97,0],[97,0],[0,96],[96,0],[0,96],[97,0],[0,96],[-97,0],[0,97],[97,0],[0,96],[0,96],[97,0],[0,-96],[96,0],[97,0],[97,0],[0,96],[0,96],[96,0],[0,96],[97,0],[0,96],[97,0],[0,96],[0,96],[97,0],[0,-96],[96,0],[97,0],[97,0],[0,-96],[0,-96],[96,0]],[[24365,37395],[97,0],[0,96],[97,0],[96,0],[0,-96],[97,0],[0,-96],[0,-96],[0,-96]],[[24752,37107],[0,-96],[0,-97],[97,0],[0,-96],[96,0],[0,-96],[0,-96],[0,-96],[97,0],[0,-96],[97,0],[0,-96],[0,-97],[96,0],[0,-96],[0,-96],[0,-96],[-96,0],[0,-96],[0,-96],[0,-96],[0,-96],[0,-97],[-97,0],[0,-96],[97,0],[0,-96]],[[23688,34223],[97,0],[0,96],[0,96],[-97,0],[-96,0]],[[23592,34415],[0,96],[-97,0],[-97,0],[-96,0],[-97,0],[0,-96],[97,0],[96,0],[97,0],[97,0]],[[23592,34415],[0,-96],[96,0],[0,-96]],[[21271,35472],[97,0],[0,97],[97,0]],[[21465,35569],[0,-97],[0,-96],[-97,0],[-97,0],[0,96]],[[27363,33934],[0,96],[-97,0],[-97,0]],[[26976,34030],[-97,0],[-97,0],[-96,0]],[[25912,35088],[0,96],[0,96],[97,0],[97,0],[0,96],[96,0],[0,96],[97,0],[97,0],[96,0],[97,0],[97,0],[0,-96],[96,0],[97,0],[0,-96],[97,0],[97,0],[0,-96],[96,0],[97,0]],[[27266,35184],[0,-96],[97,0],[0,-96],[0,-96],[96,0],[97,0],[97,0],[96,0],[0,-96],[97,0],[97,0],[0,96],[0,96],[96,0],[97,0],[0,-96],[97,0],[96,0],[97,0],[0,96],[-97,0],[0,96],[-96,0],[0,96],[-97,0],[0,96],[-97,0],[0,96],[0,96],[-96,0],[-97,0],[-97,0]],[[27749,35472],[0,97],[97,0],[0,96],[97,0],[0,96],[96,0],[0,96],[-96,0],[0,96],[96,0],[0,96],[0,96],[97,0],[0,96],[0,97],[0,96],[0,96],[97,0],[0,96],[96,0],[0,96],[97,0],[0,96],[0,96],[0,97],[97,0],[0,96],[0,96],[97,0],[0,96],[96,0],[97,0],[0,96],[97,0],[0,96],[96,0],[0,96]],[[29006,37587],[97,0],[0,-96],[97,0],[0,-96],[96,0],[97,0],[97,0],[0,-96],[96,0],[0,-96]],[[29586,37203],[0,-96],[97,0],[0,-96],[97,0],[0,-97],[-97,0],[0,-96],[0,-96],[97,0],[0,96],[96,0],[0,-96],[97,0],[0,-96],[97,0],[0,-96],[0,-96],[97,0],[0,-96],[0,-97],[0,-96],[0,-96],[96,0],[97,0],[97,0],[0,-96],[96,0],[97,0],[97,0],[0,96],[96,0],[97,0],[97,0],[96,0],[97,0],[0,-96],[97,0],[96,0],[97,0],[0,-96],[97,0],[97,0],[96,0],[0,-96],[97,0],[97,0],[0,-96],[0,-96],[96,0],[0,-97],[97,0],[0,-96],[97,0],[0,-96],[0,-96]],[[32294,35184],[-97,0],[-97,0],[-96,0],[-97,0]],[[31907,35184],[0,96],[-97,0],[-96,0],[-97,0],[0,-96],[97,0],[96,0],[97,0]],[[31907,35184],[0,-96],[97,0],[96,0],[97,0],[97,0],[96,0],[97,0],[0,-96],[97,0],[0,-96],[0,-96],[0,-97],[-97,0],[0,-96],[97,0],[96,0],[97,0],[0,-96],[97,0],[0,-96],[0,-96],[97,0],[0,-96],[96,0],[0,96],[97,0],[97,0],[0,-96],[96,0],[0,-96],[97,0],[0,-97],[97,0],[96,0],[97,0],[0,-96],[0,-96],[0,-96],[-97,0],[-96,0],[-97,0],[0,-96],[-97,0],[0,-96],[-96,0],[-97,0],[-97,0],[-96,0],[0,-96],[0,-96]],[[32874,33261],[-97,0],[-97,0],[-96,0],[-97,0],[0,-96],[-97,0],[0,-96],[-96,0],[0,-96]],[[32100,33069],[-96,0]],[[31907,33165],[-97,0],[-96,0],[-97,0]],[[30070,33646],[-97,0],[0,96]],[[29296,34415],[97,0],[0,96],[97,0],[0,96],[-97,0],[0,96],[-97,0],[-96,0],[0,97],[0,96],[-97,0],[-97,0],[0,96],[-96,0],[0,96],[-97,0],[0,-96],[0,-96],[97,0],[0,-96],[0,-97],[-97,0],[-97,0],[0,-96],[97,0],[97,0],[0,-96],[96,0],[97,0],[0,96],[97,0],[0,-96],[96,0],[0,-96]],[[29393,34896],[97,0],[96,0],[97,0],[0,96],[-97,0],[-96,0],[0,96]],[[29490,35088],[96,0],[97,0],[97,0],[0,96],[96,0],[0,96],[97,0],[97,0],[97,0],[0,-96],[96,0],[0,-96],[0,-96],[0,-96],[97,0],[97,0],[0,96],[-97,0],[0,96],[97,0],[0,96],[0,96],[0,96],[96,0],[97,0],[97,0],[0,-96],[96,0],[97,0],[0,-96],[97,0],[0,96],[0,96],[-97,0],[-97,0],[0,96],[-96,0],[-97,0],[-97,0],[-96,0],[-97,0],[-97,0],[-96,0],[-97,0],[0,97],[-97,0],[-97,0],[-96,0],[-97,0],[-97,0],[-96,0],[0,-97],[96,0],[0,-96],[0,-96],[0,-96],[-96,0],[0,-96]],[[29490,35088],[-97,0],[0,-96],[0,-96]],[[28813,35376],[97,0],[0,96]],[[28910,35472],[96,0],[97,0],[0,97],[97,0],[0,96],[-97,0],[0,96],[-97,0],[0,-96],[-96,0],[0,-96],[0,-97]],[[28910,35472],[-97,0],[0,-96]],[[3287,33165],[0,96],[-96,0]],[[2417,34319],[0,96],[0,96],[0,96],[97,0],[0,96],[97,0],[96,0],[0,97],[97,0],[0,96],[-97,0],[0,96],[0,96],[0,96],[0,96],[97,0],[0,96],[97,0],[0,96],[0,97],[0,96],[0,96],[0,96],[96,0],[0,96],[97,0],[0,96],[97,0],[0,-96],[96,0],[0,-96],[97,0],[97,0],[0,-96],[96,0],[97,0],[0,-96],[97,0],[0,96],[97,0],[0,96],[0,96],[0,96],[0,96],[0,96],[0,97],[0,96],[96,0],[0,96],[0,96],[0,96],[0,96],[97,0],[0,96],[0,97],[0,96],[97,0],[0,96],[0,96],[0,96],[0,96],[-97,0],[0,96]],[[4061,37587],[97,0],[96,0],[97,0],[97,0],[0,-96],[0,-96],[96,0],[0,-96],[0,-96],[0,-96],[0,-96],[0,-97],[97,0],[97,0]],[[4738,36914],[0,-96],[96,0],[0,-96],[-96,0],[0,-96],[96,0],[0,-96],[97,0],[0,-96],[97,0],[96,0],[0,-96],[0,-97],[0,-96],[0,-96],[0,-96],[0,-96],[0,-96],[0,-96],[-96,0],[0,-96],[-97,0],[0,-97],[-97,0],[0,-96],[-96,0],[0,-96],[0,-96],[0,-96],[0,-96],[0,-96],[0,-96],[0,-97],[-97,0],[0,-96],[0,-96],[97,0],[0,-96],[96,0],[0,-96],[0,-96],[0,-96],[0,-97],[0,-96],[0,-96],[97,0],[0,-96],[0,-96],[0,-96]],[[4931,33550],[-97,0],[0,-96]],[[12666,33934],[97,0],[0,96],[0,97],[0,96],[0,96],[96,0],[0,96],[0,96],[97,0],[0,96],[0,96],[0,97],[97,0],[0,96],[0,96],[0,96],[97,0],[0,96],[96,0],[0,96],[97,0],[97,0],[0,96],[96,0],[97,0],[97,0],[0,96],[0,97],[96,0],[0,96],[97,0],[0,96],[97,0],[96,0],[97,0],[0,-96],[0,-96],[97,0],[0,96],[0,96],[96,0],[0,96],[97,0],[0,96],[-97,0],[0,96],[0,96],[97,0],[97,0],[0,-96],[0,-96],[97,0],[96,0]],[[14793,35953],[0,-96],[-96,0],[0,-96],[0,-96],[0,-96],[-97,0],[0,-97],[-97,0],[0,-96],[97,0],[0,-96],[0,-96],[97,0],[0,-96],[-97,0],[0,-96],[-97,0],[0,-96],[0,-96],[97,0],[0,-97],[97,0],[96,0],[0,-96],[97,0],[0,-96],[0,-96],[0,-96],[97,0]],[[4738,36914],[96,0],[0,97],[97,0],[0,96],[0,96],[0,96],[97,0],[96,0],[97,0],[97,0],[0,96],[97,0],[96,0],[0,-96],[97,0]],[[5608,37299],[0,-96],[97,0],[0,-96],[96,0],[97,0],[97,0],[0,96],[96,0],[97,0],[97,0],[0,96],[96,0],[0,-96],[97,0],[0,-96],[97,0],[0,-96],[96,0],[0,-97],[0,-96]],[[6671,36818],[0,-96],[97,0],[0,-96],[0,-96],[97,0],[0,-96],[0,-96],[0,-97],[0,-96],[0,-96],[-97,0],[0,-96],[0,-96],[-97,0],[0,-96],[0,-96],[-96,0],[0,-96]],[[16437,34607],[-97,0],[0,96],[0,97],[0,96],[0,96],[97,0],[0,96],[0,96],[97,0],[0,96],[0,96],[96,0],[0,96]],[[16630,35472],[0,97],[97,0],[0,96],[0,96],[-97,0]],[[16630,35761],[-96,0],[-97,0],[0,96],[0,96],[97,0],[96,0],[0,96],[97,0],[97,0],[96,0],[0,96],[97,0],[0,96],[0,97],[97,0],[0,96],[0,96],[-97,0],[0,96],[-97,0],[0,96],[97,0],[0,96],[97,0],[0,-96],[96,0],[97,0],[0,96],[97,0],[0,96],[96,0],[97,0]],[[17597,36914],[97,0],[97,0],[0,97],[96,0],[97,0],[0,96],[97,0],[0,96],[0,96],[96,0],[97,0],[0,-96],[97,0],[96,0],[0,96],[97,0],[0,96],[97,0],[96,0],[0,-96],[97,0],[0,-96],[0,-96],[97,0]],[[18951,37107],[0,-96],[-97,0],[0,-97],[97,0],[0,-96],[0,-96],[96,0],[0,-96]],[[18467,35569],[0,-97]],[[18467,35472],[-96,0],[0,-96]],[[18371,35376],[-97,0],[0,-96],[-97,0],[0,-96],[0,-96]],[[18177,35088],[-96,0],[0,-96],[0,-96],[-97,0],[0,-96],[97,0],[96,0]],[[18177,34800],[0,-97],[97,0],[0,97],[-97,0]],[[18177,34800],[0,96],[0,96],[0,96]],[[18177,35088],[97,0]],[[1547,34127],[0,96],[-97,0],[0,96],[0,96],[-96,0],[0,96],[0,96],[-97,0],[0,96],[0,97],[0,96],[0,96],[0,96],[97,0],[96,0],[0,96],[-96,0],[0,96]],[[1354,35280],[96,0],[0,96],[0,96],[0,97],[-96,0],[0,96],[0,96],[0,96]],[[1354,35857],[96,0],[0,96],[-96,0],[0,-96]],[[1354,35857],[-97,0],[-97,0],[0,96],[0,96],[0,96],[97,0],[0,96],[0,97],[-97,0],[0,96],[0,96],[0,96],[-96,0],[-97,0],[0,96],[0,96],[0,96],[0,97],[0,96],[-97,0],[0,96],[-96,0],[0,96],[0,96],[0,96],[0,96],[96,0],[97,0],[0,96],[0,97],[97,0],[0,96]],[[1064,37876],[96,0],[97,0],[0,96],[97,0],[0,96],[96,0],[97,0],[0,-96],[97,0],[0,96],[96,0],[97,0],[97,0],[96,0],[0,96],[0,96],[97,0],[0,-96],[97,0],[0,-96],[0,-96],[97,0],[0,96],[96,0],[0,96],[97,0],[97,0],[0,96],[96,0],[0,96],[0,97],[0,96]],[[2707,38549],[97,0],[97,0],[96,0],[0,-96],[97,0],[0,96],[97,0],[96,0],[97,0],[97,0],[96,0],[0,96],[97,0],[97,0]],[[3771,38645],[0,-96],[97,0],[0,-96],[0,-97],[96,0],[0,-96],[97,0],[0,-96],[0,-96],[0,-96],[0,-96],[0,-96],[97,0],[0,-97],[-97,0],[0,-96]],[[290,35184],[0,96],[97,0],[0,-96],[-97,0]],[[1257,35280],[-97,0],[0,96],[97,0],[0,96],[97,0],[0,-96],[0,-96]],[[1354,35280],[-97,0]],[[967,37299],[97,0],[0,96],[-97,0],[0,-96]],[[1160,37491],[97,0],[0,96],[-97,0],[0,-96]],[[14793,35953],[0,96],[97,0],[97,0],[0,96],[0,96],[-97,0],[0,97],[97,0],[0,96],[0,96],[0,96],[96,0],[0,-96],[97,0],[0,96],[97,0],[96,0],[0,96],[0,96],[0,96],[-96,0],[0,97],[-97,0],[-97,0],[0,96],[-96,0],[0,96],[-97,0],[-97,0],[-96,0],[0,96],[0,96],[96,0],[0,96],[97,0],[0,96],[0,96],[97,0],[96,0],[0,97],[97,0],[97,0],[0,-97],[0,-96],[96,0],[97,0],[97,0],[96,0],[0,-96],[97,0],[97,0],[0,96],[0,96],[96,0],[0,97],[97,0],[0,96],[97,0],[0,96],[97,0],[0,-96],[96,0],[0,-96],[0,-97],[-96,0],[0,-96],[0,-96],[0,-96],[0,-96]],[[16244,37299],[-97,0],[0,-96],[97,0],[0,96]],[[16244,37299],[96,0],[97,0],[97,0],[0,96],[0,96],[96,0],[0,96],[0,96],[0,97],[97,0],[97,0],[0,96],[0,96],[0,96],[96,0]],[[16920,38068],[0,-96],[97,0],[97,0],[96,0],[97,0],[97,0],[96,0],[97,0],[0,-96],[0,-96],[0,-97],[0,-96],[0,-96],[0,-96],[0,-96],[0,-96],[0,-96],[0,-96],[0,-97]],[[16630,35761],[0,-96],[-96,0],[0,-96],[0,-97],[96,0]],[[15083,35761],[97,0],[0,96],[97,0],[0,96],[96,0],[0,96],[97,0],[97,0],[0,96],[96,0]],[[15663,36145],[0,-96],[0,-96],[-96,0],[0,-96],[96,0],[97,0],[97,0],[96,0],[0,96],[0,96],[97,0],[97,0],[0,96],[-97,0],[0,96],[-97,0]],[[15953,36241],[0,97],[0,96],[97,0],[0,96],[0,96],[97,0],[97,0],[0,96],[-97,0],[-97,0],[-97,0],[0,-96],[0,-96],[-96,0],[-97,0],[-97,0],[-96,0],[0,-96],[-97,0],[0,-96],[-97,0],[0,-97],[-96,0],[-97,0],[-97,0],[0,-96],[0,-96],[0,-96],[0,-96],[0,-96]],[[15663,36145],[0,96],[97,0],[97,0],[96,0]],[[15953,36241],[0,-96],[-96,0],[-97,0],[-97,0]],[[13923,37683],[0,-96],[-97,0],[0,96],[0,97],[0,96],[97,0],[97,0],[0,-96],[0,-97],[-97,0]],[[6671,36818],[97,0],[0,96],[97,0],[0,97],[97,0],[0,-97],[96,0],[0,97],[97,0],[0,96],[0,96],[0,96],[-97,0],[0,96],[-96,0],[0,96],[0,96],[0,96],[96,0],[0,97],[0,96],[97,0],[97,0],[96,0],[97,0],[0,-96],[97,0],[96,0],[0,96],[97,0],[0,-96],[0,-97],[97,0],[96,0],[0,97],[0,96],[97,0],[0,96],[97,0]],[[8122,37972],[0,-96],[0,-96],[96,0],[0,-97],[0,-96],[97,0],[0,-96],[97,0],[0,96],[97,0],[0,-96],[96,0],[0,-96],[97,0]],[[8702,37395],[0,-96],[0,-96],[0,-96],[0,-96],[-97,0],[0,-97],[0,-96],[0,-96],[-96,0],[0,-96],[0,-96],[0,-96],[0,-96],[0,-97],[0,-96],[96,0],[0,-96],[0,-96],[97,0],[0,-96],[97,0],[0,-96],[96,0],[0,-96],[97,0],[0,96],[97,0],[96,0],[97,0],[0,-96],[97,0],[0,-96],[0,-97],[-97,0],[0,-96],[-97,0],[0,-96],[0,-96],[-96,0],[0,-96],[-97,0],[0,-96],[0,-96],[-97,0],[0,-96],[-96,0],[0,-97],[-97,0],[0,-96],[0,-96],[0,-96],[-97,0],[0,-96],[-96,0]],[[24752,37107],[97,0],[0,96],[96,0],[0,96],[0,96],[0,96],[0,96],[0,96],[97,0],[97,0],[96,0],[97,0],[97,0],[0,97],[97,0],[0,96],[0,96],[96,0],[0,96],[97,0],[0,96],[0,96],[-97,0],[0,96],[0,97],[-96,0],[0,96],[0,96]],[[25526,38645],[96,0],[0,96],[97,0],[97,0],[0,96],[0,96],[96,0],[97,0],[0,-96],[97,0],[96,0],[0,96]],[[26202,38933],[97,0],[0,96],[97,0],[96,0],[0,-96],[0,-96],[0,-96],[97,0],[0,-96],[97,0],[0,96],[0,96],[96,0],[0,96],[0,96],[97,0],[0,96],[0,97],[0,96],[97,0],[97,0],[96,0],[0,-96],[97,0],[0,-97],[0,-96],[97,0],[0,-96],[0,-96],[96,0],[0,-96],[97,0],[97,0],[0,-96]],[[27653,38645],[0,-96],[96,0],[97,0]],[[27846,38549],[97,0]],[[27943,38549],[0,-96],[96,0]],[[28039,38453],[97,0],[97,0],[0,-97],[96,0],[97,0],[0,-96],[97,0],[0,-96],[0,-96],[0,-96],[97,0],[96,0],[0,-96],[97,0],[0,-96],[97,0],[0,-97],[96,0],[0,-96]],[[27749,35472],[0,-96],[-96,0],[0,-96],[0,-96],[-97,0],[-97,0],[-96,0],[0,96],[-97,0],[0,-96]],[[26589,35761],[97,0],[0,96],[96,0],[0,96],[97,0],[97,0],[97,0],[0,96],[0,96],[-97,0],[-97,0],[-97,0],[0,-96],[-96,0],[0,96],[-97,0],[0,-96],[0,-96],[0,-96],[0,-96]],[[32874,35088],[-97,0],[0,96],[-97,0],[-96,0],[-97,0],[-97,0],[-96,0]],[[29586,37203],[97,0],[97,0],[0,-96],[96,0],[0,-96],[97,0],[97,0],[97,0],[0,-97],[96,0],[97,0],[97,0],[0,-96],[96,0],[97,0],[0,-96],[97,0],[96,0],[0,96],[97,0],[97,0],[96,0],[0,96],[97,0],[97,0],[0,97],[0,96],[0,96],[96,0],[0,96]],[[31423,37299],[97,0],[0,96]],[[31520,37395],[0,96],[-97,0],[0,96]],[[31423,37587],[0,96],[-96,0]],[[31327,37683],[0,97],[0,96],[-97,0],[-97,0]],[[31133,37876],[0,96],[97,0],[0,96],[97,0],[96,0],[0,-96],[97,0],[97,0],[0,96],[97,0],[0,96]],[[31714,38164],[96,0],[97,0],[97,0],[0,96],[96,0],[0,96],[0,97],[0,96],[97,0],[97,0],[0,96],[96,0],[97,0],[0,96],[97,0],[96,0],[0,-96],[97,0],[97,0],[0,96],[0,96],[0,96]],[[32874,38933],[0,96]],[[32874,39029],[0,96],[97,0],[0,97],[96,0],[0,96],[97,0],[0,96]],[[33164,39414],[97,0],[0,96]],[[33261,39510],[96,0],[0,96],[97,0],[97,0],[0,-96],[96,0]],[[33647,39510],[97,0]],[[33744,39510],[0,-96],[97,0],[0,96]],[[33841,39510],[96,0],[0,-96],[97,0],[0,-96],[0,-96],[97,0],[0,-97],[96,0],[97,0],[0,-96],[97,0],[0,96],[97,0],[0,-96],[96,0]],[[34614,39029],[0,-96],[97,0]],[[34711,38933],[0,-96],[97,0],[96,0],[97,0],[97,0],[0,-96],[96,0],[0,-96],[97,0],[97,0],[0,-96],[0,-96],[96,0],[0,96],[97,0],[0,96],[97,0]],[[35678,38645],[0,-96],[0,-96],[0,-97],[96,0],[0,-96],[0,-96],[0,-96],[-96,0],[0,-96],[-97,0],[0,-96],[0,-96],[0,-97],[0,-96],[97,0],[0,-96],[96,0],[97,0],[0,-96],[97,0],[0,-96],[0,-96],[0,-96]],[[35968,37107],[-97,0],[0,-96],[0,-97],[0,-96],[0,-96],[0,-96],[0,-96],[-97,0],[0,96],[-96,0],[-97,0],[0,-96],[-97,0],[0,96],[-96,0],[0,-96],[-97,0],[0,-96],[0,-96],[-97,0],[0,-97],[-96,0],[0,97],[-97,0],[-97,0],[-96,0],[-97,0],[-97,0],[0,-97],[-96,0],[-97,0],[0,97],[-97,0],[-97,0],[0,-97],[97,0],[0,-96]],[[34324,36145],[-97,0],[0,-96],[-96,0],[-97,0],[-97,0],[-96,0],[-97,0],[0,96],[-97,0],[0,-96],[0,-96],[0,-96],[-96,0],[0,-96],[96,0],[97,0],[97,0]],[[33841,35761],[0,-96],[96,0],[0,-96]],[[33937,35569],[0,-97],[0,-96],[-96,0],[0,-96],[-97,0],[0,-96],[-97,0],[-96,0],[-97,0],[0,-96],[-97,0],[-96,0],[-97,0],[-97,0],[-96,0],[-97,0]],[[36258,36145],[-97,0],[0,96],[0,97],[-96,0],[0,96],[-97,0],[0,96],[0,96],[0,96],[0,96],[97,0],[0,96],[96,0],[97,0],[0,97]],[[36258,37011],[97,0]],[[36355,37011],[0,-97],[96,0],[0,-96],[0,-96],[97,0],[0,-96],[-97,0],[0,-96],[-96,0],[0,-96],[96,0],[0,-96],[0,-97],[-96,0],[0,-96],[-97,0]],[[33647,36338],[97,0],[97,0],[0,96],[0,96],[96,0],[0,96],[97,0],[0,96],[0,96],[-97,0],[-96,0],[-97,0],[0,96],[-97,0],[-96,0],[0,97],[-97,0],[0,-97],[0,-96],[0,-96],[0,-96],[97,0],[0,-96],[96,0],[0,-96],[0,-96]],[[31617,38164],[0,96],[97,0],[0,-96]],[[31714,38164],[-97,0]],[[21271,35472],[0,97],[0,96],[0,96],[0,96]],[[21271,35857],[97,0],[0,96]],[[21368,35953],[97,0],[96,0],[0,-96],[0,-96],[0,-96],[-96,0],[0,-96]],[[20691,36338],[0,96],[0,96],[0,96],[0,96],[-97,0],[0,96],[0,96],[-96,0],[0,97],[-97,0],[0,96],[0,96],[0,96],[0,96],[0,96],[0,96],[97,0],[0,96],[0,97],[0,96],[0,96]],[[20498,37972],[96,0],[97,0],[97,0]],[[20788,37972],[0,-96],[97,0],[0,96],[-97,0]],[[20788,37972],[0,96],[97,0],[0,96],[96,0],[0,96],[97,0],[0,96],[97,0],[0,97],[0,96],[-97,0],[0,96],[-97,0],[0,96],[0,96]],[[20981,38837],[0,96],[97,0],[97,0],[96,0],[97,0],[97,0],[0,96],[96,0],[97,0],[0,96],[97,0],[0,97],[96,0],[97,0],[97,0],[0,-97],[96,0],[97,0],[0,97],[97,0],[0,96],[97,0],[96,0],[97,0],[0,96],[97,0],[96,0],[97,0],[0,-96],[0,-96]],[[22915,39222],[0,-97],[97,0],[96,0],[97,0]],[[23205,39125],[97,0],[96,0],[0,-96],[0,-96],[-96,0],[0,-96],[96,0],[97,0],[0,96],[97,0],[96,0],[0,-96],[0,-96],[97,0],[0,-96],[97,0],[0,-96],[97,0],[96,0],[0,-96],[97,0],[0,-97],[0,-96],[97,0],[0,-96],[0,-96],[0,-96],[0,-96],[96,0],[0,-96],[0,-97],[0,-96],[0,-96],[0,-96]],[[21948,35857],[0,96],[97,0],[0,96],[96,0],[0,96],[0,96],[0,97],[97,0],[0,96],[0,96],[0,96],[-97,0],[0,-96],[-96,0],[0,96],[-97,0],[0,96],[0,96],[0,96],[0,97],[-97,0],[0,-97],[-96,0],[0,-96],[0,-96],[0,-96],[0,-96],[-97,0],[0,-96],[-97,0],[-96,0],[0,-96],[-97,0],[0,-97],[0,-96],[0,-96],[0,-96]],[[21368,35953],[-97,0],[0,-96]],[[21271,35857],[-96,0],[-97,0],[-97,0],[0,96],[-96,0],[0,-96],[0,-96],[-97,0]],[[21948,37683],[97,0],[0,97],[-97,0],[0,-97]],[[33841,35761],[96,0],[97,0],[0,-96],[97,0]],[[34131,35665],[0,-96],[-97,0],[-97,0]],[[34324,35665],[0,-96],[-97,0],[0,96]],[[34227,35665],[0,96],[97,0],[0,96],[-97,0],[0,96],[-96,0],[-97,0],[-97,0],[-96,0],[0,-96],[0,-96]],[[34324,36145],[97,0],[97,0],[0,-96],[96,0],[0,-96],[-96,0],[0,-96],[0,-96],[0,-96],[0,-96],[-97,0],[0,96],[-97,0]],[[19531,36049],[0,96],[0,96],[0,97],[0,96],[0,96],[97,0],[0,96],[96,0],[0,96],[0,96],[0,96],[0,97],[-96,0],[0,96],[0,96],[-97,0],[-97,0],[0,96],[-96,0],[-97,0],[0,-96],[-97,0],[0,-96],[-97,0]],[[19047,37107],[0,96],[0,96],[-96,0],[0,96],[96,0],[0,96],[-96,0],[-97,0],[0,96],[97,0],[0,96],[96,0],[0,97],[0,96],[-96,0],[0,96],[-97,0],[0,96],[-97,0],[-96,0],[0,96],[0,96],[0,96]],[[18661,38356],[0,97],[96,0],[0,96],[97,0],[0,96],[0,96],[0,96],[0,96],[0,96],[0,96]],[[18854,39125],[97,0],[0,97],[96,0],[97,0],[97,0],[97,0],[0,96],[96,0],[0,-96],[97,0],[0,96],[0,96],[-97,0],[0,96],[0,96],[0,96],[0,96],[97,0],[0,96],[0,97],[97,0],[0,96],[96,0],[0,96],[97,0],[97,0],[96,0],[97,0]],[[20111,40183],[97,0],[0,96],[96,0],[97,0],[97,0],[96,0],[0,96],[97,0],[97,0],[97,0],[0,96],[96,0],[0,-96],[0,-96],[0,-96],[-96,0],[0,-96],[0,-96],[0,-97],[0,-96],[0,-96],[0,-96],[-97,0],[0,-96],[0,-96],[97,0]],[[20885,39414],[0,-96],[0,-96],[96,0]],[[20981,39222],[0,-97],[-96,0],[0,-96],[0,-96],[-97,0],[0,-96],[97,0],[96,0]],[[20498,37972],[0,96],[0,96],[-97,0],[0,-96],[0,-96],[97,0]],[[20981,39222],[0,96],[97,0],[0,-96],[-97,0]],[[20111,39510],[97,0],[0,96],[0,96],[-97,0],[0,96],[-97,0],[0,-96],[0,-96],[97,0],[0,-96]],[[34227,35665],[-96,0]],[[28039,38453],[0,96],[-96,0]],[[27846,38549],[0,96]],[[27846,38645],[97,0],[0,96],[0,96],[96,0],[0,96],[97,0],[0,96],[97,0],[0,96],[96,0],[0,97],[97,0],[97,0],[0,96],[0,96],[97,0],[96,0],[97,0],[0,96],[0,96],[-97,0],[0,96],[-96,0],[0,96],[0,96],[-97,0],[0,97],[-97,0],[0,96],[-97,0],[0,96],[-96,0],[0,96],[0,96]],[[28233,40375],[0,96],[0,96],[0,97],[-97,0],[0,96],[-97,0]],[[28039,40760],[0,96],[-96,0]],[[27943,40856],[-97,0],[-97,0],[-96,0],[0,96],[-97,0],[-97,0],[-96,0]],[[27363,40952],[0,96],[-97,0],[-97,0],[0,96],[0,96],[97,0],[97,0],[0,96],[96,0],[97,0],[97,0],[0,97],[96,0],[97,0],[0,96],[97,0],[96,0],[97,0],[0,96],[0,96],[97,0],[96,0],[97,0]],[[28426,41721],[0,-96],[0,-96],[97,0],[0,-96],[0,-97],[97,0],[96,0],[97,0],[97,0],[0,-96],[96,0],[0,-96],[0,-96],[97,0],[0,-96],[0,-96],[0,-96],[97,0],[0,96],[96,0],[97,0],[97,0],[0,96],[96,0],[97,0],[97,0],[96,0],[0,96],[97,0],[0,96],[97,0],[0,96],[97,0],[96,0],[0,96],[97,0],[97,0]],[[30457,41336],[0,-96],[96,0],[0,-96],[0,-96],[0,-96],[0,-96],[0,-96],[0,-96],[0,-97],[0,-96],[0,-96],[0,-96],[97,0],[0,-96],[97,0],[0,-96],[96,0],[0,-96],[0,-97],[0,-96],[0,-96],[97,0],[0,-96],[97,0],[0,-96],[96,0],[0,-96],[-96,0],[0,-96],[96,0],[0,-96],[-96,0],[-97,0],[-97,0],[0,-97],[0,-96],[0,-96],[-96,0],[0,-96],[0,-96],[96,0],[0,-96],[97,0],[0,-96],[-97,0],[0,-96],[-96,0],[0,-97],[-97,0],[-97,0],[0,97],[-96,0],[0,-97],[-97,0],[0,-96],[97,0],[96,0],[0,-96],[97,0],[97,0],[0,-96],[96,0]],[[30843,38068],[0,-96],[97,0]],[[30940,37972],[0,-96],[97,0]],[[31037,37876],[96,0]],[[31133,37876],[0,-96],[97,0],[0,-97],[97,0]],[[31327,37683],[0,-96],[96,0]],[[31520,37395],[-97,0],[0,-96]],[[28910,38933],[96,0],[97,0],[97,0],[0,96],[96,0],[97,0],[0,96],[-97,0],[0,97],[-96,0],[0,96],[-97,0],[0,-96],[-97,0],[0,-97],[-96,0],[-97,0],[0,-96],[97,0],[0,-96]],[[26976,41144],[0,-96],[-97,0],[0,96],[-97,0],[0,96],[0,96],[97,0],[0,-96],[97,0],[97,0],[0,-96],[-97,0]],[[38385,36722],[0,96],[97,0],[0,-96],[-97,0]],[[38385,37203],[0,-96],[-97,0],[0,96],[0,96],[-96,0],[0,-96],[-97,0],[-97,0],[0,96],[0,96],[0,96],[97,0],[0,96],[0,96],[0,97],[0,96],[0,96],[-97,0],[-96,0],[0,96],[-97,0],[0,96],[0,96],[0,96],[-97,0],[0,97],[0,96],[-96,0],[0,96],[0,96],[0,96],[0,96],[0,96]],[[37612,39029],[96,0],[0,96],[-96,0]],[[37612,39125],[0,97]],[[37612,39222],[0,96],[96,0],[0,96],[0,96],[-96,0],[0,96],[0,96],[0,96],[0,96],[0,97],[0,96]],[[37612,40087],[0,96],[0,96],[0,96]],[[37612,40375],[96,0],[0,96]],[[37708,40471],[97,0],[97,0],[96,0],[97,0],[0,-96],[97,0],[96,0],[97,0],[0,96],[97,0],[0,96],[96,0],[0,97],[0,96]],[[38578,40760],[97,0],[97,0],[96,0],[0,-96],[0,-97],[97,0],[0,-96],[-97,0],[0,-96],[0,-96],[-96,0],[0,-96],[0,-96],[96,0],[97,0],[0,-96],[97,0],[0,-97],[97,0],[0,-96],[0,-96],[96,0],[0,-96],[0,-96],[97,0]],[[39352,39510],[0,-96],[0,-96],[97,0],[0,-96],[-97,0],[0,-97],[0,-96]],[[39352,39029],[0,-96],[0,-96],[0,-96],[-97,0],[-96,0],[-97,0],[0,-96],[0,-96],[0,-96],[-97,0]],[[38965,38453],[0,96],[-97,0],[0,96],[-96,0],[0,-96],[-97,0],[0,-96],[0,-97],[0,-96],[97,0],[96,0]],[[38868,38260],[0,-96],[0,-96],[-96,0],[0,-96],[0,-96],[96,0],[0,-96],[0,-97],[0,-96],[0,-96],[0,-96],[-96,0],[-97,0],[0,96],[0,96],[-97,0],[-96,0],[0,-96],[0,-96],[0,-96],[-97,0],[0,-96]],[[38868,38260],[0,96],[0,97],[97,0]],[[38965,38453],[0,-97],[0,-96],[-97,0]],[[37515,39029],[0,96],[97,0]],[[37612,39125],[0,-96]],[[37612,39029],[-97,0]],[[5608,37299],[97,0],[0,96],[96,0],[0,96],[0,96],[97,0],[0,96],[97,0],[0,97],[96,0],[97,0],[0,96],[97,0],[0,96],[0,96],[-97,0],[0,96],[0,96],[97,0],[0,96],[0,97],[0,96],[-97,0],[0,96],[0,96],[0,96],[97,0],[0,96],[96,0],[97,0],[0,96],[97,0],[0,96],[0,97],[-97,0],[-97,0],[0,96],[0,96],[0,96],[0,96],[0,96],[-96,0],[0,96],[0,96],[-97,0],[-97,0],[-96,0],[0,97],[-97,0],[0,96],[0,96],[0,96],[-97,0],[0,96],[-96,0],[0,96],[0,96],[0,97],[96,0],[0,96],[-96,0],[0,96],[-97,0],[0,96],[0,96],[0,96],[-97,0],[0,96],[-96,0],[-97,0],[-97,0]],[[5221,41240],[0,96],[-97,0]],[[5124,41336],[0,97],[-96,0],[0,96],[-97,0],[0,96],[0,96],[0,96],[0,96],[0,96]],[[4931,42009],[97,0]],[[5028,42009],[96,0],[97,0],[0,-96],[97,0],[97,0],[96,0],[0,96],[97,0],[0,96],[97,0],[0,-96],[96,0],[0,-96],[97,0],[0,-96],[97,0],[0,-96],[96,0],[0,-96],[0,-96],[97,0],[0,-96],[97,0],[96,0],[0,96],[97,0],[0,96],[-97,0],[0,96],[0,96],[0,96],[0,96],[0,96],[0,97],[97,0],[97,0]],[[6575,42202],[0,-97],[96,0],[0,97]],[[6671,42202],[97,0],[0,-97],[97,0],[97,0],[0,97],[96,0],[0,96],[97,0],[0,-96],[0,-97],[97,0],[0,-96],[0,-96],[0,-96],[0,-96],[0,-96],[96,0],[0,-96],[0,-96],[97,0],[0,96]],[[7445,41529],[97,0]],[[7542,41529],[96,0]],[[7638,41529],[0,-96],[0,-97],[97,0]],[[7735,41336],[0,-96],[97,0],[0,96],[96,0],[97,0],[0,97],[97,0],[96,0]],[[8218,41433],[97,0],[97,0],[0,-97],[0,-96],[-97,0],[-97,0],[-96,0],[0,-96],[96,0],[97,0],[0,-96],[97,0],[0,-96],[0,-96]],[[8412,40856],[-97,0],[0,-96],[0,-96],[0,-97],[-97,0],[0,-96],[0,-96],[0,-96],[-96,0],[0,-96],[0,-96],[0,-96],[0,-97],[0,-96],[0,-96],[0,-96],[-97,0],[0,-96],[0,-96],[97,0],[0,-96],[-97,0],[0,-96],[0,-97],[0,-96],[0,-96],[0,-96],[97,0],[0,-96],[96,0],[0,-96],[0,-96],[0,-96],[0,-97],[0,-96],[-96,0],[0,-96],[0,-96],[0,-96]],[[6865,40183],[97,0],[0,96],[0,96],[-97,0],[0,-96],[0,-96]],[[6671,41721],[97,0],[0,96],[0,96],[0,96],[-97,0],[0,-96],[0,-96],[0,-96]],[[3771,38645],[0,96],[97,0],[0,96],[0,96],[0,96],[96,0],[0,96],[0,97],[0,96],[0,96],[0,96],[0,96],[97,0],[97,0],[0,96],[0,96],[0,96],[0,97],[0,96],[96,0],[0,96],[97,0],[0,96],[0,96],[97,0],[0,96],[96,0],[0,96],[0,97],[0,96],[-96,0],[0,96],[0,96],[96,0],[0,96],[0,96],[0,96],[0,96],[0,97],[0,96],[0,96],[97,0],[0,96],[0,96],[0,96],[97,0],[0,96],[0,96],[96,0],[97,0],[0,-96]],[[5124,41336],[0,-96],[97,0]],[[5028,40087],[96,0],[0,96],[-96,0],[0,-96]],[[5124,40375],[97,0],[0,96],[0,96],[0,97],[-97,0],[0,-97],[0,-96],[0,-96]],[[5221,40760],[97,0],[0,96],[-97,0],[0,-96]],[[12666,37011],[0,-97],[-97,0],[0,97],[0,96],[-96,0],[-97,0],[0,96],[97,0],[0,96],[96,0],[0,-96],[97,0],[97,0],[0,-96],[0,-96],[-97,0]],[[12473,37780],[-97,0],[0,96],[0,96],[0,96],[-97,0],[0,96],[-96,0],[-97,0],[-97,0],[0,96],[0,96],[-96,0],[0,97],[0,96],[0,96],[0,96],[-97,0],[0,96],[-97,0],[-96,0],[0,96],[-97,0],[-97,0],[0,96],[0,96],[97,0],[97,0],[96,0],[0,97],[97,0],[0,96],[-97,0],[0,96],[-96,0],[-97,0],[0,96],[-97,0],[0,96],[-97,0],[0,96],[0,96],[-96,0],[0,-96],[-97,0],[-97,0],[-96,0],[0,-96],[-97,0],[-97,0],[0,96],[0,96],[-96,0],[0,96],[0,97],[0,96],[0,96],[-97,0],[0,-96],[0,-96],[-97,0],[0,-97],[0,-96],[-96,0],[0,-96],[-97,0],[0,96],[-97,0],[0,-96],[-96,0]],[[10056,39702],[0,96],[0,96],[0,97],[0,96],[0,96],[0,96],[0,96],[0,96],[0,96],[-97,0],[0,97],[0,96],[0,96],[-97,0],[0,96],[-97,0],[0,96],[0,96],[-96,0],[0,96],[-97,0],[-97,0],[0,96],[-96,0],[0,-96],[-97,0],[0,-96],[0,-96],[0,-96],[0,-96],[-97,0],[0,-96],[-96,0],[0,-96],[0,-97],[-97,0],[0,97],[-97,0],[0,96],[-96,0],[-97,0]],[[8702,40760],[0,96],[-97,0],[0,-96]],[[8605,40760],[-96,0],[-97,0],[0,96]],[[8218,41433],[0,96],[0,96],[0,96],[0,96],[97,0],[0,96],[0,96],[0,96],[97,0],[0,-96],[97,0],[0,96],[0,97],[0,96],[0,96],[0,96],[0,96],[0,96]],[[8509,42682],[0,96],[0,97],[0,96],[0,96]],[[8509,43067],[0,96],[0,96],[96,0],[0,96],[-96,0],[0,96],[-97,0],[0,96],[97,0],[0,97],[96,0],[0,96],[97,0],[0,96],[97,0]],[[8799,43836],[0,-96],[0,-96],[96,0],[0,-97],[97,0],[97,0],[96,0],[0,-96],[97,0],[0,96],[97,0],[0,97],[96,0],[0,-97],[97,0],[97,0],[96,0],[97,0],[97,0],[97,0],[0,97],[96,0],[97,0],[0,96],[97,0],[96,0],[0,96],[97,0],[0,96],[97,0]],[[10636,43932],[96,0],[0,96],[97,0],[0,96],[97,0],[0,-96],[0,-96],[0,-96],[0,-96],[96,0],[0,-96],[0,-97],[0,-96],[-96,0],[0,-96],[0,-96],[0,-96],[0,-96],[0,-96],[0,-96],[0,-97],[0,-96],[0,-96],[0,-96],[0,-96],[0,-96],[0,-96],[0,-97],[0,-96],[96,0],[0,-96],[97,0],[97,0],[0,-96],[96,0],[97,0],[97,0],[0,96],[97,0],[96,0],[0,-96],[97,0],[97,0],[0,96],[96,0],[0,96],[97,0],[97,0]],[[12183,42009],[0,-96],[0,-96],[96,0],[0,-96],[0,-96],[0,-96],[0,-96],[0,-97],[0,-96],[0,-96],[0,-96],[97,0],[0,-96],[0,-96],[97,0],[0,-96],[0,-96],[0,-97],[96,0],[0,-96],[0,-96],[0,-96],[0,-96],[0,-96],[97,0],[0,-96],[0,-97],[0,-96],[0,-96],[97,0],[0,-96],[0,-96],[0,-96],[0,-96],[0,-96],[0,-97],[0,-96],[0,-96],[0,-96],[0,-96],[0,-96],[0,-96],[0,-96],[96,0],[0,-97],[0,-96],[0,-96],[-96,0],[0,-96],[-97,0],[0,-96],[-97,0],[0,-96],[0,-96],[-96,0]],[[10732,40567],[97,0],[0,97],[97,0],[96,0],[97,0],[0,96],[0,96],[-97,0],[-96,0],[-97,0],[-97,0],[0,-96],[0,-96],[0,-97]],[[9862,41529],[97,0],[0,96],[-97,0],[0,-96]],[[10442,43451],[97,0],[0,96],[-97,0]],[[10442,43547],[0,97],[-96,0],[0,-97],[96,0]],[[10442,43547],[0,-96]],[[16920,38068],[0,96],[0,96],[0,96],[0,97]],[[16920,38453],[97,0],[0,96],[0,96],[-97,0],[0,-96],[0,-96]],[[16920,38453],[-96,0],[-97,0],[0,96],[0,96],[97,0],[0,96],[0,96],[0,96],[-97,0],[0,96],[0,96],[-97,0],[0,97],[-96,0],[0,96],[0,96],[96,0],[0,-96],[97,0],[97,0],[96,0],[97,0],[97,0],[96,0],[0,96],[97,0],[0,96],[0,96],[0,96]],[[17307,39702],[97,0]],[[17404,39702],[96,0],[97,0],[97,0],[97,0],[0,-96],[96,0],[97,0],[97,0]],[[18081,39606],[0,-96],[96,0]],[[18177,39510],[0,-96],[97,0]],[[18274,39414],[0,-96],[0,-96],[0,-97],[0,-96],[-97,0],[0,-96],[-96,0],[0,-96],[0,-96],[96,0],[0,-96],[0,-96],[0,-96],[0,-97],[0,-96],[97,0],[97,0],[96,0],[0,96],[97,0],[97,0]],[[19047,37107],[-96,0]],[[36258,37011],[-97,0],[0,96],[-96,0],[-97,0]],[[35678,38645],[96,0],[0,96],[97,0],[0,96],[-97,0],[0,96],[0,96],[-96,0],[0,96],[0,97]],[[35678,39222],[96,0],[97,0],[97,0],[97,0],[0,96],[96,0],[0,-96],[97,0],[97,0],[96,0],[97,0],[97,0],[0,-97],[-97,0],[0,-96],[97,0],[0,-96],[96,0],[0,-96],[97,0],[97,0],[0,-96],[96,0],[0,-96]],[[37031,38645],[-96,0],[0,-96],[96,0]],[[37031,38549],[97,0],[0,-96]],[[37128,38453],[0,-97],[0,-96],[0,-96],[-97,0],[-96,0],[-97,0],[0,-96],[0,-96],[97,0],[0,-96],[96,0],[0,-96],[0,-97],[97,0],[97,0],[0,-96],[96,0],[0,-96],[97,0],[0,-96],[97,0],[97,0],[0,-96],[0,-96],[-97,0],[-97,0],[-97,0],[0,96],[-96,0],[0,96],[-97,0],[0,96],[-97,0],[-96,0],[0,96],[-97,0],[-97,0],[-96,0],[0,96],[-97,0],[0,97],[-97,0],[0,-97],[0,-96],[0,-96],[-96,0],[0,-96],[-97,0],[0,-96],[97,0],[96,0],[0,-96],[0,-96],[0,-96],[-96,0]],[[36548,38260],[97,0],[96,0],[0,96],[0,97],[-96,0],[-97,0],[0,-97],[0,-96]],[[23205,39125],[0,97],[-97,0],[-96,0],[-97,0]],[[20885,39414],[0,96],[96,0],[0,96],[97,0],[97,0],[0,96],[96,0],[0,96],[97,0],[0,96],[0,97],[97,0],[96,0],[97,0],[0,96],[97,0],[0,-96],[96,0],[0,96],[97,0],[0,-96],[97,0]],[[22045,39991],[0,-97],[96,0],[0,97],[97,0],[97,0],[0,-97],[0,-96],[97,0],[0,-96],[96,0],[97,0],[0,96],[0,96],[97,0],[96,0]],[[22818,39894],[0,-96],[0,-96],[97,0],[0,96],[97,0],[0,-96],[96,0],[0,96],[0,96]],[[23108,39894],[97,0],[0,97],[97,0],[0,96],[96,0],[97,0],[97,0],[96,0],[97,0],[0,-96],[0,-97],[97,0],[97,0],[0,97],[0,96],[0,96],[0,96],[96,0],[0,96],[0,96],[0,96],[0,97],[97,0],[0,96],[97,0],[0,96],[96,0],[0,96],[0,96]],[[24365,41048],[97,0],[0,-96],[0,-96],[0,-96],[97,0],[96,0],[0,-96],[0,-97],[0,-96],[97,0],[0,-96],[0,-96],[97,0],[0,-96],[96,0],[0,-96],[0,-96],[97,0],[0,-97],[0,-96],[-97,0],[0,-96],[0,-96]],[[24945,39606],[0,-96],[0,-96],[0,-96]],[[24945,39318],[-96,0]],[[24849,39318],[0,96],[-97,0],[0,-96],[97,0]],[[24849,39318],[0,-96],[96,0],[0,-97],[97,0],[97,0],[0,-96],[96,0],[0,-96],[97,0],[97,0],[0,-96],[0,-96],[97,0],[0,-96]],[[22818,39894],[0,97],[97,0]],[[22915,39991],[0,-97],[-97,0]],[[23012,39894],[0,97]],[[23012,39991],[96,0],[0,-97]],[[23108,39894],[-96,0]],[[8895,37299],[-96,0],[0,96],[-97,0]],[[8605,40760],[97,0]],[[10056,39702],[-97,0],[-97,0],[0,-96],[0,-96],[0,-96],[-97,0],[0,-96],[97,0],[0,-96],[-97,0],[0,-97],[-96,0],[0,-96],[0,-96],[0,-96],[-97,0],[0,-96],[-97,0],[-96,0],[0,-96],[0,-96],[0,-96],[0,-97],[0,-96],[-97,0],[0,-96],[97,0],[0,-96],[0,-96],[0,-96],[-97,0],[0,-96],[-97,0],[-96,0],[0,-97],[96,0],[0,-96],[-96,0],[0,-96],[0,-96],[0,-96],[-97,0],[-97,0]],[[8509,37972],[96,0],[0,96],[-96,0],[0,-96]],[[9669,39702],[96,0],[0,96],[0,96],[0,97],[0,96],[-96,0],[-97,0],[0,-96],[-97,0],[0,-97],[97,0],[0,-96],[97,0],[0,-96]],[[580,37972],[0,-96],[-97,0],[0,96],[0,96],[97,0],[0,-96]],[[967,37876],[-97,0],[0,96],[0,96],[0,96],[0,96],[-96,0],[0,96],[0,97],[0,96],[0,96],[0,96],[0,96],[0,96],[0,96],[96,0],[97,0]],[[967,39029],[0,-96],[97,0],[0,96]],[[1064,39029],[96,0],[97,0],[97,0],[0,96],[0,97],[-97,0],[0,96],[-97,0],[-96,0],[0,-96],[96,0],[0,-97],[-96,0],[0,-96]],[[1064,39029],[-97,0]],[[967,39029],[0,96],[-97,0],[0,97],[0,96],[-96,0],[0,-96],[-97,0],[0,96],[0,96],[97,0],[0,96],[96,0],[0,96],[-96,0],[0,96],[0,96],[96,0],[0,96],[0,97],[0,96],[97,0],[0,96],[0,96],[97,0],[0,96],[96,0],[0,96],[0,96],[97,0],[0,97],[97,0],[96,0],[97,0],[0,96],[97,0],[96,0],[97,0],[0,96],[97,0],[96,0],[0,96],[97,0],[97,0],[0,-96],[97,0],[0,-96],[0,-96],[96,0],[0,-97],[0,-96],[97,0],[0,-96],[0,-96],[0,-96],[0,-96],[97,0],[0,-96],[96,0],[0,-97],[0,-96],[0,-96],[97,0],[0,-96],[0,-96],[0,-96],[0,-96],[0,-96],[0,-97],[0,-96],[0,-96],[0,-96],[0,-96],[-97,0],[0,-96],[0,-96]],[[1064,37876],[-97,0]],[[387,38260],[-97,0],[0,96],[-97,0],[0,97],[-96,0],[0,96],[-97,0],[0,96],[0,96],[0,96],[0,96],[97,0],[96,0],[0,-96],[97,0],[0,-96],[97,0],[96,0],[0,-96],[0,-96],[0,-96],[97,0],[0,-97],[-97,0],[0,-96],[-96,0]],[[31037,37876],[0,96],[-97,0]],[[30940,37972],[0,96],[-97,0]],[[30457,41336],[96,0],[97,0],[97,0],[96,0],[97,0],[97,0],[96,0],[0,97],[97,0],[97,0],[0,96],[96,0],[97,0],[97,0],[97,0],[0,96],[96,0],[97,0],[97,0],[96,0],[0,96],[97,0],[97,0],[96,0],[0,96],[97,0],[97,0]],[[32584,41817],[0,-96],[96,0],[0,-96],[97,0],[97,0],[0,-96],[97,0],[96,0],[97,0],[0,-96]],[[33164,41433],[-97,0],[0,-97],[0,-96],[-96,0],[0,-96],[0,-96],[-97,0],[0,-96],[0,-96],[97,0],[0,-96],[0,-96],[0,-97],[-97,0],[0,-96],[0,-96],[97,0],[0,-96],[96,0],[0,-96],[97,0],[97,0],[0,-96],[96,0],[0,-96],[97,0],[0,-97],[0,-96],[97,0],[0,-96],[96,0],[0,-96],[0,-96]],[[33261,39510],[-97,0],[0,-96]],[[32874,39029],[-97,0],[0,-96],[97,0]],[[31133,39798],[97,0],[97,0],[96,0],[0,96],[-96,0],[0,97],[-97,0],[-97,0],[0,-97],[0,-96]],[[39835,37972],[0,-96],[-96,0],[0,96],[-97,0],[0,96],[0,96],[0,96],[97,0],[0,96],[96,0],[0,97],[0,96],[97,0],[0,96],[97,0],[0,96],[0,96],[0,96],[96,0],[97,0],[97,0],[96,0],[0,96],[0,96],[0,97],[97,0],[97,0],[97,0],[96,0],[0,96],[97,0],[0,96],[97,0],[96,0],[97,0],[0,-96],[0,-96],[-97,0],[0,-97],[-96,0],[0,-96],[-97,0],[0,-96],[97,0],[0,-96],[0,-96],[-97,0],[-97,0],[0,-96],[-96,0],[-97,0],[-97,0],[-97,0],[0,-96],[0,-96],[-96,0],[-97,0],[0,96],[-97,0],[-96,0],[0,-96],[-97,0],[0,-97],[0,-96],[0,-96],[0,-96],[0,-96],[-97,0]],[[39352,39510],[97,0],[96,0],[0,96],[0,96],[-96,0],[0,96],[0,96],[96,0],[97,0],[0,-96],[97,0],[96,0],[0,96],[97,0],[97,0],[0,97],[-97,0],[0,96],[0,96],[97,0],[0,-96],[96,0],[0,-96],[0,-97],[97,0],[97,0],[96,0],[0,-96],[0,-96],[-96,0],[-97,0],[0,-96],[0,-96],[-97,0],[0,-96],[-96,0],[0,-96],[0,-96],[0,-97],[-97,0],[-97,0],[-96,0],[-97,0],[-97,0],[0,-96],[-96,0],[-97,0]],[[38578,40760],[0,96],[0,96],[97,0],[0,96],[97,0],[0,96],[96,0],[97,0]],[[38965,41144],[97,0],[0,-96],[97,0],[96,0],[97,0],[0,96],[97,0],[96,0],[0,96],[0,96],[0,97],[0,96],[97,0]],[[39642,41529],[0,-96],[97,0],[0,-97],[0,-96],[0,-96]],[[39739,41144],[-97,0],[0,-96],[0,-96]],[[39642,40952],[-97,0],[-96,0],[0,-96],[-97,0],[0,-96],[-97,0],[-96,0],[0,-96],[0,-97],[96,0],[0,-96],[97,0],[0,96],[0,97],[97,0],[96,0],[97,0],[97,0],[0,96],[0,96],[-97,0],[0,96]],[[39642,40952],[97,0]],[[39739,40952],[96,0],[0,96],[0,96],[0,96],[0,96],[97,0],[97,0],[96,0],[0,97]],[[40125,41433],[0,96],[0,96]],[[40125,41625],[97,0],[0,96],[0,96]],[[40222,41817],[97,0]],[[40319,41817],[96,0],[0,-96],[97,0],[0,-96],[97,0],[0,-96],[97,0],[0,-96],[96,0],[0,-97],[97,0],[97,0],[96,0],[97,0],[0,97],[97,0]],[[41286,41433],[96,0],[0,96]],[[41382,41529],[0,96]],[[41382,41625],[97,0],[0,-96],[97,0],[0,-96],[96,0],[0,-97],[0,-96],[-96,0],[-97,0],[0,-96],[0,-96],[-97,0],[0,-96],[0,-96]],[[41382,40856],[-96,0]],[[41286,40856],[0,96],[-97,0],[-97,0],[0,-96],[-96,0],[-97,0],[0,-96],[0,-96],[97,0],[0,-97],[-97,0],[0,-96],[-97,0],[-96,0],[0,-96],[-97,0],[-97,0],[0,-96],[-97,0],[0,-96],[-96,0],[-97,0],[-97,0],[0,96],[0,96],[-96,0],[0,-96],[-97,0],[-97,0],[0,-96],[-96,0],[0,-96],[0,-96],[-97,0],[-97,0],[-96,0],[-97,0],[0,-97],[0,-96],[0,-96],[0,-96],[0,-96]],[[41189,39702],[0,-96],[-97,0],[0,96],[-96,0],[0,96],[-97,0],[0,96],[0,97],[0,96],[0,96],[-97,0],[0,96],[97,0],[97,0],[96,0],[0,96],[-96,0],[0,96],[96,0],[0,96],[97,0],[97,0],[0,97],[-97,0],[0,96],[0,96],[97,0]],[[41286,40856],[0,-96],[96,0],[0,96]],[[41382,40856],[97,0],[97,0],[0,96],[96,0],[97,0],[0,-96],[97,0],[0,-96],[-97,0],[0,-96],[97,0],[0,-97],[-97,0],[0,-96],[0,-96],[-97,0],[0,-96],[0,-96],[-96,0],[0,-96],[-97,0],[0,-96],[0,-97],[0,-96],[0,-96],[-97,0],[0,-96],[-96,0],[0,96],[-97,0]],[[41576,39702],[0,96],[96,0],[0,-96],[-96,0]],[[41962,39894],[-96,0],[0,97],[0,96],[0,96],[0,96],[96,0],[0,96]],[[41962,40375],[97,0],[97,0],[0,-96],[-97,0],[0,-96],[0,-96],[0,-96],[0,-97],[-97,0]],[[41962,40375],[-96,0],[0,96],[96,0],[0,-96]],[[39835,41625],[0,96],[97,0]],[[39932,41721],[0,-96]],[[39932,41625],[-97,0]],[[39932,41721],[0,96]],[[39932,41817],[97,0]],[[40029,41817],[0,-96]],[[40029,41721],[-97,0]],[[37418,38260],[-97,0],[0,96],[0,97],[-96,0],[-97,0]],[[37031,38549],[0,96]],[[35678,39222],[-97,0],[0,96],[0,96],[-97,0],[0,96],[0,96],[0,96],[-96,0]],[[35388,39702],[0,96]],[[35388,39798],[0,96],[-97,0]],[[35291,39894],[0,97]],[[35291,39991],[0,96],[0,96],[0,96],[0,96],[0,96],[0,96],[0,97],[0,96],[0,96]],[[35291,40856],[97,0],[96,0],[0,-96],[97,0],[97,0],[96,0],[97,0],[0,-96],[97,0],[97,0],[96,0],[0,96],[0,96],[0,96],[0,96],[97,0],[0,96],[0,96],[97,0],[0,96],[96,0],[97,0],[0,97],[0,96],[0,96],[0,96],[-97,0],[0,96],[-96,0],[-97,0],[-97,0],[-96,0],[-97,0],[-97,0],[0,96],[-97,0],[0,96],[-96,0],[-97,0],[-97,0],[-96,0],[0,96]],[[35388,42105],[0,97],[0,96]],[[35388,42298],[0,96],[0,96]],[[35388,42490],[0,96],[0,96]],[[35388,42682],[0,96],[0,97]],[[35388,42875],[96,0],[0,96],[-96,0],[0,96],[96,0],[97,0],[97,0],[0,-96],[96,0],[97,0],[97,0]],[[35968,42971],[0,-96],[97,0],[0,-97]],[[36065,42778],[-97,0],[-97,0],[-97,0],[0,-96],[97,0],[97,0],[0,-96],[97,0],[0,-96],[96,0],[97,0],[97,0],[96,0],[0,-96],[97,0],[0,-96]],[[36548,42298],[0,-96],[97,0],[96,0],[0,-97],[97,0],[0,97],[97,0],[0,-97],[96,0],[97,0],[0,-96]],[[37128,42009],[-97,0],[0,-96],[0,-96]],[[37031,41817],[-96,0],[0,-96],[0,-96],[-97,0],[0,96],[-97,0],[-96,0],[0,-96],[0,-96],[0,-96],[96,0],[97,0],[0,-97],[-97,0],[0,-96],[97,0],[97,0],[0,96],[96,0],[0,97],[97,0],[97,0],[96,0],[0,96]],[[37321,41529],[97,0]],[[37418,41529],[0,-96]],[[37418,41433],[0,-97],[97,0]],[[37515,41336],[97,0]],[[37612,41336],[0,-96],[0,-96],[-97,0],[0,-96],[0,-96],[-97,0],[-97,0],[0,-96],[0,-96],[0,-96],[0,-97],[0,-96],[-96,0],[0,-96]],[[37225,40375],[-97,0],[0,-96],[97,0]],[[37225,40279],[0,-96]],[[37225,40183],[0,-96],[96,0]],[[37321,40087],[0,-96],[97,0]],[[37418,39991],[0,-97],[0,-96],[97,0],[0,-96],[0,-96],[0,-96],[0,-96],[0,-96],[0,-96],[97,0]],[[37515,39029],[0,-96],[0,-96],[0,-96],[0,-96],[-97,0],[0,-96],[0,-96],[97,0],[0,-97],[0,-96],[-97,0]],[[37031,38837],[97,0],[0,96],[-97,0],[0,-96]],[[37031,39510],[97,0],[0,96],[-97,0],[0,-96]],[[36548,40279],[97,0],[96,0],[0,96],[0,96],[-96,0],[-97,0],[0,96]],[[36548,40567],[97,0],[0,97],[-97,0],[0,-97]],[[36548,40567],[-97,0],[0,-96],[0,-96],[97,0],[0,-96]],[[35968,40760],[0,96],[97,0],[0,-96],[-97,0]],[[37031,41529],[0,96],[0,96],[0,96]],[[37031,41817],[97,0],[0,-96],[97,0],[96,0],[0,-96],[0,-96]],[[37321,41529],[-96,0],[-97,0],[-97,0]],[[37128,41913],[0,96]],[[37128,42009],[97,0],[0,-96],[-97,0]],[[34711,38933],[0,96],[-97,0]],[[33841,39510],[-97,0]],[[33164,41433],[97,0],[96,0],[97,0],[97,0],[96,0],[97,0],[97,0],[96,0],[97,0],[97,0],[96,0],[97,0],[97,0],[97,0],[0,-97],[96,0],[0,-96],[97,0],[97,0],[0,-96],[96,0],[97,0]],[[35001,41144],[97,0],[0,-96],[96,0],[0,-96],[0,-96],[97,0]],[[35291,39991],[-97,0],[-96,0],[0,-97],[0,-96],[96,0],[0,-96],[97,0],[97,0]],[[33937,39798],[97,0],[0,96],[-97,0],[0,-96]],[[24945,39318],[97,0],[97,0],[96,0],[0,96],[97,0],[0,96],[0,96]],[[25332,39606],[97,0],[0,96],[0,96],[-97,0],[0,-96],[0,-96]],[[25332,39606],[-97,0],[0,-96],[-96,0],[0,96],[-97,0],[-97,0]],[[24365,41048],[0,96],[-96,0],[-97,0],[0,-96],[-97,0],[0,96],[-96,0],[-97,0],[0,-96],[-97,0],[0,-96],[-97,0],[0,96],[-96,0],[-97,0],[-97,0],[-96,0],[0,-96],[-97,0],[0,96],[-97,0],[-96,0],[-97,0],[0,-96],[-97,0],[-96,0]],[[22722,40952],[0,96],[-97,0],[0,96],[0,96],[-97,0],[-96,0],[-97,0],[-97,0],[0,-96],[-97,0],[0,96],[-96,0],[0,96],[96,0],[0,97],[0,96],[0,96],[-96,0],[0,96],[0,96],[0,96],[0,96],[-97,0],[0,96],[-97,0],[0,97],[0,96],[-96,0],[0,96],[-97,0],[0,96],[-97,0],[-96,0],[0,96],[-97,0],[-97,0]],[[21271,42586],[0,96],[0,96],[0,97],[-96,0],[0,96]],[[21175,42971],[0,96],[0,96],[0,96],[96,0],[97,0],[0,-96],[97,0],[96,0],[97,0],[97,0],[96,0],[97,0],[0,96],[97,0],[0,96],[96,0],[0,96],[0,96],[97,0],[97,0],[0,97],[97,0],[0,96],[0,96],[0,96],[0,96],[0,96],[96,0],[97,0],[0,96],[97,0],[0,-96],[96,0],[0,-96],[0,-96],[0,-96],[0,-96],[97,0],[97,0],[0,96],[96,0],[0,96],[97,0],[0,96],[0,96],[0,96],[0,97],[97,0],[0,96],[-97,0],[0,96],[97,0],[0,96]],[[23302,44605],[96,0],[0,96],[97,0],[97,0],[96,0],[0,-96],[97,0],[0,-96],[97,0],[97,0],[0,-96],[0,-96],[0,-97],[0,-96],[0,-96],[0,-96],[96,0],[97,0],[0,-96],[0,-96],[97,0]],[[24269,43740],[0,-96],[96,0],[97,0],[0,96],[97,0]],[[24559,43740],[96,0],[0,-96],[97,0],[0,96],[97,0],[96,0],[97,0],[0,-96],[97,0],[96,0],[0,-97],[0,-96],[-96,0],[-97,0],[0,-96],[0,-96],[97,0],[96,0],[97,0],[0,-96],[97,0],[97,0],[0,-96],[96,0],[0,96],[97,0]],[[25719,43163],[0,-96],[97,0],[0,-96],[0,-96],[0,-97],[96,0],[0,-96],[0,-96],[0,-96],[0,-96]],[[25912,42394],[-96,0],[0,96],[-97,0],[-97,0],[-96,0],[-97,0],[0,-96],[97,0],[0,-96],[0,-96],[96,0],[0,-97],[97,0],[0,-96],[0,-96],[0,-96],[-97,0],[-96,0],[0,-96],[96,0],[97,0],[0,-96],[97,0],[96,0],[97,0],[0,-96],[0,-96],[97,0],[0,-97],[-97,0],[0,-96],[-97,0],[-96,0],[0,-96],[96,0],[0,-96],[0,-96],[0,-96],[97,0],[0,-96],[97,0],[96,0],[97,0],[97,0],[96,0],[0,-96],[97,0],[0,96],[97,0],[96,0],[0,-96]],[[26782,40664],[0,-97],[0,-96],[0,-96],[0,-96],[-96,0],[-97,0],[-97,0],[-96,0],[0,-96],[-97,0],[0,-96],[97,0],[0,-96],[-97,0],[0,-97],[-97,0],[0,-96],[-96,0],[-97,0],[0,-96],[0,-96],[-97,0],[0,-96],[0,-96],[0,-96],[97,0],[0,-96],[97,0],[0,-97],[0,-96],[0,-96],[96,0]],[[26396,41048],[-97,0],[0,96],[-97,0],[0,96],[0,96],[0,97],[97,0],[97,0],[0,-97],[96,0],[97,0],[0,-96],[0,-96],[-97,0],[0,-96],[-96,0]],[[23205,41433],[97,0],[96,0],[0,96],[-96,0],[0,96],[96,0],[97,0],[97,0],[0,96],[-97,0],[-97,0],[0,96],[0,96]],[[23398,41913],[97,0]],[[23495,41913],[0,-96],[97,0],[96,0]],[[23688,41817],[0,-96],[0,-96],[97,0],[0,-96],[97,0],[0,96],[0,96],[0,96],[97,0],[0,96],[0,96],[-97,0]],[[23882,42009],[-97,0],[0,96],[0,97],[0,96],[-97,0],[-96,0],[-97,0],[0,96],[0,96],[-97,0],[0,-96],[0,-96],[-96,0],[0,-96]],[[23302,42202],[-97,0],[0,-97],[97,0]],[[23302,42105],[0,-96],[96,0]],[[23398,42009],[0,-96]],[[23398,41913],[-96,0],[0,-96],[0,-96],[-97,0],[0,-96],[0,-96],[0,-96]],[[24945,41817],[97,0],[0,96],[97,0],[96,0],[97,0],[0,96],[0,96],[0,97],[0,96],[-97,0],[0,96],[-96,0],[0,-96],[-97,0],[0,-96],[-97,0],[-96,0],[0,-97],[-97,0],[0,-96],[0,-96],[97,0],[96,0],[0,-96]],[[24365,42009],[97,0],[97,0],[0,96],[96,0],[0,97],[-96,0],[-97,0],[-97,0],[-96,0],[-97,0],[-97,0],[-96,0],[0,-97],[96,0],[97,0],[97,0],[96,0],[0,-96]],[[23302,42105],[0,97]],[[23302,42202],[96,0],[0,-97],[-96,0]],[[26782,40664],[97,0],[97,0],[97,0],[0,96],[96,0],[97,0],[0,96],[97,0],[0,96]],[[27943,40856],[0,-96],[96,0]],[[28039,40760],[0,-96],[0,-97],[97,0],[0,-96],[0,-96],[97,0]],[[27846,38645],[-97,0],[-96,0]],[[18854,39125],[-97,0],[0,97],[0,96],[0,96],[0,96],[0,96],[-96,0],[0,96],[0,96]],[[18661,39798],[0,96],[96,0],[0,97],[0,96],[0,96],[0,96],[-96,0],[0,96],[-97,0],[0,96],[0,96],[0,97],[0,96],[0,96],[-97,0],[0,96],[0,96],[0,96],[97,0],[0,96],[0,96],[0,97],[-97,0],[0,96],[0,96],[97,0],[0,96],[0,96],[0,96],[0,96],[97,0],[0,96],[0,97],[0,96],[0,96],[0,96],[96,0]],[[18757,42490],[0,-96],[97,0],[97,0],[96,0],[97,0],[97,0],[0,-96],[97,0],[96,0],[0,-96],[97,0],[0,-97],[97,0],[0,97],[96,0],[0,96],[97,0],[0,-96],[97,0],[0,-97],[0,-96],[96,0],[0,-96],[97,0],[0,-96],[97,0],[96,0]],[[20304,41817],[0,-96],[-96,0],[0,-96],[-97,0],[0,-96],[-97,0],[0,-96],[0,-97],[0,-96],[0,-96],[0,-96],[0,-96],[0,-96],[0,-96],[0,-96],[97,0],[0,-97],[0,-96],[97,0],[0,-96],[-97,0],[0,-96],[0,-96]],[[19338,41529],[96,0],[0,96],[0,96],[0,96],[-96,0],[0,96],[-97,0],[-97,0],[0,-96],[0,-96],[0,-96],[97,0],[97,0],[0,-96]],[[18177,39510],[0,96],[-96,0]],[[17404,39702],[0,96],[0,96],[-97,0],[0,-96],[0,-96]],[[17307,39702],[-97,0],[-96,0],[0,-96],[-97,0],[0,96],[-97,0],[0,-96],[-96,0],[0,-96],[-97,0],[-97,0],[0,96],[0,96],[-96,0],[0,96],[0,96],[0,97],[0,96],[0,96],[0,96],[0,96],[96,0],[0,96],[0,96],[97,0],[0,97],[0,96],[0,96],[97,0],[0,96],[96,0],[0,-96],[97,0],[0,96],[0,96],[0,96],[97,0],[0,96],[96,0],[0,96],[0,97],[97,0],[0,96],[0,96],[0,96],[-97,0],[0,96],[0,96],[-96,0],[0,-96],[-97,0],[0,-96],[-97,0],[-96,0],[0,96],[0,96],[96,0],[0,96],[0,96],[0,97],[97,0],[97,0],[0,96],[0,96],[-97,0],[0,-96],[-97,0],[0,96],[-96,0],[0,-96],[0,-96],[0,-97],[0,-96],[-97,0],[-97,0],[0,96],[0,97],[97,0],[0,96],[-97,0],[-96,0],[-97,0],[-97,0],[0,96],[-96,0],[0,96],[0,96],[0,96]],[[16244,42682],[0,96],[0,97],[0,96],[0,96],[0,96],[0,96],[96,0],[0,96],[97,0],[0,96],[0,96],[97,0],[0,97],[0,96],[96,0],[97,0],[0,96],[97,0],[0,96],[96,0],[0,96],[97,0],[0,96],[0,96],[0,97],[0,96]],[[17017,44413],[97,0],[0,-96],[96,0],[97,0],[97,0],[0,-97],[96,0],[0,-96],[97,0],[97,0],[0,-96],[0,-96],[0,-96],[97,0],[0,96],[96,0],[0,-96],[97,0],[0,-96],[97,0],[96,0],[0,96],[97,0],[0,-96],[97,0]],[[18371,43740],[0,-96]],[[18371,43644],[0,-97],[-97,0],[0,-96],[-97,0],[0,-96],[0,-96],[0,-96],[-96,0],[0,-96],[0,-96],[96,0],[97,0],[0,-96],[97,0],[0,-97],[0,-96],[96,0],[97,0],[0,-96],[97,0],[96,0]],[[18757,42586],[0,-96]],[[18661,39798],[-97,0],[0,-96],[-97,0],[0,-96],[-96,0],[0,-96],[0,-96],[-97,0]],[[17307,40183],[97,0],[0,96],[0,96],[-97,0],[0,-96],[0,-96]],[[17404,42298],[96,0],[97,0],[0,96],[97,0],[0,96],[0,96],[0,96],[-97,0],[-97,0],[0,96],[-96,0],[-97,0],[0,-96],[97,0],[0,-96],[96,0],[0,-96],[-96,0],[-97,0],[0,-96],[97,0],[0,-96]],[[16147,42394],[0,-96],[-97,0],[0,96],[-97,0],[0,96]],[[15953,42490],[97,0],[0,96]],[[16050,42586],[97,0],[0,-96],[0,-96]],[[16824,42682],[96,0],[0,96],[0,97],[-96,0],[0,-97],[0,-96]],[[20304,41817],[97,0],[0,96],[97,0],[0,-96],[96,0],[0,-96],[97,0],[0,-96],[97,0],[0,96],[0,96],[97,0],[0,96],[96,0],[97,0],[0,96],[0,96],[97,0],[0,97],[0,96],[0,96],[-97,0],[0,96],[0,96],[97,0],[96,0]],[[22722,40952],[0,-96],[0,-96],[0,-96],[-97,0],[0,-97],[-97,0],[0,-96],[-96,0],[-97,0],[0,96],[-97,0],[0,-96],[-97,0],[0,-96],[-96,0],[0,-96],[0,-96],[0,-96],[0,-96]],[[23012,39991],[-97,0]],[[23205,40279],[97,0],[96,0],[0,96],[-96,0],[0,96],[0,96],[0,97],[0,96],[-97,0],[-97,0],[0,-96],[0,-97],[-96,0],[0,-96],[96,0],[0,-96],[97,0],[0,-96]],[[35291,39894],[0,-96],[97,0]],[[37321,40087],[0,96],[-96,0]],[[37225,40279],[0,96]],[[37612,41336],[0,97],[96,0]],[[37708,41433],[97,0]],[[37805,41433],[97,0],[0,-97],[-97,0],[0,-96],[0,-96],[97,0],[96,0],[0,96],[0,96],[97,0],[0,97],[97,0],[96,0],[0,96],[-96,0],[0,96],[0,96],[-97,0],[0,96],[-97,0],[-96,0],[0,-96],[-97,0]],[[37805,41721],[0,96],[-97,0],[0,96],[0,96],[-96,0],[0,96],[-97,0],[0,97],[0,96]],[[37515,42298],[97,0]],[[37612,42298],[96,0]],[[37708,42298],[0,-96],[97,0],[0,96]],[[37805,42298],[97,0],[96,0]],[[37998,42298],[97,0]],[[38095,42298],[0,-96],[-97,0],[-96,0],[0,-97],[-97,0],[0,-96],[97,0],[96,0],[0,-96],[97,0],[97,0],[96,0]],[[38288,41913],[0,-96],[0,-96],[0,-96],[97,0]],[[38385,41625],[0,-96],[97,0],[0,-96],[0,-97],[96,0],[0,97],[0,96],[0,96]],[[38578,41625],[97,0],[0,-96],[97,0],[0,-96],[96,0],[0,-97],[0,-96],[97,0],[0,-96]],[[37708,40471],[-96,0],[0,-96]],[[37612,40087],[-97,0],[0,-96],[-97,0]],[[38192,42202],[0,96]],[[38192,42298],[96,0]],[[38288,42298],[0,-96]],[[38288,42202],[-96,0]],[[39739,41144],[0,-96],[0,-96]],[[39835,41433],[0,96],[-96,0],[0,96]],[[39739,41625],[96,0]],[[39932,41625],[0,-96],[0,-96],[-97,0]],[[40029,41433],[0,96],[0,96]],[[40029,41625],[96,0]],[[40125,41433],[-96,0]],[[40029,41721],[0,-96]],[[40029,41625],[-97,0]],[[40125,41625],[0,96],[-96,0]],[[40029,41817],[96,0],[97,0]],[[35001,41144],[0,96],[-97,0],[0,96],[0,97],[-96,0],[0,96],[0,96],[0,96],[96,0],[0,96],[97,0],[0,96],[0,96],[97,0],[96,0],[0,96]],[[35194,42105],[97,0],[97,0]],[[35871,41048],[97,0],[0,96],[0,96],[0,96],[-97,0],[-97,0],[0,97],[-96,0],[0,-97],[0,-96],[96,0],[0,-96],[97,0],[0,-96]],[[28426,41721],[0,96],[0,96],[-97,0],[-96,0],[-97,0],[0,96],[-97,0],[0,96],[-96,0],[0,-96],[-97,0],[-97,0],[0,96],[-96,0],[0,97],[-97,0],[0,-97],[-97,0],[0,-96],[-96,0],[0,96],[-97,0]],[[27266,42105],[-97,0],[0,97],[97,0],[0,96],[0,96],[97,0],[0,-96],[96,0],[0,96],[0,96],[0,96],[97,0],[97,0],[0,96],[-97,0],[0,96],[97,0],[0,97],[96,0],[0,96],[97,0]],[[27846,42971],[97,0],[0,96],[96,0],[97,0],[97,0],[0,-96],[96,0],[97,0],[97,0],[97,0],[0,-96],[96,0],[97,0],[0,96],[97,0],[96,0],[0,96],[97,0],[97,0],[96,0],[97,0],[0,96],[0,96],[0,96],[97,0],[0,96],[0,96],[-97,0],[-97,0],[0,97],[0,96],[0,96],[0,96],[0,96]],[[29296,44028],[97,0],[97,0],[0,96]],[[29490,44124],[96,0],[0,-96],[97,0],[0,96],[97,0]],[[29780,44124],[96,0],[97,0],[0,96]],[[29973,44220],[97,0],[0,-96],[97,0]],[[30167,44124],[96,0],[97,0],[0,96],[97,0],[96,0],[0,-96],[97,0],[97,0],[96,0],[97,0],[97,0],[96,0],[97,0],[0,96],[0,97],[97,0],[0,96],[96,0],[0,96]],[[31423,44509],[97,0],[97,0]],[[31617,44509],[0,-96],[0,-96]],[[31617,44317],[-97,0],[0,-97],[97,0],[0,97]],[[31617,44317],[97,0]],[[31714,44317],[0,-97],[96,0],[0,-96],[97,0],[0,-96],[97,0],[0,-96],[96,0],[0,-96],[97,0]],[[32197,43836],[0,-96],[97,0]],[[32294,43740],[96,0],[0,-96]],[[32390,43644],[0,-97]],[[32390,43547],[0,-96]],[[32390,43451],[0,-96],[97,0]],[[32487,43355],[0,-96],[0,-96],[0,-96],[0,-96],[0,-96],[0,-97],[0,-96],[0,-96],[0,-96],[97,0],[0,-96],[0,-96],[0,-96],[0,-97],[0,-96],[0,-96],[0,-96]],[[29586,41144],[97,0],[0,96],[-97,0],[0,-96]],[[28523,41721],[97,0],[0,96]],[[28620,41817],[96,0],[97,0],[97,0],[96,0],[97,0],[0,96],[97,0],[96,0],[0,96],[97,0],[97,0],[0,96],[0,97]],[[29490,42202],[96,0],[0,96],[-96,0],[0,-96]],[[29490,42202],[-97,0],[0,-97],[-97,0],[-96,0],[0,-96],[-97,0],[-97,0],[-96,0],[-97,0],[-97,0],[-96,0],[0,-96],[0,-96]],[[28620,41817],[-97,0],[0,-96]],[[30167,42778],[96,0],[97,0],[0,97],[97,0],[0,96]],[[30457,42971],[96,0],[97,0],[97,0],[96,0]],[[30843,42971],[97,0],[0,96],[0,96]],[[30940,43163],[97,0],[0,96],[-97,0]],[[30940,43259],[0,96]],[[30940,43355],[0,96]],[[30940,43451],[97,0],[0,96],[-97,0],[-97,0],[0,-96]],[[30843,43451],[-96,0],[-97,0],[0,96],[0,97],[0,96],[0,96],[-97,0],[-96,0],[0,96],[0,96],[-97,0],[0,-96],[0,-96],[0,-96],[97,0],[0,-96],[96,0],[0,-97],[-96,0],[0,-96],[0,-96],[0,-96],[-97,0],[0,96],[0,96],[-97,0],[-96,0],[0,-96],[96,0],[0,-96],[0,-96],[97,0],[97,0],[0,-96]],[[30457,43067],[-97,0],[0,-96],[-97,0],[0,-96],[-96,0],[0,-97]],[[30553,43259],[0,96],[97,0],[0,-96]],[[30650,43259],[-97,0]],[[42736,40856],[0,-96],[-97,0],[0,96],[-96,0],[0,96],[96,0],[0,96],[97,0]],[[42736,41048],[0,-96],[0,-96]],[[42929,40760],[0,96],[97,0],[0,-96],[-97,0]],[[42736,41048],[0,96],[97,0]],[[42833,41144],[0,-96],[-97,0]],[[42833,41144],[0,96],[96,0],[0,-96],[-96,0]],[[42446,41336],[0,-96],[-97,0],[0,96],[97,0]],[[43413,41240],[0,96],[96,0],[0,-96],[-96,0]],[[42446,41336],[0,97],[0,96],[97,0],[0,96],[0,96],[96,0],[0,96],[97,0],[0,96],[0,96],[97,0],[96,0],[97,0],[0,96],[97,0],[96,0],[0,-96],[0,-96],[0,-96],[-96,0],[0,-96],[-97,0],[0,-96],[-97,0],[0,-96],[0,-96]],[[42929,41433],[-96,0],[0,96],[-97,0],[0,-96],[-97,0],[0,-97],[-96,0],[-97,0]],[[42929,41433],[97,0],[0,-97],[-97,0],[0,97]],[[43606,41817],[0,96],[97,0],[0,-96],[-97,0]],[[41672,41913],[-96,0],[0,96],[0,96],[-97,0],[-97,0]],[[41382,42105],[0,97],[-96,0]],[[41286,42202],[0,96],[-97,0]],[[41189,42298],[0,96],[-97,0]],[[41092,42394],[0,96],[-96,0]],[[40996,42490],[-97,0],[-97,0],[0,96],[-96,0]],[[40706,42586],[0,96]],[[40706,42682],[0,96]],[[40706,42778],[96,0],[0,97],[0,96],[-96,0]],[[40706,42971],[0,96]],[[40706,43067],[96,0],[0,96],[97,0],[97,0]],[[40996,43163],[0,-96],[-97,0],[0,-96],[97,0],[96,0],[97,0],[97,0],[96,0],[97,0],[0,-96],[97,0]],[[41576,42875],[0,-97],[96,0],[97,0],[0,97],[-97,0],[-96,0]],[[41576,42875],[0,96],[96,0],[0,96],[97,0],[0,96],[-97,0],[0,96],[-96,0],[0,-96],[0,-96],[-97,0],[-97,0],[-96,0],[-97,0],[0,96],[0,96],[-97,0],[-96,0]],[[40996,43259],[-97,0],[-97,0],[0,96],[0,96],[0,96]],[[40802,43547],[97,0]],[[40899,43547],[0,-96],[97,0],[96,0],[97,0],[97,0]],[[41286,43451],[0,-96],[96,0],[0,96]],[[41382,43451],[0,96],[0,97],[0,96],[-96,0],[0,96],[0,96],[-97,0],[0,96],[-97,0]],[[41092,44028],[0,96],[0,96],[97,0],[97,0],[96,0],[97,0],[97,0],[0,-96],[96,0],[97,0],[0,-96],[97,0]],[[41866,44028],[0,-96],[0,-96],[0,-96],[96,0],[97,0],[97,0],[0,-96],[97,0],[0,96],[96,0],[97,0],[97,0],[96,0],[0,96],[-96,0],[-97,0],[-97,0],[-96,0],[0,96],[96,0],[0,96],[0,96],[0,96],[0,97],[0,96],[0,96]],[[42349,44509],[97,0],[0,96]],[[42446,44605],[97,0],[0,96]],[[42543,44701],[96,0]],[[42639,44701],[97,0],[97,0],[96,0],[0,-96]],[[42929,44605],[0,-96],[-96,0],[0,-96],[-97,0],[0,-96],[97,0],[0,-97],[0,-96],[0,-96],[0,-96],[0,-96],[-97,0],[0,-96],[97,0],[96,0],[0,-96],[0,-97],[97,0],[0,-96],[0,-96],[97,0],[0,-96],[0,-96],[0,-96],[-97,0],[0,-96],[-97,0],[0,-96],[97,0],[97,0],[0,96],[96,0],[97,0],[0,96],[97,0],[0,-96],[96,0],[97,0],[0,96],[0,96],[0,96],[97,0],[0,96],[0,96],[0,96],[97,0],[0,97]],[[43800,43644],[96,0],[0,96],[0,96],[-96,0]],[[43800,43836],[0,96],[-97,0],[-97,0],[-97,0]],[[43509,43932],[0,96],[0,96],[0,96],[0,97],[0,96],[0,96],[97,0],[97,0],[0,96],[97,0],[96,0],[97,0],[0,-96],[97,0],[0,-96],[-97,0],[0,-96]],[[43993,44317],[-97,0],[0,-97],[97,0],[0,97]],[[43993,44317],[97,0],[96,0],[97,0],[0,-97],[0,-96],[0,-96],[-97,0],[0,-96],[0,-96],[97,0],[0,-96],[-97,0],[-96,0],[0,-96],[-97,0],[0,-97],[0,-96],[0,-96],[0,-96],[-97,0],[0,-96],[-96,0],[0,-96],[-97,0],[0,-96],[0,-96],[-97,0],[-97,0],[0,-97],[0,-96],[-96,0],[0,-96],[-97,0],[0,-96],[0,-96],[-97,0],[-96,0],[-97,0],[0,-96],[-97,0],[-96,0],[0,96],[0,96],[0,96],[-97,0],[0,-96],[-97,0],[0,-96],[0,-96],[-96,0],[-97,0],[0,-96],[-97,0],[0,-97],[-96,0],[0,-96],[-97,0],[-97,0],[0,-96],[-97,0],[-96,0],[-97,0],[-97,0]],[[43123,42202],[0,96],[96,0],[0,-96],[-96,0]],[[43993,42682],[-97,0],[0,96],[0,97],[97,0],[97,0],[0,-97],[0,-96],[-97,0]],[[42543,43067],[96,0],[0,96],[-96,0],[0,-96]],[[43509,43547],[0,97],[97,0],[0,-97],[-97,0]],[[43123,43740],[96,0],[97,0],[0,96],[-97,0],[-96,0]],[[43123,43836],[0,96],[96,0],[97,0],[0,96]],[[43316,44028],[97,0],[0,-96],[96,0]],[[43509,43932],[0,-96],[-96,0],[0,-96],[0,-96],[-97,0],[-97,0],[-96,0],[0,96]],[[43800,43740],[0,-96]],[[43800,43644],[-97,0],[0,96],[0,96],[97,0]],[[43800,43836],[0,-96]],[[43123,43836],[0,-96]],[[43123,43740],[-97,0],[0,96],[97,0]],[[41962,44028],[97,0],[0,-96],[-97,0],[0,96]],[[41866,44028],[0,96]],[[41866,44124],[96,0]],[[41962,44124],[0,-96]],[[41962,44028],[-96,0]],[[43219,44028],[-96,0],[0,96],[0,96],[96,0],[0,-96],[97,0],[0,-96]],[[43316,44028],[-97,0]],[[42446,44220],[97,0],[0,97],[-97,0],[0,-97]],[[42929,44124],[0,96],[97,0],[0,-96],[-97,0]],[[41479,44413],[-97,0],[0,96],[97,0],[97,0],[0,-96],[-97,0]],[[43219,44413],[0,96],[97,0],[0,-96],[-97,0]],[[44090,44893],[0,96],[96,0],[0,-96],[-96,0]],[[39642,41529],[0,96],[97,0]],[[38578,41625],[0,96],[0,96]],[[38578,41817],[97,0],[0,-96],[97,0],[0,96]],[[38772,41817],[96,0],[97,0]],[[38965,41817],[97,0],[0,96],[0,96],[0,96],[97,0],[0,97]],[[39159,42202],[96,0]],[[39255,42202],[0,-97],[97,0]],[[39352,42105],[0,-96],[97,0]],[[39449,42009],[96,0],[97,0]],[[39642,42009],[0,-96],[97,0],[0,-96]],[[39739,41817],[0,-96],[0,-96]],[[38288,41913],[0,96]],[[38288,42009],[97,0],[0,96],[0,97],[0,96]],[[38385,42298],[97,0],[0,96]],[[38482,42394],[96,0],[97,0]],[[38675,42394],[0,-96],[0,-96]],[[38675,42202],[0,-97]],[[38675,42105],[-97,0],[-96,0],[0,-96],[0,-96]],[[38482,41913],[-97,0]],[[38385,41913],[-97,0]],[[32487,43355],[0,96],[-97,0]],[[32390,43547],[97,0],[0,97],[-97,0]],[[32294,43740],[0,96],[-97,0]],[[31714,44317],[96,0],[97,0],[97,0],[96,0],[97,0],[97,0],[0,96],[0,96],[96,0],[0,96]],[[32390,44605],[97,0]],[[32487,44605],[0,-96],[97,0]],[[32584,44509],[96,0],[0,-96],[97,0]],[[32777,44413],[0,-96],[97,0],[97,0],[96,0],[97,0],[0,96],[-97,0],[0,96],[0,96]],[[33067,44605],[97,0],[0,96],[0,96]],[[33164,44797],[0,96]],[[33164,44893],[97,0],[0,-96],[96,0],[97,0],[97,0],[96,0],[97,0],[0,96],[97,0]],[[33841,44893],[0,-96],[96,0],[0,96],[0,96]],[[33937,44989],[97,0],[0,-96],[97,0],[0,-96],[96,0],[0,-96],[0,-96],[0,-96],[97,0]],[[34324,44509],[0,-96],[97,0]],[[34421,44413],[0,-96],[97,0]],[[34518,44317],[0,-97],[0,-96],[96,0],[0,96],[97,0],[97,0],[0,-96],[96,0],[97,0],[0,-96],[97,0],[96,0],[0,-96],[97,0],[97,0]],[[35388,43932],[0,-96]],[[35388,43836],[0,-96],[-97,0],[0,-96],[0,-97],[0,-96],[-97,0],[0,-96],[-96,0],[0,-96],[-97,0],[-97,0],[0,-96],[97,0],[97,0],[0,-96],[96,0],[97,0],[0,-96],[0,-96],[97,0]],[[35388,42682],[-97,0],[-97,0],[0,-96]],[[35194,42586],[-96,0],[-97,0],[-97,0],[0,-96],[97,0],[97,0],[96,0],[0,96]],[[35194,42586],[97,0],[0,-96],[97,0]],[[35388,42298],[-97,0],[0,-96],[-97,0],[-96,0],[0,-97],[96,0]],[[34421,41913],[97,0],[0,96],[0,96]],[[34518,42105],[96,0],[97,0],[97,0],[0,97],[-97,0],[0,96],[-97,0],[-96,0],[0,-96],[0,-97]],[[34518,42105],[-97,0],[0,-96],[0,-96]],[[33454,43067],[97,0],[96,0],[0,96],[0,96],[0,96],[97,0],[0,96],[0,96],[-97,0],[-96,0],[0,-96],[-97,0],[-97,0],[0,-96],[97,0],[0,-96],[0,-96],[0,-96]],[[35484,43163],[-96,0],[0,96],[96,0],[0,96],[97,0],[0,-96],[0,-96],[-97,0]],[[32584,43355],[96,0],[0,96],[-96,0],[0,-96]],[[33841,43355],[96,0],[97,0],[0,96],[0,96],[-97,0],[0,-96],[-96,0],[0,-96]],[[33647,44124],[97,0],[0,96],[-97,0],[0,-96]],[[37805,41433],[0,96]],[[37805,41529],[97,0],[0,96],[-97,0],[0,96]],[[38385,41625],[97,0],[96,0]],[[38385,41913],[0,-96],[0,-96],[0,-96]],[[38095,42298],[97,0]],[[38288,42202],[0,-97],[0,-96]],[[7735,41336],[0,97],[0,96],[-97,0]],[[7542,41529],[0,96],[-97,0],[0,-96]],[[6671,42202],[0,96],[0,96],[0,96],[0,96],[0,96],[0,96],[-96,0],[0,-96],[0,-96],[0,-96],[-97,0],[0,-96],[97,0],[0,-96],[0,-96]],[[5028,42009],[0,96],[0,97],[0,96],[0,96],[0,96],[-97,0],[0,96],[0,96],[0,96],[0,97],[0,96],[0,96],[-97,0],[0,96],[0,96],[0,96],[-96,0],[0,96],[0,96],[0,97],[0,96],[0,96],[-97,0],[0,96],[0,96],[0,96],[0,96],[0,97],[0,96],[0,96],[0,96],[0,96],[-97,0],[0,96],[0,96],[0,96],[-96,0],[0,97],[0,96],[0,96],[0,96],[0,96],[-97,0],[0,96],[0,96],[0,96],[0,97],[0,96],[0,96],[0,96],[97,0],[0,96],[0,96],[96,0],[97,0],[0,96],[97,0],[96,0],[0,97],[97,0],[97,0],[96,0],[97,0],[97,0],[0,96],[0,96],[97,0],[0,96],[0,96],[0,96],[96,0],[97,0],[97,0],[0,96],[0,96],[0,97]],[[5705,47297],[96,0],[0,-97],[97,0],[0,-96],[0,-96],[0,-96],[97,0],[0,-96],[0,-96],[96,0],[97,0],[0,-96],[-97,0],[0,-96],[0,-97],[0,-96],[97,0],[0,-96],[97,0],[0,-96],[96,0],[0,-96],[97,0],[97,0],[0,-96],[96,0],[97,0],[97,0],[0,96],[97,0],[96,0],[97,0],[97,0],[0,-96],[96,0],[97,0],[97,0],[0,-96],[0,-97],[0,-96],[0,-96],[96,0]],[[7638,45566],[0,-96],[97,0],[0,-96]],[[7735,45374],[0,-96],[0,-96],[0,-96]],[[7735,45086],[0,-97],[0,-96],[0,-96],[0,-96],[0,-96],[-97,0],[0,-96],[-96,0],[0,-96],[0,-96],[0,-97],[96,0],[97,0],[97,0],[96,0],[97,0],[97,0],[96,0],[97,0],[0,-96],[97,0],[0,-96],[97,0],[96,0],[97,0],[0,-96],[97,0],[0,-96]],[[8509,43067],[-97,0],[0,-96],[0,-96],[0,-97],[0,-96],[97,0]],[[7832,41721],[96,0],[0,96],[-96,0],[0,-96]],[[5415,42202],[96,0],[0,96],[-96,0],[0,-96]],[[6575,42971],[96,0],[0,96],[-96,0],[0,-96]],[[7058,42971],[97,0],[0,96],[97,0],[96,0],[0,96],[0,96],[0,96],[-96,0],[-97,0],[0,-96],[0,-96],[-97,0],[0,-96],[0,-96]],[[5318,43259],[97,0],[0,96],[0,96],[0,96],[-97,0],[0,97],[0,96],[0,96],[-97,0],[0,96],[-97,0],[0,-96],[0,-96],[0,-96],[0,-97],[0,-96],[0,-96],[97,0],[97,0],[0,-96]],[[5124,44124],[97,0],[0,96],[-97,0],[0,-96]],[[5124,44509],[97,0],[0,96],[-97,0],[0,-96]],[[37418,41433],[97,0],[0,-97]],[[37708,41433],[0,96],[97,0]],[[36548,42298],[97,0],[0,96],[0,96],[96,0],[97,0],[97,0]],[[36935,42490],[0,-96],[96,0],[97,0],[97,0],[0,-96],[96,0],[97,0],[97,0]],[[37805,41721],[-97,0],[-96,0],[0,-96],[-97,0],[-97,0],[0,-96]],[[40319,41817],[0,96],[96,0],[0,96],[0,96],[97,0],[97,0],[97,0],[96,0]],[[40802,42105],[0,-96],[97,0],[0,96]],[[40899,42105],[97,0]],[[40996,42105],[96,0]],[[41092,42105],[0,-96],[97,0],[0,-96],[97,0],[0,-96],[0,-96],[96,0],[0,-96]],[[41382,41529],[-96,0],[0,-96]],[[40802,42105],[0,97]],[[40802,42202],[97,0],[0,-97]],[[40899,42105],[-97,0]],[[41382,42105],[-96,0],[0,97]],[[40609,42202],[0,96]],[[40609,42298],[97,0]],[[40706,42298],[0,-96]],[[40706,42202],[-97,0]],[[41286,42202],[-97,0],[0,96]],[[23688,41817],[97,0],[0,96],[97,0],[0,96]],[[23398,42009],[97,0],[0,-96]],[[18757,42586],[0,96],[97,0],[0,96],[97,0],[0,97],[0,96],[0,96],[0,96],[96,0],[0,96],[0,96],[97,0],[0,96],[0,96],[97,0],[0,97]],[[19241,43644],[97,0],[0,96],[96,0],[0,96],[97,0],[0,96],[-97,0],[0,96],[-96,0],[0,96],[0,96],[-97,0],[0,97],[0,96],[-97,0],[0,96],[0,96],[0,96],[0,96],[97,0],[0,96],[97,0],[96,0],[97,0]],[[19531,44893],[0,-96],[97,0],[96,0],[0,-96],[97,0],[0,-96],[97,0],[96,0],[0,-96],[97,0],[97,0],[96,0],[0,-96],[97,0],[0,-96],[97,0],[0,-97],[96,0],[0,-96],[97,0],[0,96],[97,0],[97,0]],[[20885,44220],[0,-96],[0,-96],[0,-96],[0,-96],[-97,0],[0,-96],[0,-96],[-97,0],[0,-97],[97,0],[0,-96],[0,-96],[97,0],[0,-96],[0,-96],[96,0],[0,-96],[97,0],[0,-96],[97,0]],[[19531,42394],[97,0],[96,0],[97,0]],[[19821,42394],[97,0],[96,0],[0,96],[0,96]],[[20014,42586],[97,0],[97,0],[0,96],[-97,0],[0,96],[0,97],[0,96],[-97,0],[0,-96],[0,-97],[-96,0],[-97,0],[-97,0],[-96,0],[0,-96],[0,-96],[-97,0],[0,-96],[0,-96]],[[19821,42490],[0,96],[97,0]],[[19918,42586],[0,-96],[-97,0]],[[19918,42586],[0,96],[96,0],[0,-96]],[[20014,42586],[-96,0]],[[38482,41913],[96,0]],[[38578,41913],[0,-96]],[[39739,41817],[96,0],[97,0]],[[38772,41817],[0,96]],[[38772,41913],[96,0],[97,0],[0,-96]],[[38675,42105],[0,-96],[97,0],[0,-96]],[[38772,41913],[-97,0],[-97,0]],[[38288,42298],[97,0]],[[39739,42009],[0,96]],[[39739,42105],[96,0],[97,0],[0,-96]],[[39932,42009],[-97,0],[-96,0]],[[38675,42202],[97,0],[0,-97],[-97,0]],[[38192,42298],[0,96]],[[38192,42394],[96,0]],[[38288,42394],[0,-96]],[[38385,42298],[0,96]],[[38385,42394],[97,0]],[[26686,41721],[-97,0],[0,96],[-97,0],[0,96],[97,0],[97,0],[96,0]],[[26782,41913],[0,-96],[0,-96],[-96,0]],[[26782,41913],[0,96],[-96,0],[-97,0],[0,96],[0,97],[0,96],[0,96],[-97,0],[-96,0],[-97,0],[0,-96],[-97,0],[0,-96],[-96,0],[0,96],[-97,0],[-97,0],[0,96]],[[25719,43163],[0,96],[0,96],[97,0],[0,96],[96,0],[97,0],[97,0],[0,96],[96,0],[97,0],[97,0],[0,97],[0,96],[0,96],[0,96],[0,96],[0,96],[-97,0],[0,96],[-97,0],[0,97],[0,96],[0,96],[97,0],[0,96],[97,0],[0,96],[-97,0],[0,96]],[[26299,44797],[97,0],[96,0],[97,0],[0,-96],[0,-96],[97,0],[0,-96],[0,-96],[96,0],[0,-96],[97,0],[0,-97],[0,-96],[97,0],[0,-96],[0,-96],[97,0],[0,96],[96,0]],[[27169,44028],[0,-96],[97,0],[0,-96],[0,-96],[0,-96],[97,0],[96,0],[97,0],[0,-97],[97,0],[96,0],[0,-96],[0,-96],[97,0],[0,-96],[0,-96],[0,-96],[0,-96]],[[27266,42105],[0,-96],[0,-96],[-97,0],[0,96],[-96,0],[-97,0],[0,-96],[-97,0],[-97,0]],[[26976,43163],[97,0],[96,0],[0,96],[0,96],[0,96],[0,96],[-96,0],[-97,0],[-97,0],[0,-96],[0,-96],[97,0],[0,-96],[0,-96]],[[38675,42394],[97,0],[0,-96],[96,0]],[[38868,42298],[97,0]],[[38965,42298],[97,0],[0,-96],[97,0]],[[39642,42009],[0,96]],[[39642,42105],[97,0]],[[39932,42009],[0,-96],[0,-96]],[[38288,42394],[97,0]],[[38482,42394],[0,96],[96,0]],[[38578,42490],[97,0]],[[38675,42490],[0,-96]],[[10636,43932],[0,96],[-97,0],[0,96],[0,96],[0,97],[0,96],[0,96],[0,96],[97,0],[0,96],[96,0],[97,0],[0,96],[0,96],[0,96],[0,97],[0,96],[0,96],[0,96]],[[10829,45374],[97,0]],[[10926,45374],[0,-96],[96,0],[0,-96],[0,-96],[97,0],[0,-97],[97,0]],[[11216,44989],[96,0],[97,0],[97,0],[97,0],[96,0],[0,-96],[97,0],[0,-96],[0,-96],[97,0],[0,-96],[96,0],[97,0],[0,-96]],[[12086,44509],[0,-96],[97,0]],[[12183,44413],[96,0],[0,-96],[97,0]],[[12376,44317],[0,-97],[0,-96],[0,-96],[0,-96],[-97,0],[0,-96],[0,-96],[0,-96],[0,-97],[0,-96],[0,-96],[97,0],[0,-96],[0,-96],[0,-96],[0,-96]],[[12376,42971],[0,-96],[-97,0],[-96,0],[0,-97],[0,-96],[96,0],[0,-96],[0,-96],[97,0]],[[12376,42490],[0,-96],[0,-96]],[[12376,42298],[-97,0],[0,-96],[97,0],[0,-97],[-97,0],[-96,0],[0,-96]],[[11699,42778],[97,0],[0,97],[0,96],[0,96],[-97,0],[0,-96],[0,-96],[0,-97]],[[11216,42875],[96,0],[0,96],[-96,0],[0,-96]],[[11216,44413],[96,0],[0,96],[0,96],[-96,0],[0,-96],[0,-96]],[[39932,42009],[97,0],[0,96],[0,97]],[[40029,42202],[96,0],[97,0],[0,96]],[[40222,42298],[97,0],[96,0],[0,96],[97,0]],[[40512,42394],[0,-96],[97,0]],[[40706,42202],[96,0]],[[14213,41913],[-97,0],[0,96],[0,96],[-96,0],[0,97],[96,0],[0,96],[0,96],[0,96],[0,96]],[[14116,42586],[97,0],[97,0],[0,96],[96,0],[97,0],[0,96],[0,97],[-97,0],[-96,0],[-97,0],[0,96]],[[14213,42971],[97,0]],[[14310,42971],[96,0],[0,96]],[[14406,43067],[97,0],[97,0]],[[14600,43067],[0,-96],[0,-96],[97,0],[0,96],[0,96]],[[14697,43067],[96,0],[0,-96]],[[14793,42971],[0,-96],[0,-97],[0,-96],[0,-96],[0,-96],[97,0],[97,0],[0,-96],[-97,0],[-97,0],[-96,0],[-97,0],[0,-96],[97,0],[0,-96],[-97,0],[0,-97],[-97,0],[0,-96],[-97,0],[0,-96],[-96,0],[-97,0]],[[13923,42586],[97,0]],[[14020,42586],[0,-96],[-97,0],[0,96]],[[13826,42586],[-96,0],[0,96],[96,0],[0,96],[-96,0],[0,97]],[[13730,42875],[96,0],[0,96],[97,0],[97,0],[96,0]],[[14116,42971],[0,-96],[0,-97],[-96,0],[-97,0],[0,-96],[0,-96]],[[13923,42586],[-97,0]],[[14116,42971],[0,96],[97,0],[0,-96]],[[14213,42971],[-97,0]],[[12666,42009],[-97,0],[0,96],[0,97],[-96,0],[0,96],[-97,0]],[[12376,42490],[0,96],[0,96],[0,96],[97,0],[0,97],[0,96],[-97,0]],[[12376,44317],[0,96],[97,0],[0,96],[96,0],[97,0],[0,96],[97,0],[96,0],[0,-96],[97,0],[97,0]],[[13053,44509],[97,0],[96,0],[97,0],[97,0]],[[13440,44509],[96,0],[97,0]],[[13633,44509],[0,-96],[97,0],[96,0],[0,96],[0,96],[97,0],[97,0],[0,-96],[96,0],[0,-96],[97,0],[97,0],[96,0],[0,96],[97,0],[0,96],[0,96],[0,96],[0,96],[0,96],[97,0],[0,97],[97,0],[96,0],[97,0],[0,96],[97,0],[0,96],[0,96],[-97,0],[0,96],[0,96],[0,96],[0,96],[0,97],[0,96],[-97,0],[0,96],[0,96],[0,96],[97,0],[0,96],[-97,0],[0,96],[0,97],[0,96],[97,0],[0,96],[0,96],[97,0],[0,96],[0,96],[96,0],[0,96],[0,96],[97,0],[0,97],[97,0],[0,96],[0,96]],[[15277,47489],[96,0],[0,-96],[97,0],[97,0],[96,0],[0,96],[97,0],[97,0]],[[15857,47489],[0,-96],[96,0],[0,-96],[97,0],[0,-97],[0,-96],[0,-96],[97,0],[0,-96],[0,-96],[97,0],[0,-96],[0,-96],[0,-96],[96,0],[0,-97],[0,-96],[97,0],[0,-96],[0,-96],[97,0],[0,-96],[0,-96],[96,0],[0,-96],[0,-97],[0,-96],[0,-96],[97,0],[0,-96],[0,-96],[97,0],[96,0],[0,-96],[97,0],[0,-96],[97,0]],[[17114,45182],[0,-96],[0,-97],[0,-96],[-97,0],[0,-96],[0,-96],[97,0],[0,-96],[0,-96],[-97,0],[0,-96]],[[16244,42682],[-97,0],[-97,0],[0,-96]],[[15953,42490],[-96,0],[0,96],[-97,0],[0,-96],[-97,0],[-96,0],[0,96],[-97,0],[0,96],[0,96],[0,97],[0,96],[0,96],[-97,0]],[[15373,43067],[0,96],[-96,0],[0,-96],[96,0]],[[15373,43067],[0,-96],[0,-96],[-96,0],[-97,0],[0,96],[0,96],[-97,0],[0,-96],[-96,0],[-97,0],[-97,0]],[[14697,43067],[0,96],[96,0],[0,96]],[[14793,43259],[97,0],[0,96],[-97,0],[0,-96]],[[14793,43259],[-96,0],[-97,0],[0,-96],[0,-96]],[[14406,43067],[-96,0],[0,-96]],[[13730,42875],[0,96],[0,96],[0,96],[-97,0],[-97,0],[0,-96],[0,-96],[-96,0],[0,96],[-97,0],[-97,0],[-96,0],[-97,0],[0,-96],[-97,0],[0,-96],[0,-97],[97,0],[0,-96],[0,-96],[97,0],[96,0],[97,0],[97,0],[0,-96],[-97,0],[-97,0],[0,-96],[-96,0],[0,-96],[-97,0],[-97,0],[0,96],[-97,0],[-96,0],[0,-96],[0,-96],[0,-97],[0,-96],[-97,0]],[[13536,42490],[0,96],[97,0],[0,-96],[-97,0]],[[13923,43163],[97,0],[96,0],[97,0],[97,0],[0,96],[0,96],[96,0],[0,96],[0,96],[97,0],[0,-96],[97,0],[97,0],[0,96],[-97,0],[0,97],[-97,0],[-97,0],[-96,0],[-97,0]],[[14213,43644],[0,96],[-97,0],[-96,0]],[[14020,43740],[0,96],[-97,0],[0,96],[0,96],[-97,0],[-96,0],[0,-96],[96,0],[0,-96],[0,-96],[97,0],[97,0]],[[14020,43740],[0,-96],[96,0],[0,-97],[0,-96],[-96,0]],[[14020,43451],[-97,0],[0,-96],[0,-96],[0,-96]],[[15663,43163],[97,0],[0,96],[-97,0],[0,-96]],[[14600,43932],[97,0],[0,96],[-97,0],[0,-96]],[[12086,44509],[97,0],[0,-96]],[[15470,44509],[97,0],[0,96],[-97,0],[0,-96]],[[15083,44893],[97,0],[0,96],[-97,0],[0,-96]],[[39352,42105],[97,0],[0,-96]],[[39739,42105],[0,97],[0,96]],[[39739,42298],[96,0],[0,-96],[97,0]],[[39932,42202],[97,0]],[[39255,42202],[0,96],[97,0],[0,-96],[-97,0]],[[38868,42298],[0,96],[97,0],[0,-96]],[[39449,42394],[0,96],[96,0],[0,-96],[-96,0]],[[38288,42490],[0,96],[97,0]],[[38385,42586],[0,-96],[-97,0]],[[38578,42490],[0,96],[97,0],[0,-96]],[[38385,42586],[0,96],[97,0]],[[38482,42682],[0,-96],[-97,0]],[[38578,42682],[0,96],[97,0]],[[38675,42778],[0,-96],[-97,0]],[[38675,42778],[0,97]],[[38675,42875],[97,0],[0,-97],[-97,0]],[[38482,42875],[0,96]],[[38482,42971],[96,0],[0,-96]],[[38578,42875],[-96,0]],[[39352,42971],[0,96],[97,0],[96,0],[0,96],[0,96]],[[39545,43259],[97,0]],[[39642,43259],[97,0],[0,-96],[96,0]],[[39835,43163],[0,-96]],[[39835,43067],[0,-96]],[[39835,42971],[-96,0],[-97,0],[-97,0]],[[39545,42971],[-96,0],[-97,0]],[[37998,43163],[0,96]],[[37998,43259],[97,0],[97,0],[0,-96]],[[38192,43163],[-97,0],[-97,0]],[[38578,43163],[0,96],[97,0]],[[38675,43259],[0,-96]],[[38675,43163],[-97,0]],[[37805,43259],[0,96]],[[37805,43355],[0,96]],[[37805,43451],[97,0],[0,-96],[0,-96]],[[37902,43259],[-97,0]],[[39159,43355],[0,96]],[[39159,43451],[96,0],[97,0]],[[39352,43451],[0,-96],[-97,0],[-96,0]],[[39449,43355],[0,96]],[[39449,43451],[96,0]],[[39545,43451],[0,-96]],[[39545,43355],[-96,0]],[[37708,43451],[0,96],[-96,0],[0,97]],[[37612,43644],[96,0],[97,0]],[[37805,43644],[0,-97],[0,-96]],[[37805,43451],[-97,0]],[[38578,43644],[0,96],[97,0]],[[38675,43740],[0,-96]],[[38675,43644],[-97,0]],[[38192,43740],[0,96]],[[38192,43836],[96,0],[0,96],[0,96]],[[38288,44028],[0,96],[0,96]],[[38288,44220],[97,0]],[[38385,44220],[0,-96],[0,-96]],[[38385,44028],[0,-96],[0,-96],[97,0],[0,-96],[-97,0],[-97,0],[-96,0]],[[38288,42394],[0,96]],[[38482,42682],[96,0]],[[38675,42875],[-97,0]],[[38482,42971],[-97,0],[0,96]],[[38385,43067],[97,0],[0,96]],[[38482,43163],[96,0]],[[38675,43163],[97,0]],[[38772,43163],[96,0],[97,0]],[[38965,43163],[97,0],[0,96]],[[39062,43259],[97,0],[0,96]],[[39352,43451],[97,0]],[[39545,43355],[0,-96]],[[39545,42971],[0,-96],[0,-97],[97,0]],[[39642,42778],[0,-96],[0,-96],[97,0],[0,-96]],[[39739,42490],[0,-96],[0,-96]],[[39739,42298],[-97,0],[0,-96],[-97,0],[0,-97],[97,0]],[[38192,43067],[0,96]],[[37998,43259],[-96,0]],[[37805,43644],[97,0]],[[37902,43644],[96,0]],[[37998,43644],[0,-97],[97,0],[0,97],[97,0],[0,96]],[[38385,44028],[97,0]],[[38482,44028],[0,-96],[96,0],[0,-96],[97,0]],[[38675,43836],[0,-96]],[[38578,43644],[0,-97],[0,-96]],[[38578,43451],[-96,0],[0,-96],[0,-96],[0,-96]],[[38482,43163],[-97,0],[0,-96]],[[38385,43067],[-97,0],[-96,0]],[[38675,43259],[0,96]],[[38675,43355],[97,0]],[[38772,43355],[0,-96]],[[38772,43259],[-97,0]],[[38578,43355],[0,96]],[[38578,43451],[97,0],[0,-96]],[[38675,43355],[-97,0]],[[39159,43451],[0,96]],[[39159,43547],[96,0]],[[39255,43547],[97,0]],[[39352,43547],[0,-96]],[[39739,42490],[96,0]],[[39835,42490],[0,-96],[97,0],[0,-96],[0,-96]],[[38192,42394],[0,96]],[[38192,42490],[96,0]],[[38772,43259],[0,-96]],[[40996,42105],[0,97],[96,0],[0,-97]],[[40125,42298],[0,96],[-96,0],[0,96],[-97,0],[-97,0]],[[39642,42778],[97,0],[96,0],[97,0],[0,97],[97,0],[0,-97],[96,0]],[[40125,42778],[97,0]],[[40222,42778],[0,-96],[97,0]],[[40319,42682],[0,-96],[96,0]],[[40415,42586],[97,0]],[[40512,42586],[0,-96],[0,-96]],[[40222,42298],[-97,0]],[[40512,42394],[97,0],[97,0],[0,96],[0,96]],[[40996,42490],[0,-96],[96,0]],[[41092,42394],[0,-96],[-96,0],[-97,0],[-97,0],[-96,0]],[[40609,42682],[0,96]],[[40609,42778],[97,0]],[[40706,42682],[-97,0]],[[40512,42778],[0,97],[97,0]],[[40609,42875],[0,-97]],[[40609,42778],[-97,0]],[[40609,42875],[0,96],[0,96],[97,0]],[[40706,42971],[0,-96],[-97,0]],[[39932,42971],[0,96]],[[39932,43067],[0,96]],[[39932,43163],[97,0]],[[40029,43163],[0,-96]],[[40029,43067],[0,-96],[-97,0]],[[40125,43067],[0,96]],[[40125,43163],[0,96],[97,0],[0,96]],[[40222,43355],[97,0]],[[40319,43355],[0,-96],[0,-96]],[[40319,43163],[-97,0],[0,-96]],[[40222,43067],[-97,0]],[[40706,43067],[0,96],[-97,0],[-97,0],[0,96],[97,0],[0,96],[0,96],[-97,0]],[[40512,43451],[0,96]],[[40512,43547],[97,0],[97,0],[96,0]],[[40996,43259],[0,-96]],[[40319,43355],[0,96],[96,0]],[[40415,43451],[0,-96],[-96,0]],[[37708,42298],[97,0]],[[36935,42490],[0,96],[-97,0],[0,96],[-97,0],[-96,0],[-97,0],[-97,0],[0,96],[-96,0],[0,97],[-97,0]],[[36258,42875],[0,96],[-97,0],[0,-96],[97,0]],[[36258,42875],[0,-97],[0,-96],[-97,0],[-96,0],[0,96]],[[35968,42971],[97,0],[0,96],[0,96],[0,96],[-97,0],[-97,0],[-97,0],[0,96],[97,0],[0,96],[0,96],[0,97],[0,96],[0,96],[0,96],[97,0],[97,0],[96,0],[0,-96],[97,0],[0,96],[97,0],[0,96],[-97,0],[0,96]],[[36258,44124],[97,0]],[[36355,44124],[96,0],[97,0]],[[36548,44124],[0,-96],[97,0],[96,0],[97,0],[0,96],[0,96],[97,0],[96,0]],[[37031,44220],[0,-96],[97,0]],[[37128,44124],[0,-96],[97,0],[96,0]],[[37321,44028],[0,-96],[97,0],[0,-96],[97,0]],[[37515,43836],[0,-96],[97,0],[0,-96]],[[37708,43451],[0,-96],[97,0]],[[38192,42490],[0,96],[-97,0],[0,-96],[0,-96],[97,0]],[[37998,42298],[0,96],[-96,0],[0,96],[96,0],[0,96],[-96,0],[-97,0],[-97,0],[-96,0]],[[37612,42586],[0,96],[-97,0],[0,-96],[97,0]],[[37612,42586],[0,-96],[96,0],[0,-96],[-96,0],[0,-96]],[[36645,42778],[96,0],[0,97],[0,96],[0,96],[0,96],[-96,0],[0,96],[-97,0],[0,96],[-97,0],[0,-96],[0,-96],[0,-96],[97,0],[97,0],[0,-96],[0,-96],[0,-97]],[[40512,42586],[97,0],[0,96]],[[40319,42682],[96,0]],[[40415,42682],[0,-96]],[[40222,42778],[97,0]],[[40319,42778],[0,-96]],[[40415,42682],[0,96],[-96,0]],[[40319,42778],[0,97],[0,96],[96,0],[97,0],[0,96],[-97,0],[0,96],[-96,0]],[[40415,43451],[97,0]],[[40609,42682],[-97,0],[-97,0]],[[40125,42778],[0,97],[97,0],[0,-97]],[[40125,42971],[0,96]],[[40222,43067],[0,-96],[-97,0]],[[40029,43163],[96,0]],[[40125,43067],[-96,0]],[[19821,42490],[0,-96]],[[14116,42586],[-96,0]],[[18371,43644],[96,0],[0,96],[0,96],[-96,0],[0,-96]],[[17114,45182],[96,0],[0,96],[0,96],[97,0],[0,96],[97,0],[96,0],[97,0],[97,0],[97,0],[0,96],[96,0],[0,96],[97,0],[0,-96],[97,0],[96,0],[97,0],[0,-96],[97,0],[96,0],[0,96]],[[18467,45566],[97,0]],[[18564,45566],[97,0],[96,0],[0,-96],[97,0],[97,0],[96,0],[0,-96],[0,-96],[97,0],[0,-96],[97,0],[0,96],[97,0],[96,0],[0,96],[97,0]],[[19531,45374],[0,-96],[0,-96],[0,-96],[0,-97],[0,-96]],[[19241,43644],[0,96],[-97,0],[0,-96],[97,0]],[[39835,42971],[97,0]],[[30457,43067],[0,-96]],[[30843,42971],[0,96],[0,96],[97,0]],[[30843,43451],[0,-96]],[[30843,43355],[-96,0],[0,-96],[-97,0]],[[30553,43259],[0,-96],[97,0],[0,-96],[-97,0],[-96,0]],[[30940,43163],[0,96]],[[30843,43259],[0,96]],[[30843,43355],[97,0]],[[30940,43259],[-97,0]],[[30940,43451],[-97,0]],[[27169,44028],[97,0],[0,96],[97,0],[0,96],[96,0],[97,0],[0,97],[97,0],[0,-97],[96,0],[97,0],[0,97],[97,0],[96,0],[97,0],[0,-97],[97,0],[96,0]],[[28329,44220],[0,-96],[97,0],[0,-96],[0,-96],[0,-96],[97,0],[97,0],[0,96],[96,0],[0,-96],[97,0],[0,96],[97,0],[0,-96],[96,0],[0,96],[97,0],[0,96],[97,0],[96,0]],[[28426,43547],[97,0],[0,97],[97,0],[0,96],[-97,0],[-97,0],[-97,0],[0,-96],[97,0],[0,-97]],[[29103,44124],[0,96]],[[29103,44220],[97,0],[0,-96]],[[29200,44124],[-97,0]],[[20885,44220],[0,97],[0,96],[0,96],[96,0],[0,96],[0,96],[-96,0],[0,96],[-97,0],[-97,0],[-97,0],[0,96],[-96,0],[-97,0],[0,96],[0,97],[0,96],[97,0],[0,96],[96,0],[0,96],[97,0],[0,96],[97,0],[0,96],[97,0],[0,96],[96,0],[0,96],[97,0],[0,97],[97,0],[0,96],[0,96],[0,96],[0,96],[-97,0],[0,96],[0,96],[-97,0],[0,97],[0,96],[97,0],[97,0],[96,0],[97,0],[0,-96],[97,0],[0,96],[96,0],[0,96],[97,0],[97,0],[0,96],[96,0],[97,0],[97,0],[0,-96],[96,0]],[[22141,46720],[97,0],[0,-96],[0,-96],[0,-97],[0,-96],[0,-96],[0,-96],[0,-96],[97,0],[0,-96],[97,0],[0,-96],[0,-97],[0,-96],[0,-96],[0,-96],[0,-96],[96,0],[0,96],[97,0],[97,0],[96,0],[97,0],[97,0],[0,-96],[96,0],[0,-96],[97,0],[0,-96],[97,0],[0,-96],[0,-97],[-97,0],[0,-96],[0,-96],[0,-96],[97,0],[0,-96]],[[21948,44413],[97,0],[0,96],[-97,0],[0,-96]],[[22528,44509],[97,0],[97,0],[0,96],[0,96],[0,96],[-97,0],[-97,0],[-96,0],[0,-96],[96,0],[0,-96],[0,-96]],[[39835,43067],[97,0]],[[39545,43355],[97,0],[0,-96]],[[39932,43259],[0,96],[-97,0]],[[39835,43355],[0,96]],[[39835,43451],[97,0],[97,0]],[[40029,43451],[0,-96],[0,-96],[-97,0]],[[40222,43355],[0,96],[-97,0],[-96,0]],[[40029,43451],[0,96],[0,97]],[[40029,43644],[96,0],[97,0],[97,0],[96,0]],[[40415,43644],[0,-97],[0,-96]],[[39449,43451],[0,96]],[[39449,43547],[96,0]],[[39545,43547],[0,-96]],[[39545,43644],[0,96]],[[39545,43740],[0,96]],[[39545,43836],[97,0]],[[39642,43836],[97,0],[0,-96],[96,0],[97,0],[0,-96]],[[39932,43644],[-97,0],[-96,0],[-97,0],[-97,0]],[[24559,43740],[0,96],[-97,0],[-97,0],[0,-96],[-96,0]],[[22141,46720],[0,96],[0,96],[-96,0],[0,96],[0,96],[-97,0],[0,96],[0,97],[0,96]],[[21948,47393],[97,0],[96,0],[97,0],[97,0],[0,96],[97,0],[96,0],[97,0],[97,0],[96,0],[97,0],[0,96],[0,96],[0,96],[0,96],[0,96],[97,0],[96,0],[0,97],[97,0],[0,96],[0,96],[97,0],[0,96],[0,96],[0,96],[96,0],[0,96],[0,97],[0,96],[97,0],[0,96],[-97,0],[0,96],[97,0],[0,96],[0,96],[97,0],[0,96],[0,96],[0,97],[96,0]],[[23688,49508],[97,0],[0,-97],[97,0],[0,-96],[0,-96],[97,0],[0,-96],[96,0],[0,-96],[97,0],[0,-96],[0,-96],[97,0],[0,-96],[96,0],[0,-97],[0,-96],[97,0],[0,-96],[97,0],[0,-96],[96,0],[0,-96],[97,0]],[[24752,48258],[97,0],[0,-96],[0,-96],[0,-97],[0,-96],[0,-96],[-97,0],[0,-96],[97,0],[96,0],[97,0],[97,0],[96,0],[0,-96],[0,-96],[0,-96],[0,-96],[97,0],[0,-97],[0,-96],[0,-96],[97,0],[0,-96],[0,-96],[0,-96],[0,-96]],[[25429,46624],[0,-96],[-97,0],[0,-97],[0,-96],[0,-96],[-97,0],[0,-96],[0,-96],[0,-96],[97,0],[97,0],[0,-96],[97,0],[96,0],[97,0],[97,0],[0,-97],[0,-96],[0,-96],[96,0],[0,-96],[0,-96],[0,-96],[-96,0],[0,-96],[0,-96],[0,-97],[96,0],[0,-96],[0,-96],[0,-96],[97,0],[0,96],[97,0],[0,96],[96,0],[97,0],[0,-96]],[[23688,45374],[97,0],[0,96],[0,96],[0,96],[-97,0],[-96,0],[0,96],[-97,0],[0,-96],[0,-96],[0,-96],[97,0],[96,0],[0,-96]],[[23108,46528],[97,0],[0,96],[-97,0],[0,-96]],[[24655,47297],[97,0],[0,96],[-97,0],[0,-96]],[[14020,43451],[0,-96],[96,0],[97,0],[0,96],[0,96],[0,97]],[[38772,43355],[0,96],[0,96]],[[38772,43547],[0,97]],[[38772,43644],[96,0],[97,0],[97,0]],[[39062,43644],[97,0]],[[39159,43644],[0,-97]],[[39159,43547],[-97,0],[0,-96],[0,-96],[0,-96]],[[39062,43259],[-97,0],[0,-96]],[[38772,43644],[0,96]],[[38772,43740],[96,0]],[[38868,43740],[97,0]],[[38965,43740],[97,0],[0,-96]],[[39545,43547],[97,0],[97,0],[0,-96],[96,0]],[[39835,43355],[0,-96],[97,0]],[[39932,43259],[0,-96]],[[39932,43163],[-97,0]],[[39449,43547],[0,97]],[[39449,43644],[0,96]],[[39449,43740],[96,0]],[[39932,43644],[97,0]],[[38675,43644],[0,-97],[97,0]],[[7735,45086],[97,0],[96,0],[0,96],[-96,0],[0,96],[0,96],[-97,0]],[[7638,45566],[0,96],[0,96],[0,97],[97,0],[0,96],[-97,0],[0,96],[0,96],[0,96],[0,96],[97,0],[0,96],[0,97],[0,96],[97,0],[0,96],[0,96],[0,96],[96,0],[0,96]],[[7928,47008],[97,0],[0,96],[-97,0]],[[7928,47104],[0,96],[0,97],[97,0],[0,96],[0,96],[97,0],[96,0],[0,96],[0,96],[0,96],[97,0],[0,96],[97,0],[0,96],[97,0],[96,0],[97,0],[0,97],[97,0],[0,96],[0,96],[-97,0],[0,96],[0,96],[-97,0],[0,96],[0,96],[0,97],[0,96],[0,96],[0,96],[-96,0],[0,96],[0,96],[96,0],[97,0],[0,96],[0,96],[0,97],[97,0],[0,96],[0,96],[0,96],[0,96],[0,96],[0,96],[0,97],[0,96],[-97,0],[0,96],[0,96],[0,96]],[[8702,50565],[0,96],[0,96],[97,0],[0,96],[0,97],[96,0],[0,96],[0,96],[97,0],[0,96],[0,96],[0,96]],[[8992,51430],[97,0],[96,0],[0,96],[97,0],[97,0],[0,-96],[0,-96],[0,-96],[0,-96],[0,-96],[0,-96],[96,0]],[[9475,50950],[0,-97],[0,-96],[0,-96],[0,-96],[97,0],[0,-96],[0,-96],[0,-96],[97,0],[96,0],[0,-96],[97,0],[0,-97],[97,0],[97,0],[0,-96],[96,0],[0,-96]],[[10152,49892],[0,-96],[97,0]],[[10249,49796],[0,-96]],[[10249,49700],[0,-96],[0,-96],[-97,0],[-96,0],[0,-97],[0,-96],[-97,0],[0,-96],[0,-96],[0,-96],[0,-96],[97,0],[0,-96],[0,-96],[96,0],[0,-97],[97,0],[0,-96],[97,0],[96,0],[0,-96],[97,0],[0,-96],[97,0],[0,-96],[96,0],[0,-96],[97,0],[0,-96],[97,0],[0,-97],[0,-96],[96,0],[0,-96],[0,-96],[0,-96],[97,0],[0,-96],[0,-96],[97,0],[0,-96],[96,0],[0,-97],[0,-96],[97,0],[97,0],[0,-96],[0,-96],[97,0],[0,-96],[96,0],[0,-96],[97,0],[0,-96],[97,0],[0,-96],[96,0],[0,-97],[0,-96],[0,-96]],[[11989,46239],[-96,0],[0,96],[-97,0],[-97,0],[0,-96],[0,-96],[97,0],[0,-96],[-97,0],[0,-96],[0,-96],[97,0],[0,-97],[-97,0],[0,-96],[-96,0],[0,96],[-97,0],[-97,0],[0,-96],[0,-96],[-97,0],[0,-96],[-96,0],[0,-96]],[[11216,45374],[-97,0],[-97,0],[-96,0]],[[10829,45374],[0,96],[-97,0]],[[10732,45470],[0,96],[-96,0],[0,-96],[96,0]],[[10732,45470],[0,-96],[97,0]],[[8605,44413],[97,0],[0,96],[97,0],[0,96],[0,96],[0,96],[-97,0],[-97,0],[0,96],[-96,0],[0,-96],[-97,0],[-97,0]],[[8315,44797],[0,96],[-97,0],[0,-96],[97,0]],[[8315,44797],[0,-96],[97,0],[97,0],[0,-96],[96,0],[0,-96],[0,-96]],[[9765,44893],[97,0],[0,96],[97,0],[0,97],[0,96],[-97,0],[0,96],[0,96],[0,96],[-97,0],[0,-96],[-96,0],[-97,0],[-97,0],[0,96],[-96,0]],[[9379,45470],[0,96],[0,96],[-97,0],[0,96],[0,97],[0,96],[-97,0],[-96,0],[0,-96],[0,-97],[96,0],[0,-96],[0,-96],[97,0],[0,-96],[97,0]],[[9379,45470],[0,-96],[0,-96],[0,-96],[96,0],[0,-96],[97,0],[97,0],[0,-97],[96,0],[0,-96]],[[8412,45662],[97,0],[0,96],[0,97],[-97,0],[0,-97],[0,-96]],[[8895,46047],[97,0],[0,96],[-97,0]],[[8895,46143],[0,96],[-96,0],[0,-96],[96,0]],[[8895,46143],[0,-96]],[[9379,46143],[96,0],[0,96]],[[9475,46239],[97,0],[0,96],[-97,0]],[[9475,46335],[0,96],[0,97],[0,96],[-96,0],[0,-96],[-97,0],[-97,0],[-96,0],[0,-97],[96,0],[0,-96]],[[9185,46335],[0,-96],[97,0],[0,96]],[[9282,46335],[97,0],[96,0]],[[9475,46335],[0,-96]],[[9475,46239],[-96,0],[0,-96]],[[9572,49123],[97,0],[0,96],[-97,0],[0,-96]],[[39352,43547],[0,97],[97,0]],[[39449,43740],[0,96],[0,96]],[[39449,43932],[96,0]],[[39545,43932],[0,-96]],[[38965,43932],[0,96]],[[38965,44028],[97,0]],[[39062,44028],[97,0]],[[39159,44028],[0,-96],[-97,0]],[[39062,43932],[-97,0]],[[39255,43932],[0,96]],[[39255,44028],[97,0]],[[39352,44028],[0,-96],[-97,0]],[[40899,43547],[0,97],[-97,0],[0,-97]],[[40512,43547],[0,97],[-97,0]],[[39642,43836],[0,96],[0,96],[97,0],[0,96]],[[39739,44124],[0,96],[96,0],[97,0],[0,-96],[0,-96],[97,0],[96,0],[0,96],[0,96],[97,0]],[[40222,44220],[97,0],[96,0],[97,0],[0,97],[97,0]],[[40609,44317],[0,-97],[97,0],[0,-96],[96,0],[0,96],[0,97]],[[40802,44317],[97,0],[0,-97],[0,-96],[97,0],[0,-96],[96,0]],[[41382,43451],[-96,0]],[[40609,43836],[97,0],[96,0],[97,0],[0,96],[-97,0],[0,96],[-96,0],[-97,0],[-97,0],[0,-96],[97,0],[0,-96]],[[40609,44317],[0,96]],[[40609,44413],[97,0]],[[40706,44413],[0,-96]],[[40706,44317],[-97,0]],[[37998,43644],[0,96],[97,0],[0,96],[-97,0],[-96,0],[0,-96],[0,-96]],[[37805,43644],[0,96],[-97,0],[0,96],[0,96],[97,0],[0,96],[97,0],[0,96],[0,96]],[[37902,44220],[96,0],[0,-96],[97,0],[0,-96],[0,-96],[97,0],[0,-96]],[[37805,44220],[0,97],[-97,0]],[[37708,44317],[0,96]],[[37708,44413],[97,0],[97,0]],[[37902,44413],[0,-96],[0,-97]],[[37902,44220],[-97,0]],[[38675,43740],[97,0]],[[39159,43644],[96,0],[0,-97]],[[38965,43740],[0,96]],[[38965,43836],[0,96]],[[39062,43932],[0,-96],[97,0],[96,0],[0,-96],[-96,0],[0,-96]],[[39062,44028],[0,96],[0,96]],[[39062,44220],[97,0],[0,-96]],[[39159,44124],[0,-96]],[[39159,44028],[96,0]],[[39352,44028],[97,0]],[[39449,44028],[0,-96]],[[38868,43836],[0,96],[0,96],[97,0]],[[38965,43836],[-97,0]],[[38965,44028],[0,96],[-97,0],[0,96]],[[38868,44220],[97,0]],[[38965,44220],[97,0]],[[37515,43836],[0,96],[0,96]],[[37515,44028],[97,0],[0,96],[0,96],[96,0],[0,97]],[[37902,44413],[96,0],[0,-96],[97,0],[97,0]],[[38192,44317],[0,-97],[0,-96],[0,-96],[96,0]],[[37708,44413],[0,96],[0,96],[0,96],[0,96],[0,96],[97,0]],[[37805,44893],[97,0],[0,-96],[0,-96],[96,0],[0,-96]],[[37998,44605],[0,-96],[-96,0],[0,-96]],[[38675,43836],[97,0]],[[38772,43836],[0,-96]],[[38192,44317],[96,0]],[[38288,44317],[0,-97]],[[38385,44220],[97,0]],[[38482,44220],[0,-96],[0,-96]],[[38772,44220],[0,97]],[[38772,44317],[0,96]],[[38772,44413],[96,0]],[[38868,44413],[0,-96]],[[38868,44317],[0,-97]],[[38868,44220],[-96,0]],[[37998,44605],[97,0],[0,96],[97,0]],[[38192,44701],[0,-96],[96,0],[0,-96],[-96,0],[0,-96],[0,-96]],[[38482,44413],[0,96],[-97,0],[0,96],[97,0],[96,0]],[[38578,44605],[97,0],[0,-96]],[[38675,44509],[0,-96],[-97,0],[-96,0]],[[38772,43836],[96,0]],[[38868,43836],[0,-96]],[[38482,44220],[0,97]],[[38482,44317],[96,0],[97,0],[97,0]],[[38772,44220],[0,-96],[-97,0]],[[38675,44124],[0,96],[-97,0],[0,-96],[97,0]],[[38675,44124],[0,-96],[97,0],[0,-96],[0,-96]],[[38288,44317],[0,96],[97,0],[97,0]],[[38482,44413],[0,-96]],[[38482,44317],[-97,0],[-97,0]],[[38192,44701],[96,0],[97,0],[0,96]],[[38385,44797],[97,0]],[[38482,44797],[0,-96],[96,0]],[[38578,44701],[0,-96]],[[38675,44509],[97,0],[0,-96]],[[35388,43932],[0,96],[-97,0],[0,96],[-97,0],[0,96],[0,97],[-96,0],[0,96],[0,96],[-97,0],[-97,0],[0,-96],[0,-96],[-96,0],[-97,0],[-97,0],[-96,0]],[[34421,44413],[0,96],[-97,0]],[[33937,44989],[-96,0],[0,-96]],[[33164,44893],[0,96],[-97,0]],[[33067,44989],[0,97],[-96,0]],[[32971,45086],[0,96],[-97,0],[0,96],[0,96],[0,96],[0,96],[-97,0],[0,96],[0,96],[-97,0],[0,97],[0,96],[0,96],[-96,0],[0,96],[0,96],[0,96],[-97,0],[0,96],[0,97],[-97,0],[0,96],[0,96],[-96,0],[0,96],[0,96],[-97,0],[-97,0],[0,96],[0,96],[0,96],[0,97],[-96,0],[0,96],[-97,0],[0,96],[-97,0],[0,96]],[[31810,47585],[97,0],[0,96],[0,96],[97,0],[0,96],[96,0],[0,96],[97,0],[0,97],[0,96],[97,0],[0,96],[-97,0],[0,96],[97,0],[0,96],[0,96],[-97,0],[0,96]],[[32197,48642],[97,0],[96,0],[0,-96],[97,0],[97,0],[96,0],[97,0],[97,0],[97,0],[96,0],[0,-96],[0,-96],[97,0],[0,-96],[97,0],[0,-96],[96,0],[0,96],[97,0],[0,96],[97,0],[0,96],[96,0],[0,96],[97,0],[0,96],[0,97],[97,0],[96,0]],[[33937,48739],[97,0],[0,-97],[97,0],[0,-96],[0,-96],[0,-96],[0,-96],[96,0],[97,0],[97,0],[0,-96],[97,0],[0,-96],[96,0],[0,-97],[0,-96],[97,0],[0,-96],[97,0],[96,0],[97,0],[97,0],[96,0],[97,0],[0,-96],[97,0],[0,-96],[0,-96],[96,0],[0,-96],[0,-96],[0,-97],[97,0],[97,0],[96,0],[97,0],[97,0],[97,0],[96,0],[97,0]],[[36258,47200],[0,-96],[0,-96],[-97,0],[0,-96],[-96,0],[0,-96],[0,-96]],[[36065,46720],[-97,0],[0,-96]],[[35968,46624],[0,-96],[-97,0],[-97,0],[0,-97],[-96,0],[-97,0],[-97,0],[0,-96],[0,-96],[0,-96],[-96,0],[0,-96],[0,-96],[0,-96],[0,-97],[0,-96],[96,0],[0,-96],[0,-96]],[[35484,45470],[0,-96],[97,0]],[[35581,45374],[0,-96],[97,0]],[[35678,45278],[0,-96],[96,0]],[[35774,45182],[0,-96],[0,-97],[0,-96],[0,-96],[0,-96],[0,-96],[0,-96],[0,-96],[0,-96],[0,-97],[-96,0],[-97,0],[0,-96],[0,-96],[0,-96],[97,0],[0,-96],[-97,0],[-97,0],[-96,0]],[[35388,44413],[96,0],[0,96],[-96,0],[0,-96]],[[34518,44701],[96,0],[0,96],[-96,0],[0,-96]],[[33647,45374],[97,0],[0,96],[-97,0]],[[33647,45470],[0,96],[-96,0],[0,-96],[96,0]],[[33647,45470],[0,-96]],[[33647,45951],[97,0],[0,96],[97,0],[0,-96],[96,0],[97,0],[0,96],[0,96],[0,96],[-97,0],[-96,0],[0,96],[-97,0],[-97,0],[0,-96],[-96,0],[0,-96],[0,-96],[96,0],[0,-96]],[[40706,44317],[96,0]],[[25429,46624],[97,0],[96,0],[97,0],[97,0],[0,-96],[96,0],[0,-97],[97,0],[97,0],[96,0],[97,0],[97,0],[96,0],[0,-96],[97,0],[0,-96],[0,-96],[97,0],[0,-96],[96,0],[97,0],[0,-96],[97,0],[0,96],[97,0],[96,0],[0,96],[0,96],[97,0],[97,0],[0,96],[96,0],[97,0],[0,-96],[97,0],[0,96],[0,96],[96,0],[0,97],[0,96],[0,96],[97,0]],[[27846,46720],[0,-96],[97,0],[0,-96],[0,-97],[0,-96],[96,0],[0,-96],[97,0],[97,0],[96,0],[97,0],[97,0]],[[28523,46239],[0,-96],[0,-96],[-97,0],[-97,0],[0,-96],[0,-96],[0,-97],[0,-96],[97,0],[97,0],[0,-96],[0,-96],[97,0],[0,-96],[0,-96],[96,0],[0,-96],[97,0],[0,-96],[0,-97],[97,0],[0,-96],[96,0],[97,0],[0,-96],[97,0],[0,-96],[-97,0],[0,-96],[0,-96],[0,-96],[-97,0],[0,-96],[0,-97],[97,0]],[[29103,44124],[-97,0],[-96,0],[-97,0],[0,96],[-97,0],[0,-96],[-96,0],[-97,0],[0,96],[-97,0],[-97,0]],[[27653,44509],[96,0],[0,96],[97,0],[97,0],[96,0],[0,96],[0,96],[-96,0],[0,96],[-97,0],[0,-96],[-97,0],[0,-96],[-96,0],[0,-96],[0,-96]],[[26492,44989],[97,0],[0,97],[-97,0],[0,-97]],[[39449,44028],[0,96],[0,96],[96,0],[97,0]],[[39642,44220],[0,-96]],[[39642,44124],[-97,0],[0,-96],[0,-96]],[[38868,44413],[0,96],[0,96],[0,96],[-96,0],[0,96],[0,96],[96,0],[0,96]],[[38868,44989],[97,0],[97,0]],[[39062,44989],[0,-96],[97,0],[0,-96],[-97,0],[0,-96],[97,0],[96,0],[0,96],[97,0],[0,96]],[[39352,44893],[97,0],[0,-96],[96,0],[97,0]],[[39642,44797],[0,-96],[0,-96],[97,0],[0,-96],[-97,0],[0,-96],[0,-96]],[[39642,44317],[-97,0],[0,96],[-96,0],[0,96]],[[39449,44509],[96,0],[0,96],[-96,0]],[[39449,44605],[-97,0],[-97,0],[0,-96]],[[39255,44509],[-96,0]],[[39159,44509],[0,96],[-97,0],[0,-96]],[[39062,44509],[-97,0],[0,-96],[0,-96]],[[38965,44317],[-97,0]],[[29490,44124],[0,96],[-97,0]],[[29393,44220],[0,97],[0,96],[-97,0],[-96,0],[0,96],[0,96],[96,0],[97,0],[0,96],[97,0],[0,96],[96,0],[0,96],[0,96],[97,0],[0,97],[0,96],[0,96],[0,96],[-97,0],[0,96],[0,96],[97,0],[0,96],[0,96],[-97,0],[0,97],[0,96],[0,96],[0,96],[0,96],[-96,0],[-97,0],[0,96],[0,96]],[[29393,46431],[0,97],[0,96],[97,0],[0,96],[0,96],[0,96],[0,96],[-97,0],[0,96],[0,96],[0,97],[97,0],[0,96],[-97,0],[0,96]],[[29393,47489],[0,96],[97,0],[96,0],[0,96],[97,0],[0,96],[97,0],[0,96],[0,96],[96,0],[97,0],[97,0],[0,97],[97,0],[0,96],[96,0],[0,96],[97,0],[0,-96],[97,0],[0,-96],[96,0],[97,0],[0,-97],[97,0],[96,0],[0,-96],[0,-96],[97,0],[97,0],[0,-96],[0,-96],[0,-96],[0,-96],[96,0],[97,0],[97,0],[96,0],[0,96],[97,0],[0,96],[-97,0],[0,96],[97,0],[97,0],[97,0],[0,-96],[96,0]],[[32971,45086],[0,-97],[0,-96],[96,0]],[[33067,44893],[0,-96],[97,0]],[[33067,44605],[-96,0],[-97,0],[0,-96],[97,0],[0,-96],[-97,0],[-97,0]],[[32584,44509],[0,96],[-97,0]],[[32390,44605],[-96,0],[0,96],[0,96],[96,0],[97,0]],[[32487,44797],[0,-96],[97,0],[0,96],[-97,0]],[[32487,44797],[0,96],[0,96],[-97,0],[0,97],[0,96]],[[32390,45182],[97,0],[0,96],[-97,0],[0,-96]],[[32390,45182],[-96,0],[0,-96],[0,-97],[-97,0],[0,-96],[0,-96],[-97,0],[0,-96],[-96,0],[-97,0],[0,-96],[0,-96],[-97,0],[-96,0],[0,96],[-97,0],[0,-96]],[[31423,44509],[-96,0],[-97,0],[-97,0],[0,96],[0,96],[0,96],[97,0],[97,0],[0,96],[96,0],[97,0]],[[31520,44893],[0,-96],[97,0]],[[31617,44797],[0,-96],[97,0],[0,96],[-97,0]],[[31617,44797],[0,96],[-97,0]],[[31520,44893],[0,96],[0,97],[-97,0],[0,-97],[-96,0],[0,97],[-97,0],[0,-97],[-97,0],[0,97],[-96,0],[0,-97],[-97,0],[0,-96],[0,-96],[97,0],[0,-96],[-97,0],[0,-96],[-97,0],[-96,0],[0,-96],[-97,0],[0,-96],[-97,0],[0,-96],[-96,0],[-97,0],[-97,0],[0,-97],[-96,0],[0,-96]],[[29973,44220],[-97,0],[-96,0],[0,-96]],[[33067,44893],[0,96]],[[33164,44893],[-97,0]],[[30843,45182],[97,0],[97,0],[0,96],[96,0],[0,96],[0,96],[0,96]],[[31133,45566],[97,0],[0,96],[0,96],[-97,0],[0,97],[97,0],[0,96],[-97,0],[0,96],[-96,0],[-97,0]],[[30940,46047],[0,96]],[[30940,46143],[0,96]],[[30940,46239],[0,96],[-97,0],[-96,0],[0,-96]],[[30747,46239],[-97,0],[-97,0],[0,-96],[0,-96],[-96,0],[0,-96],[0,-96],[0,-97]],[[30457,45758],[-97,0],[0,-96]],[[30360,45662],[-97,0],[0,-96],[0,-96],[97,0],[97,0],[0,96]],[[30457,45566],[96,0],[0,96],[97,0],[0,-96],[97,0],[0,96],[96,0],[97,0]],[[30940,45662],[0,-96],[-97,0],[0,-96],[0,-96],[0,-96],[0,-96]],[[31037,45662],[96,0],[0,-96]],[[31133,45566],[-96,0],[0,96]],[[30650,45951],[0,96],[97,0]],[[30747,46047],[0,-96]],[[30747,45951],[-97,0]],[[36548,44124],[0,96],[-97,0],[0,97],[-96,0]],[[36355,44317],[0,96],[-97,0],[0,96],[97,0],[0,96],[-97,0],[0,96],[-97,0],[0,96],[0,96],[0,96]],[[36161,44989],[97,0],[0,97],[97,0],[0,96],[96,0],[0,96]],[[36451,45278],[97,0],[0,96],[0,96],[-97,0],[0,96],[-96,0],[0,96],[-97,0]],[[36258,45662],[0,96],[-97,0],[0,97],[0,96],[0,96],[0,96],[97,0],[97,0],[0,96],[96,0],[0,96]],[[36451,46335],[97,0],[97,0],[0,-96],[96,0],[97,0],[0,-96],[97,0],[0,-96],[96,0]],[[37031,46047],[97,0],[0,-96],[97,0]],[[37225,45951],[0,-96],[96,0]],[[37321,45855],[97,0],[97,0],[0,-97],[97,0],[96,0],[0,-96]],[[37708,45662],[0,-96],[97,0]],[[37805,45566],[0,-96],[0,-96],[0,-96],[0,-96],[97,0],[0,-96],[0,-97],[-97,0],[0,-96]],[[37708,44317],[-96,0],[0,96],[-97,0],[0,-96],[0,-97],[0,-96],[0,-96]],[[37515,44028],[-97,0],[-97,0]],[[37321,44028],[0,96],[-96,0],[-97,0]],[[37128,44124],[0,96],[0,97],[0,96],[-97,0]],[[37031,44413],[0,96],[-96,0],[0,96],[-97,0],[-97,0],[0,-96],[97,0],[0,-96],[97,0],[96,0]],[[37031,44413],[0,-96],[0,-97]],[[36258,44124],[-97,0],[0,96],[0,97],[97,0],[97,0]],[[36355,44317],[0,-97],[0,-96]],[[37225,44509],[96,0],[97,0],[97,0],[97,0],[0,96],[0,96],[-97,0],[0,96],[97,0],[0,96],[0,96],[-97,0],[-97,0],[0,-96],[0,-96],[-97,0],[0,-96],[0,-96],[-96,0],[0,-96]],[[36645,44701],[96,0],[0,96],[97,0],[97,0],[96,0],[0,96],[0,96],[-96,0],[0,97],[-97,0],[0,-97],[-97,0],[-96,0],[0,-96],[0,-96],[0,-96]],[[39159,44124],[96,0],[0,-96]],[[38965,44317],[0,-97]],[[39062,44509],[0,-96],[0,-96],[-97,0]],[[39159,44413],[0,96]],[[39255,44509],[0,-96],[-96,0]],[[39159,44509],[-97,0]],[[39449,44605],[0,-96]],[[39449,44509],[-97,0],[-97,0]],[[39062,44989],[97,0],[96,0],[0,-96],[97,0]],[[39642,44317],[0,-97]],[[39739,44124],[-97,0]],[[39642,44797],[0,96],[97,0],[96,0],[97,0],[0,-96],[97,0],[0,96],[0,96],[96,0],[97,0],[0,97],[97,0],[0,96],[96,0],[0,96],[97,0],[97,0],[0,96],[97,0],[96,0],[97,0],[0,96],[0,96],[97,0],[96,0],[0,96],[97,0]],[[41189,45662],[97,0],[96,0],[0,96],[97,0],[0,97],[0,96],[97,0],[96,0],[97,0],[97,0],[0,96],[96,0],[0,-96],[97,0],[97,0],[0,-96],[97,0],[0,96],[96,0],[97,0],[0,-96]],[[42446,45855],[0,-97],[-97,0],[0,-96],[97,0],[97,0]],[[42543,45662],[0,-96],[96,0],[0,-96],[97,0],[0,96],[97,0]],[[42833,45566],[96,0]],[[42929,45566],[97,0]],[[43026,45566],[97,0],[0,96],[96,0]],[[43219,45662],[97,0],[97,0],[0,-96],[0,-96],[-97,0],[-97,0],[-96,0],[0,-96],[-97,0],[-97,0],[-96,0],[-97,0],[0,-96],[-97,0],[0,-96],[-96,0],[0,-96],[-97,0],[0,-97],[-97,0],[0,-96],[-96,0],[0,-96],[0,-96],[96,0],[0,-96]],[[42349,44605],[-96,0],[0,-96],[-97,0],[0,-96],[0,-96],[0,-97],[-97,0],[-97,0],[0,-96]],[[41866,44124],[0,96],[-97,0],[0,97],[0,96],[-97,0],[0,96],[0,96],[-96,0],[0,96],[0,96],[0,96],[-97,0],[0,96]],[[41479,44989],[97,0],[96,0],[97,0],[0,97],[0,96]],[[41769,45182],[97,0],[0,96]],[[41866,45278],[96,0],[0,96],[-96,0],[0,-96]],[[41866,45278],[-97,0],[0,-96]],[[41769,45182],[-97,0],[-96,0],[0,-96],[-97,0],[0,-97]],[[41479,44989],[-97,0],[0,-96],[0,-96]],[[41382,44797],[-96,0],[0,-96]],[[41286,44701],[-97,0],[0,-96],[0,-96],[0,-96],[-97,0],[0,-96],[-96,0],[0,96],[-97,0],[-97,0],[-96,0]],[[40609,44413],[0,96],[97,0],[96,0],[97,0],[0,96],[-97,0],[0,96],[0,96],[-96,0],[0,96],[0,96],[-97,0],[0,97],[-97,0],[-97,0],[0,-97],[-96,0],[0,-96],[0,-96],[-97,0],[0,-96],[0,-96],[97,0]],[[40319,44605],[0,-96],[96,0],[97,0],[0,-96],[-97,0],[-96,0],[0,-96],[-97,0],[0,-97]],[[42349,44509],[0,96]],[[42349,44605],[97,0]],[[40319,44605],[0,96],[96,0],[0,-96],[-96,0]],[[41286,44701],[96,0],[0,96]],[[41382,44797],[97,0],[0,-96],[0,-96],[-97,0],[-96,0],[0,96]],[[42446,44605],[0,96],[97,0]],[[42639,44701],[0,96],[97,0],[97,0],[0,96],[-97,0],[0,96],[97,0],[96,0],[0,-96],[97,0],[97,0],[96,0],[97,0],[97,0]],[[43413,44893],[0,-96],[-97,0],[0,-96],[0,-96],[-97,0],[0,96],[-96,0],[0,-96],[-97,0],[-97,0]],[[43413,44893],[0,96],[96,0],[0,97],[-96,0],[-97,0],[0,96],[97,0],[0,96],[96,0],[97,0],[0,-96],[0,-96],[0,-97],[0,-96],[-97,0],[-96,0]],[[42543,45662],[0,96],[96,0],[97,0]],[[42736,45758],[0,-96],[-97,0],[-96,0]],[[42736,45758],[0,97],[97,0]],[[42833,45855],[0,-97]],[[42833,45758],[-97,0]],[[19531,45374],[0,96],[0,96],[-97,0],[0,96],[0,96],[0,97],[-96,0],[0,96],[0,96],[0,96],[0,96],[0,96],[0,96],[0,97],[0,96],[-97,0],[0,96],[0,96],[0,96],[0,96],[-97,0],[0,96],[0,96],[97,0],[0,97],[97,0],[0,96],[0,96],[0,96],[0,96],[0,96],[-97,0],[0,96],[0,96],[0,97],[0,96],[97,0],[0,96],[0,96],[0,96],[0,96],[0,96],[-97,0],[0,97],[97,0],[0,96],[-97,0],[0,96],[-97,0],[0,-96],[-97,0],[0,96],[-96,0],[0,96],[0,96],[0,96],[-97,0],[0,96],[97,0],[0,96],[96,0],[97,0],[97,0],[0,97],[97,0],[96,0],[0,96],[0,96],[0,96],[0,96],[0,96],[0,96]],[[19434,50084],[97,0],[97,0],[96,0],[97,0],[97,0],[0,-96],[96,0],[97,0],[97,0],[96,0],[97,0],[0,-96],[97,0],[96,0],[97,0],[97,0],[97,0],[0,-96],[96,0],[97,0]],[[21078,49796],[0,-96],[0,-96],[97,0],[0,-96],[0,-97],[0,-96],[0,-96],[0,-96],[0,-96],[96,0],[0,-96],[0,-96],[97,0],[0,-96],[0,-97],[97,0],[0,-96],[0,-96],[96,0],[0,-96],[97,0],[0,-96],[0,-96],[0,-96],[97,0],[0,-97],[0,-96],[0,-96],[0,-96],[96,0],[0,-96],[0,-96],[0,-96],[97,0]],[[20208,45662],[96,0],[0,96],[0,97],[-96,0],[0,-97],[0,-96]],[[20594,45951],[97,0],[97,0],[0,96],[-97,0],[-97,0],[0,-96]],[[19628,46624],[96,0],[0,96],[0,96],[-96,0],[0,-96],[0,-96]],[[20304,46720],[97,0],[0,96],[-97,0],[0,-96]],[[20014,47969],[97,0],[0,97],[-97,0],[0,-97]],[[28523,46239],[97,0],[96,0],[0,96],[97,0],[97,0],[0,-96],[96,0],[97,0],[97,0],[0,96],[96,0],[0,96],[97,0]],[[29393,44220],[-97,0],[0,-96],[-96,0]],[[29006,45566],[97,0],[0,96]],[[29103,45662],[97,0],[96,0],[0,96],[0,97],[0,96],[-96,0],[-97,0],[0,-96],[-97,0],[-96,0],[0,-97],[96,0],[97,0],[0,-96]],[[29103,45662],[-97,0],[0,-96]],[[11216,44989],[0,97],[0,96],[0,96],[0,96]],[[11989,46239],[97,0],[97,0],[96,0],[97,0],[97,0],[96,0],[97,0],[97,0],[96,0],[97,0],[0,96],[97,0],[97,0],[96,0],[97,0],[97,0]],[[13440,46335],[0,-96],[96,0],[0,-96],[97,0]],[[13633,46143],[0,-96],[0,-96],[0,-96]],[[13633,45855],[-97,0],[0,-97],[0,-96],[97,0],[0,-96],[0,-96],[97,0],[0,-96],[96,0],[0,-96],[0,-96],[0,-96],[0,-97],[0,-96],[0,-96],[-96,0],[0,-96],[-97,0],[0,-96],[0,-96]],[[13440,44509],[0,96],[-97,0],[0,96]],[[13343,44701],[97,0],[0,96],[-97,0],[0,-96]],[[13343,44701],[-97,0],[0,96],[-96,0],[-97,0],[0,-96],[0,-96],[0,-96]],[[13246,44989],[97,0],[0,97],[0,96],[0,96],[-97,0],[0,-96],[0,-96],[0,-97]],[[13246,45470],[97,0],[0,96],[-97,0],[0,-96]],[[13633,45855],[97,0],[0,96],[0,96],[0,96],[-97,0]],[[13440,46335],[96,0],[0,96],[0,97],[0,96],[97,0],[0,96],[0,96],[0,96],[0,96]],[[13633,47008],[0,96]],[[13633,47104],[0,96],[0,97],[0,96]],[[13633,47393],[97,0],[0,-96],[96,0],[0,-97],[97,0],[97,0],[0,97],[0,96],[96,0],[97,0],[97,0],[0,96],[96,0],[0,96],[97,0],[0,96],[97,0],[0,96],[97,0],[0,96],[96,0],[97,0],[97,0]],[[14987,47873],[0,-96],[0,-96],[0,-96],[96,0],[97,0],[0,-96],[97,0]],[[14020,44701],[96,0],[97,0],[0,96],[0,96],[0,96],[0,97],[-97,0],[-96,0],[0,-97],[0,-96],[-97,0],[0,-96],[97,0],[0,-96]],[[38578,44701],[97,0],[0,96],[0,96],[0,96],[0,97],[-97,0],[0,96],[-96,0],[-97,0],[0,96],[-97,0],[0,-96],[-96,0],[0,-96],[0,-97],[-97,0],[0,-96],[97,0],[96,0],[0,-96],[97,0]],[[37805,45566],[97,0],[96,0],[0,-96],[97,0],[0,-96],[97,0],[96,0],[0,96],[97,0],[97,0],[96,0],[97,0]],[[38675,45470],[0,-96],[0,-96],[97,0],[0,-96],[96,0],[0,-96],[0,-97]],[[38385,44797],[0,96],[97,0],[0,-96]],[[47087,44701],[0,96],[97,0],[0,-96],[-97,0]],[[42833,45566],[0,96],[96,0]],[[42929,45662],[0,-96]],[[43026,45566],[0,96],[-97,0]],[[42929,45662],[0,96],[-96,0]],[[42833,45855],[0,96],[96,0],[0,96],[97,0],[97,0],[0,96],[96,0],[0,96],[0,96],[97,0],[0,96],[97,0],[0,97],[96,0],[0,96]],[[43509,46624],[97,0],[0,96],[-97,0],[0,-96]],[[43509,46624],[-96,0],[-97,0],[-97,0]],[[43219,46624],[0,96],[97,0],[0,96],[-97,0],[0,96],[-96,0],[0,-96],[-97,0]],[[43026,46816],[0,96],[-97,0],[0,-96]],[[42929,46816],[-96,0],[0,-96],[0,-96],[96,0],[97,0]],[[43026,46624],[0,-96]],[[43026,46528],[-97,0],[0,-97],[0,-96],[97,0],[0,-96],[-97,0],[-96,0],[-97,0],[0,-96],[0,-96],[-97,0],[0,-96],[-96,0],[0,-96],[-97,0]],[[41189,45662],[0,96],[0,97],[0,96],[-97,0],[0,96],[-96,0],[-97,0],[0,96],[0,96],[0,96],[-97,0],[0,96],[97,0],[0,97],[0,96],[-97,0],[-96,0],[0,96],[-97,0],[0,96],[-97,0],[0,96],[-97,0],[0,-96],[-96,0],[0,96],[-97,0],[0,-96],[-97,0],[0,-96],[-96,0],[-97,0],[-97,0],[-96,0],[-97,0],[0,96],[-97,0]],[[39545,46816],[0,96],[-96,0],[0,96],[0,96],[0,96],[0,97],[-97,0],[-97,0],[0,96],[-96,0],[0,96]],[[39159,47489],[96,0],[0,96],[0,96],[0,96],[97,0],[0,96],[0,96],[0,97],[0,96],[0,96]],[[39352,48258],[97,0],[0,96],[96,0],[97,0],[0,96],[97,0],[96,0],[97,0],[97,0],[0,96],[96,0],[0,96],[97,0],[0,97],[97,0],[96,0],[0,96],[97,0],[97,0],[0,96],[97,0],[0,96],[96,0],[0,96],[0,96],[0,96],[0,96],[-96,0],[0,97],[0,96],[0,96],[0,96],[96,0],[0,96],[97,0],[0,96],[0,96],[0,97],[97,0],[0,96],[96,0],[97,0],[0,96],[-97,0],[0,96],[-96,0],[0,96],[-97,0],[-97,0],[0,96],[-96,0],[0,96]],[[40706,50757],[96,0],[0,96],[97,0],[0,97],[97,0],[0,96],[0,96],[96,0],[0,96],[0,96],[97,0],[0,96],[0,96],[0,96],[0,97],[0,96],[97,0],[0,96],[0,96],[0,96]],[[41286,52103],[96,0],[0,-96],[97,0],[0,-96],[97,0],[96,0],[97,0],[97,0],[0,96],[96,0],[97,0],[0,-96],[97,0],[97,0],[0,-96],[96,0],[97,0],[97,0],[0,96],[0,96],[-97,0],[-97,0],[0,96],[0,96],[-96,0],[0,96],[0,97],[96,0],[0,96],[-96,0],[0,96],[0,96],[0,96],[96,0],[0,96],[97,0],[0,-96],[97,0],[0,-96],[96,0],[0,-96],[97,0],[0,-96],[97,0],[0,-96],[0,-97],[96,0],[0,-96],[0,-96],[-96,0],[0,-96],[0,-96],[0,-96],[96,0],[0,-96],[97,0],[0,-97],[97,0],[0,-96],[-97,0],[0,-96],[97,0],[0,-96],[0,-96],[0,-96],[0,-96],[0,-96],[96,0],[0,-97],[0,-96],[0,-96],[97,0],[0,-96],[97,0],[0,-96],[0,-96],[0,-96],[96,0],[0,-96],[0,-97],[97,0],[0,-96],[0,-96],[97,0],[0,-96],[97,0],[0,-96],[0,-96],[96,0],[97,0],[0,-96],[97,0],[96,0],[97,0],[97,0],[0,-97],[0,-96],[96,0],[97,0],[0,-96],[0,-96],[0,-96],[0,-96],[97,0],[0,96],[0,96],[96,0],[97,0],[0,-96],[0,-96],[0,-96],[-97,0],[0,-96],[97,0],[0,-97],[-97,0],[-96,0],[-97,0],[0,-96],[0,-96],[-97,0],[-96,0],[0,96],[-97,0],[0,96],[-97,0],[0,-96],[0,-96],[0,-96],[0,-96],[97,0],[0,-96],[-97,0],[0,-96],[97,0],[97,0],[0,96],[0,96],[96,0],[97,0],[97,0],[96,0],[0,-96],[0,-96]],[[44766,48066],[-96,0],[0,-97],[96,0],[0,97]],[[44766,48066],[97,0],[97,0],[0,96],[0,96],[96,0],[0,96],[97,0],[97,0],[0,-96],[0,-96],[0,-96],[0,-97],[-97,0],[-97,0],[-96,0],[0,-96],[96,0],[97,0],[0,-96],[0,-96],[-97,0],[-96,0],[-97,0],[-97,0],[0,96],[-96,0],[0,-96],[0,-96],[0,-96],[-97,0],[0,-96],[-97,0],[0,-96]],[[44476,47297],[-96,0],[-97,0],[-97,0],[-96,0],[-97,0],[-97,0],[-96,0],[-97,0],[0,-97],[-97,0],[-97,0],[0,-96]],[[43509,47104],[-96,0],[-97,0],[0,-96],[97,0],[96,0],[0,96]],[[43509,47104],[97,0],[97,0],[0,-96],[0,-96],[97,0],[96,0],[97,0],[0,-96],[97,0],[0,-96],[0,-96],[96,0],[0,-96],[0,-97],[0,-96],[-96,0],[-97,0],[-97,0],[-96,0],[0,-96],[96,0],[0,-96],[-96,0],[0,-96],[0,-96],[0,-96],[-97,0],[-97,0],[-97,0],[-96,0],[0,96],[-97,0],[-97,0],[0,-96],[-96,0],[0,-97],[96,0],[0,-96]],[[44380,45855],[-97,0],[0,96],[0,96],[97,0],[96,0],[97,0],[97,0],[96,0],[0,-96],[0,-96],[-96,0],[-97,0],[-97,0],[-96,0]],[[45153,46143],[-97,0],[0,96],[97,0],[97,0],[0,-96],[-97,0]],[[43026,46528],[97,0]],[[43123,46528],[0,-97],[-97,0],[0,97]],[[44380,46431],[-97,0],[0,97],[0,96],[0,96],[97,0],[0,96],[96,0],[0,-96],[97,0],[0,-96],[-97,0],[-96,0],[0,-96],[96,0],[0,-97],[-96,0]],[[43123,46528],[0,96]],[[43123,46624],[96,0]],[[43219,46624],[0,-96],[-96,0]],[[43026,46624],[0,96]],[[43026,46720],[97,0],[0,-96]],[[43123,46624],[-97,0]],[[42929,46816],[97,0]],[[43026,46816],[0,-96]],[[43026,46720],[-97,0],[0,96]],[[44380,47104],[0,-96],[-97,0],[0,96],[0,96],[97,0],[96,0]],[[44476,47200],[0,-96],[-96,0]],[[44960,47104],[0,96],[96,0],[0,-96],[-96,0]],[[44476,47200],[0,97]],[[44476,47297],[97,0],[0,-97],[-97,0]],[[42639,47393],[97,0],[0,96],[-97,0],[0,-96]],[[40512,47489],[97,0],[97,0],[96,0],[0,96],[0,96],[-96,0],[-97,0],[0,-96],[-97,0],[0,-96]],[[42446,47585],[97,0],[96,0],[0,96],[0,96],[0,96],[97,0],[0,96],[97,0],[0,97],[-97,0],[-97,0],[-96,0],[-97,0],[0,-97],[0,-96],[-97,0],[0,-96],[0,-96],[97,0],[0,-96]],[[40222,47777],[97,0],[0,96],[-97,0],[0,-96]],[[44670,48450],[0,96],[96,0],[0,-96],[-96,0]],[[41576,48642],[96,0],[97,0],[97,0],[96,0],[97,0],[0,97],[-97,0],[-96,0],[-97,0],[-97,0],[-96,0],[0,-97]],[[43800,49027],[96,0],[0,96],[-96,0],[0,-96]],[[42639,51622],[97,0],[0,97],[-97,0],[0,-97]],[[39352,44893],[0,96],[0,97],[0,96],[0,96],[97,0],[0,96],[-97,0],[0,96],[-97,0],[-96,0],[-97,0],[0,-96],[0,-96],[97,0],[0,-96],[0,-96],[-97,0],[0,-97]],[[38675,45470],[0,96],[97,0],[96,0],[0,96],[0,96],[0,97],[0,96],[0,96],[0,96],[0,96],[0,96],[97,0],[97,0],[97,0],[96,0],[0,96],[0,97],[0,96],[97,0],[97,0],[0,96],[0,96],[96,0]],[[35968,44893],[-97,0],[0,96],[0,97],[0,96],[-97,0]],[[35774,45182],[0,96],[-96,0]],[[35678,45278],[0,96],[-97,0]],[[35581,45374],[0,96],[-97,0]],[[35968,46624],[97,0],[0,96]],[[36258,47200],[0,97],[97,0],[96,0]],[[36451,47297],[97,0],[97,0],[96,0]],[[36741,47297],[0,-97],[97,0],[0,-96],[0,-96],[-97,0],[0,-96],[0,-96]],[[36741,46816],[0,-96],[0,-96]],[[36741,46624],[-96,0],[0,-96]],[[36645,46528],[-97,0],[-97,0],[0,-97],[0,-96]],[[36258,45662],[-97,0],[-96,0],[0,-96],[-97,0],[-97,0],[0,-96],[97,0],[0,-96],[0,-96],[97,0],[96,0]],[[36161,45278],[0,-96]],[[36161,45182],[-96,0],[0,-96],[96,0],[0,96]],[[36161,45182],[97,0],[0,96]],[[36258,45278],[97,0],[96,0]],[[36161,44989],[-96,0],[0,-96],[-97,0]],[[36161,45278],[0,96],[97,0],[0,-96]],[[36258,45278],[-97,0]],[[36451,45278],[0,96],[-96,0],[0,96],[-97,0],[0,96],[0,96]],[[15857,47489],[96,0],[97,0],[0,96],[97,0],[97,0],[96,0],[0,96],[97,0],[97,0],[0,96],[-97,0],[0,96],[-97,0],[-96,0],[0,96],[0,97],[0,96],[0,96],[0,96],[0,96],[96,0],[97,0],[0,96],[97,0],[0,96],[0,97],[0,96],[0,96],[0,96],[0,96],[0,96],[96,0],[97,0],[0,96],[97,0],[96,0],[0,96],[97,0],[0,97],[0,96],[0,96],[0,96],[0,96],[0,96],[0,96],[97,0],[0,97],[0,96],[0,96],[0,96],[0,96],[0,96],[0,96],[0,96],[0,97],[0,96],[0,96],[0,96],[0,96],[0,96],[-97,0],[0,96],[0,96],[-97,0],[0,97]],[[16920,51719],[0,96],[97,0],[0,96],[97,0],[0,96],[0,96],[-97,0],[0,96],[0,96],[-97,0],[0,97],[0,96],[-96,0],[0,96]],[[16824,52584],[96,0],[97,0],[0,-96],[97,0],[96,0],[0,-96],[0,-97],[97,0],[97,0],[96,0],[97,0],[97,0],[97,0],[96,0]],[[17887,52295],[0,-96],[0,-96],[97,0],[0,-96],[0,-96],[97,0],[0,-96],[0,-96],[0,-97],[0,-96],[0,-96],[96,0],[0,-96],[0,-96],[0,-96],[0,-96],[0,-96],[0,-97],[97,0],[0,-96],[97,0],[96,0],[0,-96],[97,0],[0,-96],[97,0],[96,0],[0,-96],[97,0],[97,0],[0,-96],[96,0],[0,-96],[97,0],[97,0],[0,-96],[97,0],[96,0],[0,-97]],[[18564,45566],[0,96],[0,96],[-97,0],[0,-96],[0,-96]],[[17791,46624],[96,0],[97,0],[0,96],[0,96],[0,96],[-97,0],[-96,0],[0,-96],[0,-96],[0,-96]],[[18661,46816],[96,0],[0,96],[0,96],[0,96],[0,96],[-96,0]],[[18661,47200],[0,97],[-97,0],[0,-97],[97,0]],[[18661,47200],[0,-96],[0,-96],[-97,0],[0,-96],[97,0],[0,-96]],[[37805,45566],[0,96],[-97,0]],[[37321,45855],[0,96]],[[37321,45951],[97,0],[0,96],[97,0],[0,96],[-97,0],[-97,0],[0,96],[-96,0],[-97,0],[0,-96],[-97,0],[0,-96]],[[36645,46528],[96,0],[97,0],[0,96],[-97,0]],[[36741,46816],[97,0],[97,0],[96,0],[97,0],[0,-96],[97,0],[0,-96],[96,0],[0,-96],[97,0],[0,96],[97,0],[0,96],[0,96],[97,0],[96,0],[0,-96],[97,0],[0,96],[97,0],[0,96],[96,0],[0,96],[97,0],[97,0],[0,96],[96,0],[97,0],[97,0],[0,96],[96,0],[0,97],[97,0],[97,0],[0,96],[0,96],[96,0],[0,-96],[97,0],[0,96],[97,0],[97,0]],[[37612,45951],[96,0],[97,0],[97,0],[96,0],[0,96],[97,0],[0,96],[0,96],[0,96],[-97,0],[-96,0],[0,-96],[-97,0],[0,-96],[-97,0],[-96,0],[0,-96],[0,-96]],[[30360,45662],[0,-96],[97,0]],[[30457,45758],[0,-96],[-97,0]],[[30747,46239],[0,-96],[0,-96]],[[30650,45951],[-97,0],[0,-96],[0,-97],[-96,0]],[[30650,45855],[0,96]],[[30747,45951],[0,-96],[-97,0]],[[30747,46047],[96,0]],[[30843,46047],[0,-96],[-96,0]],[[30843,46047],[0,96],[97,0]],[[30940,46047],[-97,0]],[[30940,46239],[-97,0],[-96,0]],[[5705,47297],[0,96],[0,96],[0,96],[0,96],[0,96],[0,96],[0,96],[-97,0],[0,97],[0,96],[-97,0],[0,96],[0,96],[-96,0],[-97,0],[0,96],[-97,0],[0,96],[97,0],[0,96],[97,0],[0,97],[96,0],[0,96],[0,96],[97,0],[97,0],[0,96],[96,0],[0,96],[97,0],[97,0],[0,96],[96,0],[97,0],[0,-96],[97,0],[96,0],[0,-96],[97,0],[97,0],[96,0],[97,0],[0,96],[97,0],[97,0],[0,-96],[96,0],[97,0],[0,96],[97,0],[0,96],[0,96],[96,0],[0,96],[97,0],[0,97],[97,0],[96,0],[0,96],[97,0],[97,0],[0,96],[96,0],[0,96],[97,0],[0,96],[97,0],[0,96],[96,0],[0,96],[0,97],[97,0],[0,96],[97,0],[0,96],[97,0],[0,96],[96,0],[0,96],[97,0]],[[7928,47104],[0,-96]],[[7638,47489],[97,0],[0,96],[-97,0],[0,-96]],[[7542,47969],[96,0],[0,97],[-96,0],[0,-97]],[[31037,45662],[-97,0]],[[24752,48258],[0,96],[0,96],[97,0],[0,96],[0,96],[96,0],[0,97],[97,0],[0,96],[0,96],[0,96],[97,0],[0,96],[0,96],[96,0],[0,96],[0,96],[97,0],[0,-96],[97,0],[97,0],[96,0],[97,0],[0,-96],[97,0],[0,-96],[96,0],[0,96],[97,0],[97,0]],[[26106,49219],[0,-96],[96,0],[0,-96],[0,-96],[97,0],[0,-96],[97,0],[0,96],[96,0],[0,-96],[97,0],[0,-96],[0,-97],[97,0],[96,0],[0,97],[97,0],[97,0],[97,0],[96,0],[0,-97],[97,0],[0,-96],[0,-96],[97,0],[0,-96],[96,0],[0,-96],[97,0]],[[27556,48258],[0,-96],[0,-96],[97,0],[0,-97],[0,-96],[96,0],[0,-96],[0,-96],[0,-96],[0,-96],[97,0],[0,-96],[0,-96],[0,-97],[0,-96],[0,-96],[0,-96],[0,-96],[0,-96]],[[37321,45951],[-96,0]],[[9282,46335],[-97,0]],[[10249,49700],[97,0],[96,0],[97,0],[0,96],[-97,0],[-96,0],[-97,0]],[[10249,49796],[0,96],[-97,0]],[[9475,50950],[97,0],[97,0],[0,96],[96,0],[97,0],[97,0],[97,0],[96,0],[0,96],[97,0],[97,0],[0,-96],[96,0],[0,96],[97,0],[97,0],[96,0],[0,-96],[97,0],[0,-96],[97,0],[0,-97],[0,-96],[96,0],[0,-96],[0,-96],[97,0],[0,-96],[97,0],[96,0],[97,0],[97,0],[0,96],[97,0],[96,0],[0,96],[97,0],[0,96],[97,0],[0,96]],[[11893,50853],[96,0]],[[11989,50853],[0,-96],[0,-96],[97,0],[0,-96],[97,0],[0,96],[96,0],[97,0],[0,96],[0,96],[97,0],[0,97],[96,0],[0,96],[97,0],[0,96],[97,0],[96,0],[0,96],[97,0],[97,0]],[[13053,51238],[0,-96],[97,0],[0,-96],[0,-96],[0,-97],[96,0],[0,-96],[0,-96],[0,-96],[0,-96],[0,-96],[0,-96],[97,0],[0,-96],[0,-97],[0,-96],[0,-96],[97,0],[0,-96],[0,-96],[0,-96],[0,-96],[0,-97],[0,-96],[96,0],[0,-96],[97,0],[0,-96],[97,0],[0,-96],[0,-96],[0,-96],[0,-96],[0,-97],[0,-96]],[[13730,48546],[-97,0],[0,-96],[-97,0],[0,-96]],[[13536,48354],[0,-96]],[[13536,48258],[0,-96],[0,-96],[0,-97],[97,0],[0,-96],[0,-96],[0,-96],[0,-96],[0,-96],[0,-96]],[[13633,47104],[-97,0],[0,-96],[97,0]],[[12763,46528],[96,0],[0,96],[-96,0]],[[12763,46624],[0,96],[-97,0],[0,-96],[97,0]],[[12763,46624],[0,-96]],[[12569,46816],[97,0],[0,96],[0,96],[-97,0],[0,96],[-96,0],[0,-96],[0,-96],[96,0],[0,-96]],[[12376,47200],[97,0],[0,97],[0,96],[-97,0]],[[12376,47393],[0,96],[0,96],[-97,0],[0,-96],[0,-96],[97,0]],[[12376,47393],[0,-96],[0,-97]],[[12376,48835],[97,0],[0,96],[0,96],[0,96],[-97,0],[0,-96],[0,-96],[0,-96]],[[11119,49123],[97,0],[0,96],[-97,0],[0,-96]],[[12279,49411],[97,0],[0,97],[0,96],[0,96],[-97,0],[0,-96],[0,-96],[0,-97]],[[12279,49892],[97,0],[0,96],[0,96],[-97,0],[0,-96],[0,-96]],[[27556,48258],[97,0],[0,96],[96,0],[0,96],[97,0],[97,0],[0,96],[96,0],[0,96],[0,97],[97,0],[0,96],[97,0],[96,0],[0,96],[97,0]],[[28426,48931],[0,-96],[0,-96],[97,0],[0,-97],[0,-96],[97,0],[96,0],[0,-96],[97,0],[0,-96],[97,0],[96,0],[0,-96],[0,-96],[0,-96],[0,-97],[0,-96],[97,0],[0,-96],[97,0],[0,-96],[96,0],[0,-96],[0,-96],[97,0]],[[29103,46528],[97,0],[0,96],[0,96],[0,96],[0,96],[-97,0],[-97,0],[0,-96],[0,-96],[97,0],[0,-96],[0,-96]],[[36741,47297],[0,96],[0,96],[-96,0],[0,96]],[[36645,47585],[0,96]],[[36645,47681],[96,0],[0,96]],[[36741,47777],[97,0],[0,96]],[[36838,47873],[97,0]],[[36935,47873],[0,-96],[0,-96],[96,0],[97,0],[97,0],[96,0],[0,96],[97,0],[0,96],[0,96],[97,0],[0,97],[0,96],[97,0],[0,96],[96,0],[97,0],[97,0],[96,0],[0,-96],[97,0],[0,96],[97,0],[96,0],[0,-96],[97,0],[97,0],[96,0],[97,0],[97,0],[0,96],[0,96],[96,0],[97,0],[0,-96],[0,-96],[97,0],[97,0],[96,0],[0,96],[97,0]],[[37418,47104],[97,0],[0,96],[97,0],[0,-96],[96,0],[0,96],[0,97],[0,96],[-96,0],[0,96],[0,96],[-97,0],[0,96],[-97,0],[0,-96],[0,-96],[97,0],[0,-96],[0,-96],[-97,0],[0,-97],[0,-96]],[[13536,48258],[97,0],[0,96],[-97,0]],[[13730,48546],[96,0],[97,0],[97,0],[96,0],[0,96],[97,0],[97,0],[96,0],[0,-96],[97,0],[97,0],[0,-96],[0,-96],[97,0],[96,0],[97,0],[0,96],[97,0]],[[14987,48450],[0,-96],[0,-96],[0,-96],[0,-96],[0,-97],[0,-96]],[[14987,48450],[0,96],[96,0],[0,-96],[-96,0]],[[33937,48739],[0,96],[0,96],[0,96],[0,96],[0,96],[0,96],[0,96],[0,97],[0,96],[0,96],[-96,0],[-97,0],[-97,0],[0,96],[0,96],[97,0],[0,96],[97,0],[96,0],[0,96],[97,0],[0,97],[97,0],[0,96],[96,0],[0,96],[0,96],[97,0],[97,0],[97,0],[96,0],[97,0],[0,96],[0,96],[97,0],[0,96],[0,96],[0,97],[0,96],[0,96],[0,96],[96,0],[0,96],[0,96],[0,96]],[[34904,51526],[97,0],[0,96]],[[35001,51622],[97,0],[96,0],[97,0],[97,0],[0,97],[96,0],[0,96],[97,0],[0,96],[0,96],[97,0],[0,96],[96,0],[0,-96],[0,-96],[97,0],[0,-96],[0,-96],[0,-97],[0,-96],[97,0],[0,-96],[97,0],[0,-96],[96,0],[0,-96],[0,-96],[97,0],[0,-96],[97,0],[0,96],[96,0],[97,0],[0,96],[0,96],[0,96],[97,0],[96,0],[0,96],[97,0],[97,0],[96,0],[0,96]],[[37031,51622],[97,0],[0,-96],[97,0],[96,0],[0,96],[97,0],[0,97],[97,0],[97,0],[0,-97],[96,0],[0,-96],[0,-96],[0,-96],[0,-96],[97,0],[97,0],[0,96],[96,0],[0,-96],[0,-96],[0,-96],[0,-96],[0,-97],[97,0],[97,0],[96,0],[97,0],[97,0],[0,-96],[96,0],[0,-96],[0,-96],[97,0],[0,-96],[97,0],[0,96],[96,0],[0,96],[97,0],[0,96],[97,0],[0,-96],[97,0],[96,0],[97,0],[0,-96],[97,0],[96,0],[97,0],[97,0],[96,0],[97,0],[0,96],[97,0],[96,0],[97,0],[97,0],[96,0],[0,96],[-96,0],[0,96],[0,97],[96,0],[97,0],[97,0],[97,0],[0,-97],[0,-96]],[[36935,47873],[0,96],[96,0],[97,0],[0,97],[97,0],[0,96],[0,96],[-97,0],[-97,0],[-96,0],[-97,0]],[[36838,48258],[0,96],[-97,0]],[[36741,48354],[0,96],[97,0],[0,96],[0,96],[97,0],[96,0],[97,0],[0,97],[-97,0],[0,96],[-96,0],[-97,0],[0,96],[0,96],[-97,0],[0,-96],[-96,0],[0,-96],[-97,0],[0,-96],[-97,0],[0,-97],[97,0],[0,-96],[-97,0],[-96,0],[0,96],[-97,0],[0,-96],[0,-96],[97,0],[96,0],[0,-96],[97,0],[0,-96],[0,-96],[0,-96]],[[36548,48066],[0,-97],[0,-96],[97,0],[96,0]],[[36741,47873],[0,-96]],[[36741,47777],[-96,0],[0,-96]],[[36645,47585],[-97,0],[0,-96],[0,-96],[-97,0],[0,-96]],[[36838,48066],[0,96]],[[36838,48162],[97,0],[0,-96],[-97,0]],[[36741,48162],[0,96]],[[36741,48258],[97,0]],[[36838,48258],[0,-96]],[[36838,48162],[-97,0]],[[36838,49411],[97,0],[0,97]],[[36935,49508],[96,0],[0,96],[97,0],[0,96],[0,96],[-97,0],[-96,0],[0,-96],[0,-96],[0,-96]],[[36935,49508],[-97,0],[0,-97]],[[13053,51238],[0,96],[-97,0],[0,96],[-97,0],[0,96],[0,96],[-96,0],[0,97],[-97,0],[0,96],[0,96],[0,96],[0,96],[-97,0],[0,96],[0,96],[0,97],[0,96],[97,0],[0,96],[97,0],[96,0],[0,-96],[97,0],[0,-96],[97,0],[0,-97],[0,-96],[97,0],[0,96],[0,97],[96,0],[97,0],[0,96],[97,0],[0,96],[96,0],[97,0],[97,0],[0,96],[96,0],[0,96],[0,96],[97,0],[0,96],[97,0],[0,96],[0,97],[96,0],[0,96],[97,0],[0,96],[97,0],[0,96],[0,96],[96,0],[0,96],[0,96],[97,0],[0,97],[0,96],[97,0],[0,96],[97,0],[0,96],[96,0],[0,96],[97,0],[97,0],[0,96]],[[14987,54314],[96,0],[97,0],[97,0],[0,-96],[96,0],[0,-96],[97,0],[0,-96],[0,-96],[97,0],[0,-96],[0,-97],[96,0],[0,-96],[0,-96],[97,0],[0,-96],[0,-96],[97,0],[0,-96],[0,-96],[96,0],[0,-97],[0,-96],[0,-96],[97,0],[0,-96],[97,0],[0,-96],[0,-96]],[[16147,52584],[0,-96],[0,-96],[97,0],[0,96]],[[16244,52488],[96,0],[0,-96],[97,0],[0,-97],[0,-96],[97,0],[0,-96],[96,0],[0,-96],[97,0],[0,-96],[97,0],[0,-96],[0,-96],[96,0]],[[14020,49700],[96,0],[97,0],[0,96],[-97,0],[0,96],[-96,0],[0,-96],[0,-96]],[[14213,50853],[97,0],[0,97],[0,96],[-97,0],[0,-96],[0,-97]],[[21078,49796],[0,96],[0,96],[0,96],[0,97],[0,96],[0,96],[0,96],[0,96],[0,96],[0,96],[97,0],[0,96],[96,0],[0,97],[97,0],[0,96],[97,0],[0,-96],[96,0],[0,-97],[0,-96],[97,0],[0,-96],[97,0],[0,-96],[96,0],[0,-96],[0,-96],[97,0]],[[21948,50373],[97,0]],[[22045,50373],[96,0],[97,0],[97,0],[97,0],[0,96],[96,0],[0,-96],[97,0],[0,-96],[97,0],[96,0],[97,0],[0,-96],[0,-97],[97,0],[0,-96],[96,0]],[[23108,49988],[0,-96],[97,0],[97,0],[96,0],[97,0],[97,0],[0,-96],[0,-96],[0,-96],[96,0],[0,-96]],[[28426,48931],[0,96],[0,96],[-97,0],[0,96]],[[28329,49219],[97,0],[97,0],[0,96],[97,0],[0,96],[96,0],[0,97],[-96,0],[0,96],[0,96],[0,96],[96,0],[97,0],[97,0],[0,96],[-97,0],[0,96],[0,96],[0,97],[97,0],[0,96],[0,96],[-97,0],[0,96],[0,96],[0,96]],[[28813,50661],[97,0],[96,0],[0,96],[97,0],[97,0],[0,-96],[96,0],[97,0],[97,0],[0,96],[96,0],[97,0],[97,0],[96,0],[0,96],[97,0],[0,97],[0,96],[97,0],[0,96],[0,96],[97,0],[96,0],[0,96],[97,0],[97,0],[0,96],[96,0],[97,0],[0,96],[0,96],[0,97]],[[30650,51719],[0,96]],[[30650,51815],[97,0],[96,0],[97,0],[0,96],[97,0],[96,0],[97,0],[97,0],[0,96],[96,0],[97,0]],[[31520,52007],[97,0]],[[31617,52007],[0,-96],[97,0],[0,-96],[0,-96],[0,-97],[96,0],[0,-96],[0,-96],[0,-96],[-96,0],[0,-96],[0,-96],[-97,0],[0,-96],[0,-96],[0,-97],[-97,0],[0,-96],[97,0],[0,-96],[0,-96],[97,0],[0,-96],[0,-96],[0,-96],[0,-96],[0,-97],[0,-96],[96,0],[0,-96],[0,-96],[0,-96],[97,0],[97,0],[0,-96],[0,-96]],[[32004,49508],[-97,0],[0,-97],[97,0],[0,97]],[[32004,49508],[96,0],[0,-97],[0,-96],[0,-96],[97,0],[0,-96],[0,-96],[-97,0],[0,-96],[-96,0],[0,-96],[96,0],[0,-96],[97,0],[0,-97]],[[30940,48931],[97,0],[96,0],[97,0],[0,96],[0,96],[-97,0],[0,96],[-96,0],[-97,0],[-97,0],[0,-96],[97,0],[0,-96],[0,-96]],[[36741,47873],[97,0]],[[36548,48066],[97,0],[0,-97],[96,0],[0,-96]],[[36838,47873],[0,96],[0,97]],[[36741,48258],[0,96]],[[31617,52007],[97,0],[96,0],[97,0],[97,0]],[[32004,52007],[0,-96],[96,0],[0,96],[97,0],[0,96],[-97,0],[0,96]],[[32100,52199],[0,96],[97,0]],[[32197,52295],[97,0],[0,97]],[[32294,52392],[96,0],[97,0],[0,96],[97,0],[0,96],[-97,0],[0,96],[97,0],[0,96],[0,96],[96,0],[0,96]],[[32680,52968],[0,96],[97,0],[97,0],[0,97],[97,0]],[[32971,53161],[0,-97],[96,0],[0,-96],[97,0]],[[33164,52968],[97,0],[96,0],[97,0],[0,-96],[97,0],[0,-96],[96,0],[0,96],[97,0],[0,96],[-97,0],[0,96],[97,0],[97,0],[0,97],[96,0],[97,0],[0,96],[97,0]],[[34131,53257],[96,0],[97,0],[0,-96],[97,0],[0,-97],[97,0],[0,-96],[96,0],[0,-96],[0,-96],[97,0],[97,0],[96,0],[0,-96],[97,0],[0,-96],[97,0],[0,-96],[0,-96],[0,-97],[0,-96],[0,-96],[0,-96]],[[35098,52007],[-97,0],[0,-96],[-97,0],[-96,0],[-97,0],[0,-96],[0,-96],[-97,0],[0,-97],[0,-96],[97,0],[0,96],[97,0],[96,0],[0,-96]],[[23108,49988],[0,96],[0,97],[97,0],[0,96],[0,96],[0,96],[97,0],[0,96],[96,0],[0,96],[0,96],[97,0],[0,96],[97,0],[0,97],[0,96],[0,96]],[[23592,51142],[96,0],[0,96],[0,96],[0,96]],[[23688,51430],[0,96]],[[23688,51526],[0,96],[0,97],[0,96],[97,0],[0,96],[-97,0],[0,96],[0,96],[0,96],[0,96],[0,97],[0,96],[0,96],[0,96],[0,96],[0,96]],[[23688,52872],[97,0],[97,0],[97,0],[0,-96],[96,0],[97,0],[97,0],[96,0],[97,0]],[[24462,52776],[97,0],[96,0],[0,-96],[97,0]],[[24752,52680],[97,0],[96,0],[0,96],[97,0],[0,-96],[0,-96],[97,0],[0,-96],[96,0],[97,0],[97,0],[0,-96],[97,0],[96,0],[0,-97],[97,0],[97,0],[0,-96],[96,0],[97,0]],[[26009,52199],[0,-96],[97,0],[96,0],[0,-96],[97,0],[97,0],[0,-96],[96,0],[97,0],[0,-96],[97,0]],[[26686,51815],[0,-96],[0,-97],[0,-96],[-97,0],[0,-96],[-97,0],[-96,0],[-97,0],[0,-96],[0,-96],[97,0],[96,0],[0,-96],[0,-96],[0,-96],[-96,0],[0,-97],[-97,0],[0,-96],[0,-96],[0,-96],[0,-96],[-97,0],[0,-96],[-96,0],[0,-96],[96,0],[0,-96],[97,0],[97,0],[0,-97]],[[26396,50084],[-97,0],[0,-96],[-97,0],[0,-96],[97,0],[0,-96],[0,-96],[0,-96],[0,-96],[-97,0],[0,-97],[0,-96],[-96,0],[0,-96]],[[25139,51046],[96,0],[0,96],[-96,0]],[[25139,51142],[0,96],[-97,0],[0,-96],[97,0]],[[25139,51142],[0,-96]],[[26396,50084],[96,0],[0,97],[0,96],[97,0],[0,96],[97,0],[0,-96],[96,0],[0,-96],[97,0],[0,96],[97,0],[0,96],[97,0],[0,-96],[96,0],[0,-96],[0,-97],[0,-96],[97,0],[97,0],[0,-96],[96,0],[97,0],[97,0],[0,-96],[96,0],[0,-96],[97,0],[97,0],[0,96],[96,0],[97,0],[0,-96],[0,-96],[97,0],[0,-96],[0,-97],[0,-96],[96,0],[0,-96]],[[27556,49123],[97,0],[0,96]],[[27653,49219],[96,0],[0,96],[97,0],[0,96],[-97,0],[-96,0],[0,-96],[0,-96]],[[27653,49219],[-97,0],[0,-96]],[[26782,49700],[97,0],[97,0],[0,96],[0,96],[0,96],[-97,0],[-97,0],[0,96],[-96,0],[0,-96],[-97,0],[0,-96],[97,0],[0,-96],[96,0],[0,-96]],[[26686,51815],[96,0],[0,-96],[97,0],[97,0],[97,0],[0,-97],[96,0],[97,0],[0,97],[97,0],[96,0],[0,96],[97,0],[97,0],[96,0],[97,0],[97,0]],[[27943,51815],[0,-96],[0,-97],[96,0],[0,-96],[0,-96],[97,0],[97,0],[96,0],[97,0],[0,-96],[97,0]],[[28523,51334],[97,0]],[[28620,51334],[0,-96],[96,0],[0,-96],[-96,0],[0,-96],[0,-96],[0,-97],[96,0],[97,0],[0,-96],[0,-96]],[[17887,52295],[0,97],[0,96],[97,0],[97,0],[96,0],[97,0],[97,0],[96,0],[97,0],[97,0],[0,96],[96,0],[97,0],[97,0],[96,0],[97,0],[0,-96],[97,0],[97,0],[96,0],[0,-96],[97,0],[97,0],[96,0],[97,0],[97,0],[96,0],[0,96],[97,0],[97,0],[0,96],[96,0],[0,96],[97,0],[0,96],[97,0]],[[20498,52776],[96,0],[0,96],[97,0],[97,0],[0,96],[97,0],[0,96],[96,0],[0,97],[97,0],[0,-97],[97,0],[96,0],[0,97],[97,0],[0,96],[-97,0],[0,96],[-96,0],[0,96],[96,0],[0,96],[0,96],[97,0],[0,96],[0,97],[97,0],[96,0],[97,0],[97,0],[96,0],[97,0],[97,0],[96,0],[97,0],[0,-97],[97,0],[97,0],[96,0],[0,97],[97,0],[0,96],[97,0],[0,96],[96,0],[0,96],[0,96],[97,0],[0,96]],[[22915,54314],[97,0],[0,-96],[0,-96],[0,-96],[0,-96],[96,0],[0,-96],[0,-97],[0,-96],[97,0],[0,-96],[0,-96],[0,-96],[97,0],[96,0],[0,96],[97,0],[0,-96],[0,-96],[0,-96],[0,-97],[97,0]],[[23592,53064],[0,-96],[96,0],[0,-96]],[[23688,51526],[-96,0]],[[23592,51526],[-97,0],[0,96],[-97,0],[0,-96],[0,-96],[0,-96],[-96,0],[0,-96],[0,-96],[0,-96],[96,0],[97,0],[0,96],[97,0]],[[22045,50373],[0,96],[-97,0],[0,-96]],[[18467,51046],[97,0],[0,96],[97,0],[0,96],[-97,0],[-97,0],[0,-96],[0,-96]],[[23592,51142],[0,96],[0,96],[0,96]],[[23592,51430],[96,0]],[[23108,51430],[97,0],[97,0],[0,96],[-97,0],[0,96],[-97,0],[-96,0],[0,-96],[96,0],[0,-96]],[[22432,51815],[96,0],[97,0],[97,0],[96,0],[0,96],[-96,0],[0,96],[-97,0],[0,96],[0,96],[-97,0],[0,-96],[0,-96],[-96,0],[0,-96],[0,-96]],[[8992,51430],[0,96],[97,0],[0,96],[0,97],[0,96],[0,96],[96,0],[0,96],[0,96],[0,96],[0,96],[0,97],[-96,0],[0,96],[0,96],[0,96],[0,96],[0,96],[0,96],[0,96],[-97,0],[0,97],[0,96],[0,96],[0,96],[0,96],[0,96],[97,0],[0,96],[96,0],[0,97],[97,0],[0,96],[97,0],[0,96],[0,96],[96,0],[0,96],[97,0],[0,96],[0,96],[97,0],[0,96],[0,97],[0,96],[0,96],[0,96],[0,96],[0,96],[0,96],[0,96],[0,97],[0,96],[0,96],[0,96],[0,96],[-97,0],[0,96],[0,96],[-97,0],[0,97],[0,96],[-96,0],[0,96],[0,96],[-97,0],[0,96],[-97,0],[0,96],[0,96],[0,96],[0,97],[0,96],[0,96],[0,96],[-96,0],[0,96],[0,96],[-97,0],[0,96],[-97,0],[0,96],[0,97],[-96,0],[0,96],[0,96],[-97,0],[0,96],[-97,0],[0,96],[0,96],[0,96],[0,97],[0,96],[-96,0],[0,96],[0,96],[0,96],[0,96],[-97,0],[0,96],[0,96],[0,97],[0,96],[0,96],[0,96],[0,96],[0,96],[0,96],[0,97],[-97,0],[0,96],[0,96],[-97,0],[0,96],[0,96],[0,96],[-96,0],[0,96],[0,96],[-97,0],[0,97],[0,96],[0,96],[-97,0],[0,96],[0,96],[0,96],[-96,0],[0,96],[96,0],[0,96],[97,0],[97,0],[96,0],[97,0],[0,97],[97,0],[97,0],[96,0],[97,0],[0,96],[97,0],[96,0],[97,0],[0,96],[97,0],[96,0],[97,0],[97,0],[96,0],[0,-96],[97,0],[97,0],[96,0],[97,0],[97,0],[97,0],[96,0],[0,96],[97,0]],[[10249,61428],[0,-96],[0,-96],[97,0],[0,-97],[0,-96],[0,-96],[0,-96],[0,-96],[96,0],[0,-96],[97,0],[0,-96],[97,0],[0,-96],[0,-97],[96,0],[0,-96],[97,0],[0,-96],[97,0],[0,-96],[96,0],[0,-96],[97,0],[0,-96],[97,0],[0,-96],[96,0],[0,-96],[0,-97],[97,0],[0,-96],[97,0],[0,-96],[97,0],[0,-96],[96,0],[0,-96],[97,0],[0,-96],[97,0],[0,-96],[96,0],[0,-97],[97,0],[0,-96],[97,0],[0,-96],[96,0],[0,-96],[97,0],[0,-96],[0,-96],[97,0],[0,-96],[96,0],[0,-96],[97,0],[0,-97],[0,-96],[97,0],[0,-96],[0,-96],[0,-96],[96,0],[0,-96],[0,-96],[0,-97],[97,0],[0,-96],[0,-96],[97,0],[97,0],[96,0],[0,-96],[0,-96],[0,-96],[0,-96],[97,0],[0,-96],[0,-97],[97,0],[0,-96],[0,-96],[96,0],[0,-96],[97,0],[0,-96],[0,-96],[97,0],[0,-96],[0,-96],[96,0],[0,-97],[0,-96],[97,0],[0,-96],[0,-96],[97,0],[0,-96],[0,-96],[96,0],[0,-96],[0,-97],[0,-96],[97,0],[0,-96],[0,-96],[0,-96],[97,0],[0,-96],[96,0],[0,-96],[97,0],[0,-96],[97,0],[0,-97],[97,0],[0,-96],[96,0],[97,0],[97,0],[0,-96]],[[11989,50853],[0,97],[-96,0],[0,-97]],[[10056,57679],[96,0],[97,0],[0,96],[-97,0],[-96,0],[0,-96]],[[37031,51622],[-96,0],[0,97],[0,96],[0,96],[96,0],[0,96],[97,0],[0,96],[0,96],[0,96],[97,0],[0,97],[0,96],[96,0],[0,96],[0,96],[97,0],[0,96],[0,96],[0,96],[97,0],[0,96],[0,97],[0,96],[97,0],[96,0],[0,96],[0,96],[97,0],[97,0],[96,0],[0,96],[97,0],[0,96],[0,96],[97,0],[96,0],[0,97],[0,96],[0,96],[0,96],[0,96],[0,96],[0,96],[0,96],[97,0],[97,0],[96,0],[97,0],[0,97],[97,0],[0,96],[96,0],[0,96],[97,0],[0,96],[97,0]],[[39062,54891],[97,0],[96,0],[97,0],[0,96],[97,0],[96,0],[0,-96],[0,-96],[0,-96],[0,-96],[97,0],[0,-97],[0,-96],[97,0],[96,0],[97,0],[0,-96],[97,0],[96,0],[0,-96],[97,0],[0,-96],[97,0],[96,0],[0,-96],[97,0],[0,-96],[97,0],[97,0],[0,96],[0,96],[-97,0],[-97,0],[0,96],[0,96],[0,96],[0,96],[0,97],[-97,0],[0,96],[0,96],[0,96],[0,96],[-96,0],[0,96],[96,0],[0,96],[0,96],[0,97],[-96,0],[0,96],[-97,0],[0,96],[0,96],[97,0],[0,96],[-97,0],[0,96],[0,96],[97,0],[0,97],[96,0],[97,0],[97,0],[0,-97],[0,-96],[0,-96],[97,0],[0,-96],[96,0],[0,-96],[0,-96],[0,-96],[0,-97],[0,-96],[97,0],[0,-96],[97,0]],[[40996,55083],[0,-96],[0,-96],[0,-96],[0,-96],[0,-96],[0,-97],[96,0],[0,-96],[97,0],[0,-96],[97,0],[96,0],[97,0],[0,-96],[0,-96],[97,0],[0,-96],[0,-96],[0,-96],[0,-97],[96,0],[97,0],[0,-96],[0,-96]],[[41769,53545],[-97,0],[-96,0],[-97,0],[-97,0],[-96,0],[0,96],[-97,0],[0,-96],[0,-96],[0,-96],[97,0],[96,0],[0,-96],[97,0],[97,0],[0,-96],[96,0],[0,96],[0,96],[0,96],[97,0],[0,96]],[[41769,53545],[97,0],[0,-96],[96,0],[97,0],[97,0],[0,-96],[0,-96],[0,-96]],[[42156,53161],[-97,0],[0,-97],[-97,0]],[[41962,53064],[0,97],[-96,0],[-97,0],[0,-97],[0,-96],[97,0]],[[41866,52968],[0,-96],[0,-96]],[[41866,52776],[-97,0],[0,-96],[97,0]],[[41866,52680],[0,-96],[96,0]],[[41962,52584],[0,-96],[-96,0],[0,-96],[-97,0],[0,-97],[-97,0],[0,97],[-96,0],[0,-97],[-97,0],[0,-96],[-97,0],[-96,0],[0,-96]],[[40996,52199],[96,0],[0,96],[0,97],[-96,0],[0,-97],[0,-96]],[[41962,52584],[0,96],[-96,0]],[[41866,52680],[0,96]],[[41866,52776],[96,0],[97,0],[0,-96],[0,-96],[-97,0]],[[41866,52968],[0,96],[96,0]],[[41962,53064],[0,-96],[-96,0]],[[42156,53161],[97,0],[0,-97],[-97,0],[0,97]],[[40996,53641],[96,0],[0,96],[0,97],[-96,0],[0,-97],[0,-96]],[[39255,54699],[97,0],[0,96],[-97,0],[0,-96]],[[40996,55083],[0,96],[96,0],[0,-96],[-96,0]],[[28620,51334],[96,0],[97,0],[0,96],[0,96],[97,0],[0,96],[-97,0],[0,97],[-97,0],[-96,0],[0,-97],[0,-96],[-97,0],[0,-96],[0,-96]],[[27943,51815],[0,96],[96,0],[97,0],[0,96],[0,96],[0,96],[97,0],[0,96],[0,97],[0,96],[96,0],[0,96],[97,0],[0,-96],[97,0],[97,0],[0,-96],[96,0],[97,0],[0,-97],[97,0],[0,97],[0,96],[96,0],[0,96],[0,96],[97,0],[97,0],[0,96],[96,0],[0,96],[97,0],[97,0],[96,0],[0,96],[-96,0],[0,96],[0,97],[-97,0],[0,96],[0,96],[0,96],[97,0],[0,96],[0,96],[96,0],[0,96],[97,0],[0,97],[97,0],[0,96],[96,0]],[[29876,53930],[97,0],[97,0],[97,0],[0,-96],[96,0],[97,0],[97,0],[0,-97],[96,0]],[[30553,53737],[0,-96],[97,0],[0,-96],[97,0],[0,-96],[0,-96],[0,-96],[96,0],[0,-96],[0,-97],[97,0],[0,-96],[97,0],[0,-96],[0,-96],[96,0],[0,-96],[0,-96],[0,-96],[97,0],[0,-96],[97,0],[0,-97],[96,0],[97,0],[0,-96],[0,-96],[0,-96]],[[30650,51815],[-97,0],[0,-96],[97,0]],[[29586,51430],[97,0],[0,96],[97,0],[0,96],[-97,0],[-97,0],[0,-96],[0,-96]],[[23592,51526],[0,-96]],[[35001,51622],[0,97],[97,0],[0,96],[96,0],[97,0],[0,96],[-97,0],[0,96],[-96,0]],[[34131,53257],[0,96],[0,96],[0,96],[0,96],[0,96]],[[34131,53737],[0,97]],[[34131,53834],[96,0],[0,96],[-96,0]],[[34131,53930],[0,96],[0,96]],[[34131,54122],[0,96]],[[34131,54218],[0,96],[0,96],[0,96],[96,0],[0,97],[0,96],[97,0],[97,0],[0,-96],[97,0],[0,96],[0,96],[96,0]],[[34614,54795],[97,0],[0,96],[97,0],[0,96],[0,96],[96,0],[97,0],[97,0],[96,0],[0,-96],[97,0],[0,96],[97,0],[96,0],[0,96],[0,96],[97,0],[0,97],[0,96],[0,96],[0,96],[0,96],[0,96],[0,96],[97,0],[0,97],[96,0],[0,96],[97,0],[97,0],[0,96],[97,0],[0,96],[96,0],[97,0]],[[36258,56333],[0,-96],[97,0],[0,-96],[96,0],[0,-96],[0,-97],[97,0],[97,0],[0,97],[96,0],[97,0],[0,96],[97,0],[96,0],[0,96],[97,0],[0,96],[97,0],[96,0],[0,96],[97,0],[0,96],[97,0],[97,0],[96,0],[0,96],[97,0],[97,0],[0,96],[96,0],[97,0],[97,0],[96,0],[0,-96],[97,0],[0,-96],[0,-96],[0,-96],[97,0],[0,-96],[0,-96],[0,-96],[0,-97],[0,-96],[0,-96],[0,-96],[96,0],[0,-96],[97,0],[0,96],[97,0],[96,0],[0,-96],[-96,0],[0,-96],[0,-96],[96,0],[0,-97],[0,-96],[97,0],[0,-96],[97,0],[0,-96],[0,-96]],[[35774,53641],[97,0],[0,96],[97,0],[0,97],[0,96],[-97,0],[-97,0],[0,-96],[0,-97],[0,-96]],[[34518,54314],[96,0],[0,96],[-96,0],[0,-96]],[[36838,55564],[97,0],[0,96],[-97,0],[0,-96]],[[26009,52199],[0,96],[97,0],[0,97],[96,0],[97,0],[97,0],[0,96],[0,96],[96,0],[0,96],[0,96],[97,0],[0,96],[0,96],[0,96],[97,0],[0,97],[0,96],[96,0],[97,0],[0,96],[0,96],[0,96],[0,96],[97,0],[97,0],[0,96],[96,0],[97,0],[0,97],[97,0],[0,96],[96,0],[0,96],[0,96],[0,96],[0,96],[-96,0],[0,96],[0,96],[0,97],[0,96],[0,96],[96,0],[0,96],[0,96],[0,96],[97,0],[0,96],[0,96],[97,0],[0,97],[96,0],[0,96],[0,96],[97,0],[0,96],[97,0],[0,96],[96,0],[0,96],[0,96],[97,0],[0,97],[97,0],[0,96],[0,96],[96,0],[0,96]],[[28329,56333],[97,0]],[[28426,56333],[97,0],[0,-96],[0,-96],[97,0],[0,-96],[0,-97],[0,-96],[96,0],[0,-96],[0,-96],[97,0],[0,-96],[0,-96],[97,0],[0,-96],[96,0],[0,-97],[97,0],[0,-96],[0,-96],[97,0],[0,-96],[96,0],[0,-96],[0,-96],[97,0],[0,-96],[0,-96],[97,0],[0,-97],[0,-96],[96,0],[0,-96],[97,0],[0,-96],[0,-96],[97,0],[0,-96],[96,0],[0,-96]],[[27556,52680],[97,0],[0,96],[96,0],[0,96],[0,96],[0,96],[-96,0],[-97,0],[0,-96],[0,-96],[0,-96],[0,-96]],[[28910,54699],[96,0],[0,96],[-96,0],[0,-96]],[[28523,55275],[97,0],[0,97],[-97,0],[0,-97]],[[16244,52488],[0,96],[-97,0]],[[10249,61428],[0,96],[97,0],[0,96],[0,96],[0,96],[0,97],[0,96],[96,0],[0,96],[0,96],[0,96],[0,96],[97,0],[0,96],[97,0],[0,96],[96,0],[0,97],[0,96],[97,0],[0,96],[97,0],[0,96],[0,96],[96,0],[0,96],[0,96],[0,96],[97,0],[0,97],[0,96],[0,96],[97,0],[0,96],[0,96],[0,96],[0,96],[96,0],[0,97],[0,96],[0,96],[0,96],[0,96]],[[11312,64504],[97,0],[0,96],[97,0],[0,96],[97,0],[0,96],[0,97],[96,0],[0,96],[97,0],[0,96],[0,96],[97,0],[0,96],[96,0],[0,96],[97,0],[0,96],[0,97],[97,0],[0,96],[96,0],[0,96],[0,96],[97,0],[0,96],[97,0],[0,96],[96,0],[0,96],[0,96],[97,0],[0,-96]],[[12666,66138],[0,-96],[97,0]],[[12763,66042],[0,-96],[0,-96],[96,0],[0,-96],[0,-96],[97,0],[0,-96],[0,-97],[97,0],[0,-96],[0,-96],[0,-96],[97,0],[0,-96],[96,0],[0,-96],[0,-96],[97,0],[0,-97],[0,-96],[0,-96],[97,0],[0,-96],[0,-96],[96,0],[0,-96],[0,-96],[97,0],[0,-96],[97,0],[0,-97],[0,-96],[96,0],[0,-96],[0,-96],[97,0],[0,-96],[0,-96],[0,-96],[97,0],[0,-97],[0,-96],[0,-96],[0,-96],[0,-96],[96,0],[0,-96],[0,-96],[0,-96],[97,0],[0,-97],[0,-96],[0,-96],[97,0],[0,-96],[0,-96],[0,-96],[96,0],[0,-96],[97,0],[0,-96],[0,-97],[97,0],[0,-96],[97,0],[0,-96],[0,-96],[0,-96],[0,-96],[96,0],[0,-96],[0,-97],[0,-96],[0,-96]],[[14793,60947],[0,-96],[97,0],[0,-96],[0,-96],[0,-96],[0,-96],[97,0],[0,-97],[0,-96],[0,-96],[0,-96],[96,0],[0,-96],[0,-96],[0,-96],[0,-96],[97,0],[0,-97],[0,-96],[0,-96],[0,-96],[0,-96],[-97,0],[0,-96],[97,0],[97,0],[96,0],[97,0],[97,0],[96,0],[97,0],[97,0],[96,0],[97,0],[97,0],[97,0],[96,0],[97,0],[97,0],[96,0],[0,96],[97,0],[0,-96],[97,0],[0,-96],[96,0],[0,-97],[97,0],[97,0],[0,-96],[0,-96],[0,-96],[96,0],[0,-96],[0,-96],[0,-96],[0,-96],[-96,0],[0,-97],[0,-96],[-97,0],[0,-96],[0,-96],[-97,0],[0,-96],[-96,0],[0,-96],[96,0],[0,-96],[0,-97],[97,0],[0,-96],[97,0],[0,-96],[96,0],[0,-96],[0,-96],[0,-96]],[[17210,57006],[0,-96],[0,-96],[0,-97],[0,-96],[0,-96],[0,-96],[0,-96],[-96,0],[0,-96],[0,-96],[-97,0],[-97,0],[-96,0],[0,-96],[-97,0],[0,-97],[-97,0],[0,-96],[0,-96],[0,-96],[0,-96],[0,-96],[0,-96],[0,-97],[0,-96],[0,-96],[0,-96],[0,-96],[0,-96],[0,-96],[0,-96],[0,-97],[0,-96],[97,0],[0,-96],[0,-96],[0,-96],[0,-96],[0,-96],[0,-96],[97,0],[0,-97],[0,-96],[0,-96],[0,-96],[0,-96],[0,-96],[0,-96],[0,-97],[0,-96],[0,-96],[0,-96],[-97,0],[0,-96],[97,0],[0,-96]],[[11893,59601],[96,0],[97,0],[0,97],[-97,0],[0,96],[-96,0],[0,96],[-97,0],[-97,0],[0,-96],[97,0],[0,-96],[97,0],[0,-97]],[[11603,59986],[96,0],[0,96],[-96,0],[0,-96]],[[30553,53737],[0,97],[0,96],[97,0],[97,0],[96,0],[0,96],[97,0],[0,96],[97,0],[0,96],[0,96],[96,0],[97,0],[0,96],[-97,0],[0,96],[97,0],[0,97],[97,0],[0,96],[0,96],[0,96],[-97,0],[0,96],[-97,0],[0,96]],[[31133,55083],[97,0],[0,96],[-97,0]],[[31133,55179],[0,96],[-96,0],[-97,0]],[[30940,55275],[0,97],[-97,0]],[[30843,55372],[0,96],[-96,0],[0,96],[0,96],[-97,0],[0,96],[-97,0],[0,96],[-96,0],[-97,0],[0,96],[-97,0],[-96,0],[0,97],[-97,0],[0,96],[-97,0],[-97,0],[0,96],[-96,0],[-97,0],[0,96],[-97,0],[-96,0],[-97,0],[0,96],[-97,0],[-96,0],[-97,0],[-97,0],[-96,0],[-97,0]],[[28813,56429],[0,96],[97,0],[96,0],[0,96],[0,96],[97,0],[0,97],[0,96],[97,0],[0,96],[96,0],[0,96],[0,96],[97,0],[0,96],[0,96],[0,96],[0,97],[0,96],[97,0],[96,0],[0,96],[0,96],[97,0],[0,96],[0,96],[0,96],[0,97],[0,96]],[[29683,58352],[97,0],[96,0],[97,0],[97,0],[97,0],[96,0],[97,0],[97,0],[96,0],[97,0],[97,0],[96,0],[97,0],[97,0],[96,0],[0,-96],[97,0],[97,0],[0,-97],[96,0],[97,0],[0,-96],[97,0],[97,0],[0,96],[96,0],[97,0],[97,0],[0,97],[96,0],[97,0]],[[32197,58256],[0,-97],[0,-96],[0,-96]],[[32197,57967],[0,-96],[0,-96]],[[32197,57775],[-97,0],[0,-96],[97,0]],[[32197,57679],[0,-96],[0,-97],[0,-96],[0,-96],[97,0],[0,-96],[0,-96],[96,0],[0,-96],[0,-96],[0,-96],[-96,0],[0,-97],[96,0],[0,-96],[-96,0],[0,-96]],[[32294,56525],[-97,0],[0,-96],[-97,0],[-96,0],[0,-96],[96,0],[0,-96],[0,-96],[0,-96],[97,0],[97,0]],[[32294,56045],[96,0],[0,-97],[97,0],[0,-96],[97,0],[0,-96],[96,0],[0,-96],[0,-96],[0,-96],[0,-96],[0,-97],[-96,0],[0,-96],[0,-96],[-97,0],[0,-96],[0,-96],[0,-96],[0,-96],[0,-96],[-97,0],[0,96],[-96,0],[-97,0],[-97,0],[0,-96],[-96,0],[0,-97],[-97,0],[0,-96],[0,-96],[0,-96],[0,-96],[0,-96],[97,0],[96,0],[0,-96],[97,0],[97,0],[0,-96],[96,0],[0,-97],[97,0],[97,0],[0,-96],[0,-96],[0,-96],[0,-96],[0,-96],[0,-96],[0,-97],[0,-96],[96,0]],[[32294,52392],[-97,0],[0,-97]],[[32100,52199],[-96,0]],[[32004,52199],[0,96],[-97,0],[0,-96],[97,0]],[[32004,52199],[0,-96],[0,-96]],[[31810,52392],[97,0],[0,96],[-97,0],[0,-96]],[[32100,52872],[97,0],[0,96],[-97,0],[0,-96]],[[31037,55083],[0,96]],[[31037,55179],[96,0]],[[31133,55179],[0,-96]],[[31133,55083],[-96,0]],[[31520,55564],[97,0],[0,96],[0,96],[0,96],[0,96],[0,97],[0,96],[97,0],[0,96]],[[31714,56237],[0,96],[96,0],[97,0],[0,96],[0,96],[0,96],[0,96],[97,0],[0,97],[0,96],[-97,0],[0,-96],[-97,0],[0,-97],[-96,0],[-97,0],[0,-96],[-97,0],[0,-96],[97,0],[0,-96],[-97,0],[0,-96],[97,0],[0,-96]],[[31617,56237],[-97,0],[0,-96],[-97,0],[0,96],[-96,0],[0,-96],[0,-96],[0,-97],[0,-96],[96,0],[0,-96],[0,-96],[97,0],[0,-96]],[[24752,52680],[0,96],[0,96],[0,96],[-97,0],[-96,0],[0,-96],[-97,0],[0,-96]],[[23592,53064],[96,0],[97,0],[97,0],[97,0],[96,0],[97,0],[0,97],[97,0],[0,96],[0,96],[0,96],[96,0],[97,0],[0,96],[97,0],[96,0],[0,96],[97,0],[0,96],[97,0],[96,0],[97,0],[0,97],[97,0],[0,96],[96,0],[97,0],[97,0],[0,96],[0,96],[0,96],[0,96],[0,96],[0,96],[97,0],[0,97],[96,0],[0,96],[97,0],[0,-96],[97,0],[96,0],[97,0],[0,96],[97,0]],[[26106,54699],[96,0],[97,0],[97,0],[96,0],[0,96],[97,0],[0,96],[97,0],[96,0],[0,96],[97,0],[0,96],[97,0],[0,96],[97,0],[0,96],[0,97],[96,0],[0,96],[97,0],[0,96],[97,0],[0,96],[0,96],[96,0],[0,96],[0,96],[97,0],[0,97],[0,96],[97,0],[96,0],[0,96],[97,0],[97,0],[96,0],[0,96],[97,0],[97,0],[96,0]],[[28329,56333],[0,96],[97,0]],[[28426,56429],[0,-96]],[[17210,57006],[97,0],[97,0],[96,0],[0,96],[97,0],[97,0],[97,0],[96,0],[97,0],[97,0],[0,96],[96,0],[97,0],[97,0],[96,0],[97,0],[97,0],[96,0],[97,0],[0,96],[97,0],[96,0]],[[19047,57294],[0,-96],[97,0],[0,-96],[0,-96],[0,-96],[0,-96],[97,0],[0,-97],[97,0],[0,-96],[96,0],[0,-96],[97,0],[0,-96],[97,0],[0,-96],[96,0],[0,-96],[0,-96],[97,0],[0,-96],[97,0],[0,-97],[96,0]],[[20014,55948],[0,-96],[0,-96],[97,0],[0,-96],[0,-96],[0,-96],[97,0],[0,-96],[0,-97],[0,-96],[96,0],[0,-96],[0,-96],[0,-96],[97,0],[0,-96],[0,-96],[0,-96],[0,-97],[0,-96],[0,-96],[0,-96],[0,-96],[97,0],[0,-96],[0,-96],[0,-96],[0,-97],[-97,0],[0,-96],[0,-96],[0,-96],[0,-96],[-97,0],[0,-96],[97,0],[0,-96],[0,-97],[97,0],[0,-96],[0,-96],[0,-96]],[[19821,53930],[97,0],[0,96],[-97,0],[0,-96]],[[22915,54314],[0,96],[0,96],[97,0],[0,97],[0,96],[96,0],[0,96],[97,0],[0,96],[97,0],[0,96],[96,0],[0,96],[97,0],[0,96],[0,96],[97,0],[0,97],[96,0],[0,96],[97,0],[0,96],[0,96],[0,96],[-97,0],[0,96],[0,96],[97,0],[0,97],[0,96],[0,96],[97,0],[0,96],[0,96],[97,0],[0,96]],[[23979,56525],[96,0],[0,96],[97,0]],[[24172,56621],[97,0],[0,-96],[0,-96],[96,0],[0,-96],[97,0],[0,-96],[0,-96],[-97,0],[0,96],[-96,0],[0,-96],[0,-96],[96,0],[0,-97],[97,0],[0,-96],[97,0],[0,-96],[96,0],[97,0],[97,0],[0,-96],[96,0],[0,-96],[97,0],[97,0],[0,-96],[96,0],[97,0],[0,96],[0,96],[97,0],[97,0],[0,-96],[96,0],[0,-96],[97,0]],[[25719,55468],[0,-96],[0,-97],[0,-96],[0,-96],[97,0],[0,-96],[96,0]],[[25912,54987],[97,0],[0,-96],[97,0],[0,-96],[0,-96]],[[24945,54506],[97,0],[97,0],[0,97],[-97,0],[0,96],[-97,0]],[[24945,54699],[0,96],[97,0],[0,96],[-97,0],[0,96],[-96,0],[0,96],[0,96],[96,0],[0,96],[-96,0],[-97,0],[0,97]],[[24752,55372],[97,0],[0,96],[-97,0],[0,-96]],[[24752,55372],[-97,0],[0,96],[-96,0],[-97,0],[0,-96],[0,-97],[0,-96],[0,-96],[0,-96],[-97,0],[0,-96],[-96,0],[0,-96],[96,0],[97,0],[97,0],[0,96],[96,0],[97,0],[0,-96],[0,-96],[97,0],[96,0]],[[24945,54699],[0,-96],[0,-97]],[[25429,55083],[97,0],[0,96],[-97,0],[0,-96]],[[25912,55275],[0,-96]],[[25912,55179],[-96,0],[0,96],[0,97],[0,96],[96,0]],[[25912,55468],[0,-96],[0,-97]],[[20014,55948],[97,0],[97,0],[0,-96],[96,0],[97,0],[97,0],[96,0],[97,0],[97,0],[97,0],[96,0],[97,0],[97,0],[0,-96],[96,0],[97,0],[97,0],[96,0],[97,0],[0,-96],[97,0],[96,0],[97,0],[0,96],[97,0],[0,96],[96,0],[0,96],[97,0],[97,0],[0,97],[97,0],[0,96],[0,96],[96,0],[0,96],[97,0],[0,96],[0,96],[97,0],[96,0],[0,96],[97,0],[97,0],[96,0],[97,0],[0,-96],[97,0],[96,0],[97,0],[97,0],[96,0],[97,0],[97,0],[97,0]],[[33164,52968],[0,96],[0,97],[97,0],[0,96],[-97,0],[0,96],[0,96],[0,96],[-97,0],[0,-96],[-96,0],[0,-96],[0,-96],[0,-96]],[[32294,56045],[0,96],[0,96],[0,96],[96,0],[0,96],[0,96],[-96,0]],[[32197,57679],[97,0],[0,96],[0,96],[96,0],[0,96],[-96,0],[-97,0]],[[32197,58256],[97,0],[0,96],[96,0],[97,0],[97,0],[0,96],[96,0],[0,96],[0,96],[0,96],[0,96],[0,96],[0,97],[-96,0],[0,96],[0,96],[-97,0],[0,96],[-97,0],[0,96],[0,96],[0,96],[-96,0],[0,97],[0,96],[0,96],[0,96],[0,96],[0,96],[0,96],[96,0],[0,96],[-96,0],[0,97],[0,96],[-97,0],[0,96],[97,0],[0,96],[0,96],[0,96],[0,96],[0,96]],[[32294,61139],[96,0],[97,0],[97,0],[96,0],[97,0],[0,97],[97,0],[97,0],[96,0],[97,0],[97,0],[96,0],[97,0],[0,96],[97,0],[96,0],[97,0]],[[33744,61332],[0,-96],[97,0],[0,-97],[0,-96],[96,0],[0,96],[0,97],[0,96],[97,0],[97,0],[0,-96],[96,0],[0,-97],[0,-96],[0,-96],[0,-96],[0,-96],[0,-96],[-96,0],[-97,0],[0,-96],[-97,0],[-96,0],[0,-96],[0,-97],[-97,0],[0,-96]],[[33744,60274],[-97,0],[0,-96],[97,0],[0,96]],[[33744,60274],[97,0],[0,-96],[96,0],[0,-96],[0,-96],[97,0],[0,-96],[0,-96],[97,0],[0,-96],[96,0],[0,-97],[97,0],[0,-96],[97,0],[97,0],[0,96],[96,0],[97,0],[0,-96],[0,-96],[0,-96],[-97,0],[-96,0],[-97,0],[0,-96],[97,0],[0,-96],[0,-96],[0,-97],[-97,0],[0,-96],[-97,0],[0,-96],[97,0],[97,0],[96,0],[97,0],[0,-96],[97,0],[0,-96],[0,-96],[-97,0],[-97,0],[-96,0],[0,-96],[96,0],[97,0],[0,-96],[97,0],[96,0],[0,-97],[0,-96],[-96,0],[0,-96],[-97,0],[0,-96],[0,-96],[0,-96],[-97,0],[-96,0],[0,96],[-97,0],[0,-96],[0,-96],[-97,0],[0,-97],[97,0],[97,0],[96,0],[0,-96],[0,-96],[0,-96],[97,0],[0,-96],[97,0],[96,0],[97,0]],[[35001,57102],[0,-96],[0,-96],[0,-96],[-97,0],[0,-97],[0,-96],[0,-96],[0,-96],[0,-96],[0,-96],[-96,0],[0,-96],[0,-96],[0,-97],[0,-96],[-97,0],[0,-96],[0,-96],[0,-96],[-97,0],[0,-96],[0,-96],[0,-97],[0,-96],[0,-96],[0,-96],[0,-96],[0,-96]],[[34131,54218],[-97,0],[0,96],[-97,0],[0,-96],[0,-96]],[[33937,54122],[-96,0],[-97,0],[-97,0],[0,-96],[-96,0],[0,-96],[0,-96],[96,0],[97,0],[0,96],[97,0],[96,0],[0,96],[0,96]],[[33937,54122],[97,0],[97,0]],[[34131,53930],[0,-96]],[[34131,53834],[-97,0],[-97,0],[0,-97],[97,0],[97,0]],[[33841,53545],[96,0],[0,96],[-96,0],[0,-96]],[[32874,56814],[97,0],[96,0],[97,0],[0,96],[97,0],[0,96]],[[33261,57006],[96,0],[0,96],[97,0],[0,96],[97,0]],[[33551,57198],[0,-96],[0,-96],[96,0],[0,-96],[97,0],[97,0],[0,96],[96,0],[0,96],[0,96],[97,0],[0,-96],[97,0],[96,0],[97,0],[0,96],[97,0],[0,96],[0,96],[-97,0],[-97,0],[0,-96],[-96,0],[-97,0],[-97,0],[0,96],[-96,0],[0,96],[96,0],[97,0],[0,97],[-97,0],[0,96],[0,96],[0,96],[-96,0],[0,-96],[0,-96],[-97,0],[0,-96],[0,-97],[-97,0],[-96,0],[0,97],[-97,0],[0,-97],[0,-96],[0,-96],[-97,0],[0,-96],[-96,0],[0,-96],[0,-96]],[[33261,57006],[-97,0],[-97,0],[-96,0],[-97,0],[0,-96],[0,-96]],[[33551,57198],[0,96],[96,0],[0,-96],[-96,0]],[[32197,57775],[0,-96]],[[33454,59601],[97,0],[96,0],[97,0],[0,97],[0,96],[-97,0],[-96,0],[-97,0],[0,-96],[0,-97]],[[32584,60467],[96,0],[0,96],[-96,0],[0,-96]],[[33841,60851],[96,0],[0,96],[-96,0],[0,-96]],[[28426,56429],[97,0],[97,0],[96,0],[97,0]],[[30843,55372],[0,-97],[97,0]],[[30940,55275],[0,-96],[97,0]],[[29296,55564],[97,0],[0,96],[0,96],[-97,0],[0,96],[-96,0],[-97,0],[0,-96],[0,-96],[97,0],[96,0],[0,-96]],[[28813,56141],[97,0],[0,96],[-97,0],[0,-96]],[[25912,54987],[0,96],[0,96]],[[25912,55468],[97,0],[0,-96],[97,0],[0,96],[0,96],[0,96]],[[26106,55660],[96,0],[0,96],[97,0],[0,-96],[97,0],[0,96],[0,96],[0,96],[0,97],[-97,0],[-97,0],[-96,0],[0,-97],[0,-96],[0,-96],[0,-96]],[[26106,55660],[-97,0],[0,96],[0,96],[-97,0],[0,-96],[0,-96],[-96,0],[0,-96],[-97,0],[0,-96]],[[24172,56621],[0,96],[97,0],[0,97],[96,0],[97,0],[0,96],[97,0],[0,96],[96,0],[0,96],[0,96],[-96,0],[0,96],[0,96],[-97,0],[-97,0],[0,96],[-96,0],[0,-96],[-97,0],[-97,0],[-96,0],[-97,0],[0,96],[0,97],[0,96],[97,0],[96,0],[0,96],[97,0],[0,96],[0,96],[0,96],[97,0],[0,96],[96,0],[0,97],[0,96],[97,0],[97,0],[96,0],[97,0],[97,0],[96,0],[0,96],[97,0],[0,96],[97,0],[96,0],[0,96],[0,96],[97,0],[0,-96],[97,0],[0,96],[97,0],[96,0],[0,96],[97,0],[0,96]],[[25719,58928],[97,0],[0,97],[96,0],[0,96],[-96,0],[0,96],[-97,0],[0,96],[0,96],[0,96],[0,96],[0,97],[0,96],[0,96],[97,0],[0,96],[0,96],[96,0],[0,96],[0,96],[0,96],[97,0],[0,97],[0,96],[0,96],[0,96],[0,96],[0,96],[0,96],[0,96],[97,0],[96,0],[97,0],[97,0]],[[26396,61139],[0,-96],[96,0],[97,0],[0,-96],[97,0],[96,0],[0,-96],[97,0],[97,0],[0,-96],[97,0],[96,0],[0,-96],[97,0]],[[27266,60659],[97,0],[96,0],[97,0],[0,-96],[97,0],[96,0],[97,0],[97,0],[96,0],[97,0],[97,0],[96,0]],[[28329,60563],[0,-96],[97,0],[0,-97],[0,-96],[97,0],[0,-96],[0,-96],[97,0],[0,-96],[0,-96],[96,0],[0,-96],[0,-96],[97,0],[0,-97],[0,-96],[97,0],[0,-96],[0,-96],[96,0],[0,-96],[0,-96],[97,0],[0,-96],[97,0],[0,-97],[0,-96],[96,0],[0,-96],[97,0],[0,-96],[97,0],[0,-96],[96,0],[0,-96],[97,0],[0,-96]],[[25719,55948],[97,0],[96,0],[0,97],[0,96],[0,96],[97,0],[0,-96],[97,0],[96,0],[97,0],[97,0],[96,0],[0,96],[0,96],[-96,0],[0,-96],[-97,0],[-97,0],[-96,0],[0,96],[-97,0],[-97,0],[0,96],[97,0],[0,96],[-97,0],[-96,0],[0,96],[-97,0],[-97,0],[0,96],[-96,0],[0,-96],[0,-96],[0,-96],[96,0],[0,-96]],[[25622,56333],[-96,0],[0,-96],[96,0]],[[25622,56237],[0,-96],[97,0],[0,-96],[0,-97]],[[25622,56237],[0,96]],[[25622,56333],[97,0],[0,-96],[-97,0]],[[27653,56525],[96,0],[0,96],[-96,0],[0,-96]],[[25526,56814],[96,0],[97,0],[0,96],[-97,0],[-96,0],[0,-96]],[[28233,56814],[96,0],[0,96],[-96,0],[0,-96]],[[26492,57006],[97,0],[0,96],[-97,0],[0,-96]],[[25332,57583],[97,0],[97,0],[96,0],[0,96],[-96,0],[0,96],[-97,0],[0,-96],[-97,0],[0,-96]],[[25719,57679],[97,0],[0,96],[-97,0],[0,-96]],[[27556,59409],[97,0],[0,96],[-97,0],[0,-96]],[[35001,57102],[97,0],[96,0],[97,0],[0,-96],[97,0],[96,0],[0,96],[97,0],[0,96],[97,0],[0,-96],[96,0],[97,0],[97,0],[97,0],[96,0],[97,0],[97,0],[0,-96],[0,-96],[96,0],[97,0],[97,0],[0,-96],[0,-97],[-97,0],[-97,0],[0,-96],[0,-96],[-96,0],[0,-96],[-97,0],[0,-96]],[[35098,55275],[96,0],[0,97],[0,96],[-96,0],[0,96],[0,96],[-97,0],[0,-96],[0,-96],[0,-96],[97,0],[0,-97]],[[19047,57294],[97,0],[97,0],[97,0],[0,96],[96,0],[0,96],[97,0],[0,97],[97,0],[0,96],[96,0],[0,96],[97,0],[0,96],[97,0],[96,0],[0,96],[97,0],[0,96],[97,0],[0,96],[96,0],[0,97],[97,0],[0,96],[97,0],[0,96],[96,0],[0,96],[0,96],[97,0],[97,0],[0,96],[97,0]],[[20885,58736],[0,-96],[0,-96],[96,0],[97,0],[97,0],[0,96],[96,0],[97,0],[97,0],[96,0],[0,96],[97,0],[97,0],[96,0],[97,0],[97,0],[0,-96],[96,0],[0,-96],[-96,0],[0,-96],[96,0],[97,0],[0,96],[0,96],[0,96],[0,96],[97,0],[0,96],[97,0],[96,0],[0,-96],[97,0],[97,0]],[[22722,58832],[96,0],[97,0],[0,-96],[97,0],[0,-96],[96,0],[97,0],[97,0],[96,0],[0,-96],[97,0],[97,0],[0,96],[96,0],[97,0],[0,96],[97,0],[97,0],[0,96],[96,0],[0,96],[97,0],[97,0],[0,97],[96,0],[97,0],[97,0],[96,0],[0,96],[97,0],[97,0],[96,0],[0,96],[97,0],[0,96],[97,0],[96,0],[0,96],[97,0],[97,0],[97,0],[0,-96],[0,-96],[96,0],[0,-96],[97,0],[0,-96],[0,-97]],[[20885,58256],[96,0],[0,96],[-96,0],[0,-96]],[[21851,59025],[-96,0],[0,96],[-97,0],[0,96]],[[21658,59217],[0,96],[97,0],[0,96],[0,96],[96,0]],[[21851,59505],[0,-96],[97,0],[0,-96],[0,-96],[97,0],[0,-96],[96,0]],[[22141,59121],[0,-96],[-96,0],[-97,0],[-97,0]],[[31714,56237],[-97,0]],[[14793,60947],[97,0],[97,0],[0,96],[96,0],[97,0],[97,0],[96,0],[0,96],[97,0],[97,0],[96,0],[97,0],[0,97],[97,0],[96,0],[97,0],[97,0],[97,0],[96,0],[97,0],[97,0],[96,0],[0,-97],[97,0],[97,0],[96,0],[0,97],[97,0],[0,96],[97,0],[0,96],[96,0],[0,96],[97,0],[0,96],[97,0],[0,96],[0,96],[96,0],[0,97],[97,0],[97,0],[0,96],[97,0],[96,0],[0,96],[97,0],[0,-96],[97,0],[96,0],[0,-96],[0,-97],[97,0],[97,0],[96,0],[0,-96],[97,0],[97,0],[96,0],[97,0],[97,0],[0,96],[-97,0],[0,97],[0,96],[-97,0],[0,96],[-96,0],[0,96],[0,96],[-97,0],[0,96],[0,96],[-97,0],[0,96],[0,97],[-96,0],[0,96],[-97,0],[0,96],[-97,0],[0,96],[0,96],[0,96],[0,96],[0,96],[0,97],[0,96],[0,96],[0,96],[0,96],[0,96],[0,96],[0,97],[0,96],[0,96],[-96,0],[0,96],[0,96],[0,96],[0,96],[-97,0],[0,96],[0,97],[0,96],[-97,0],[0,96],[0,96],[0,96],[-96,0],[0,96],[0,96],[-97,0],[0,97],[0,96],[0,96],[-97,0],[0,96],[0,96],[0,96],[0,96],[0,96],[0,97],[-97,0],[0,96],[0,96],[0,96],[0,96],[-96,0],[0,96],[0,96],[-97,0],[0,96],[0,97],[-97,0],[0,96]],[[17210,67196],[97,0],[97,0],[96,0],[97,0],[97,0],[97,0],[96,0],[97,0],[97,0],[96,0],[97,0],[97,0],[96,0],[0,-96],[97,0],[97,0],[96,0],[97,0],[0,-97],[97,0],[96,0],[0,-96],[97,0],[0,-96],[0,-96],[97,0],[0,-96],[97,0]],[[19338,66619],[0,-96],[-97,0],[-97,0],[0,-96],[-97,0],[0,-96],[-96,0],[0,-97],[0,-96],[0,-96],[-97,0],[0,-96],[0,-96],[0,-96],[0,-96],[0,-96],[0,-97],[0,-96],[97,0],[0,-96],[0,-96],[0,-96],[0,-96],[96,0],[0,-96],[0,-97],[97,0],[0,-96],[0,-96],[0,-96],[0,-96],[97,0],[0,-96],[0,-96],[0,-96],[0,-97],[0,-96],[97,0],[0,-96],[0,-96],[0,-96],[96,0],[0,-96],[0,-96],[97,0],[0,-97],[0,-96],[97,0],[0,-96],[0,-96],[96,0],[0,-96],[0,-96],[0,-96],[97,0],[0,-96],[0,-97],[97,0],[0,-96],[0,-96],[0,-96],[0,-96],[96,0],[0,-96],[0,-96],[0,-96],[0,-97]],[[20014,61812],[0,-96],[-96,0],[-97,0],[0,-96],[97,0],[0,-96],[0,-96],[0,-96],[0,-96],[-97,0],[0,-97],[97,0],[96,0],[0,-96],[0,-96]],[[20014,60947],[-96,0],[0,-96],[0,-96],[96,0]],[[20014,60755],[0,-96],[-96,0],[-97,0],[0,-96],[0,-96],[97,0],[96,0],[0,-97],[97,0],[0,97],[0,96],[0,96],[97,0],[0,-96],[96,0],[0,96],[97,0]],[[20401,60659],[0,-96],[97,0]],[[20498,60563],[0,-96],[96,0],[0,96],[-96,0]],[[20498,60563],[0,96],[-97,0]],[[20401,60659],[0,96],[-97,0],[-96,0],[-97,0],[-97,0]],[[20014,60755],[0,96],[0,96]],[[20014,60947],[97,0],[97,0],[0,96],[0,96],[0,97],[96,0]],[[20304,61236],[97,0],[0,-97],[97,0],[96,0],[97,0],[97,0],[97,0],[0,-96],[96,0],[97,0],[0,96],[97,0],[96,0],[97,0],[97,0],[96,0],[97,0],[97,0],[96,0],[97,0],[97,0],[96,0],[97,0],[97,0],[97,0],[96,0]],[[22528,61139],[0,-96],[-96,0],[-97,0],[0,-96],[-97,0],[0,-96],[-97,0],[-96,0],[0,-96],[-97,0],[0,-96],[0,-96],[-97,0],[0,-96],[0,-97],[0,-96],[-96,0],[0,-96],[0,-96],[96,0],[0,-96],[97,0],[0,-96],[0,-96],[0,-96],[-97,0],[0,-97],[0,-96]],[[21658,59217],[-97,0],[0,96],[0,96],[-96,0],[0,96],[-97,0],[0,96],[-97,0],[-96,0],[0,97],[-97,0],[0,96],[-97,0],[0,96],[-96,0],[0,-96],[0,-96],[-97,0],[-97,0]],[[20691,59698],[0,96],[-97,0]],[[20594,59794],[0,96],[-96,0]],[[20498,59890],[0,96],[0,96],[-97,0],[0,96],[0,96],[0,96],[-97,0],[0,97],[-96,0],[0,-97],[0,-96],[0,-96],[-97,0],[0,-96],[0,-96],[97,0],[96,0],[97,0],[0,-96],[97,0]],[[20498,59890],[0,-96],[96,0]],[[20594,59794],[0,-96],[97,0]],[[20691,59698],[0,-97],[0,-96],[97,0],[0,-96],[-97,0],[0,-96],[-97,0],[-96,0],[-97,0],[0,96],[-97,0],[-96,0],[0,-96],[96,0],[0,-96],[97,0],[97,0],[0,-96],[96,0],[0,-96],[97,0],[0,-97],[0,-96],[97,0],[97,0],[0,-96]],[[18467,58256],[97,0],[0,96],[-97,0],[0,-96]],[[17404,59121],[96,0],[0,96],[-96,0],[0,-96]],[[17210,59313],[97,0],[97,0],[0,96],[0,96],[-97,0],[0,96],[0,97],[-97,0]],[[17210,59698],[0,96],[-96,0],[-97,0],[0,-96],[97,0],[96,0]],[[17210,59698],[0,-97],[0,-96],[0,-96],[0,-96]],[[21271,59313],[0,96],[97,0],[0,-96],[-97,0]],[[20014,59505],[97,0],[0,96],[0,97],[-97,0],[0,-97],[0,-96]],[[28329,60563],[97,0],[97,0],[0,96],[97,0],[0,96],[96,0],[0,96],[97,0],[97,0],[0,96],[96,0],[0,96],[97,0],[97,0],[0,96],[96,0],[97,0],[97,0],[96,0],[97,0],[97,0],[96,0],[97,0],[0,97],[97,0],[0,-97],[97,0],[96,0],[97,0],[0,97],[0,96],[0,96],[0,96],[97,0],[96,0],[0,96],[97,0]],[[30650,61620],[97,0],[96,0],[97,0],[0,-96],[97,0],[96,0],[97,0],[97,0],[0,-96],[96,0],[97,0],[97,0],[0,-96],[97,0],[0,-96],[96,0],[0,-97],[97,0],[97,0],[96,0],[97,0],[97,0]],[[22722,58832],[0,96],[-97,0],[0,97],[97,0],[0,96],[96,0],[97,0],[0,96],[0,96],[-97,0],[0,96],[-96,0],[-97,0],[-97,0],[-96,0],[-97,0],[0,-96],[0,-96],[0,-96],[-97,0],[-97,0]],[[22528,61139],[97,0],[0,97],[0,96],[97,0],[0,96],[0,96],[0,96],[0,96],[0,96],[96,0],[0,97],[0,96],[0,96],[0,96],[0,96],[0,96],[-96,0],[0,96]],[[22722,62485],[96,0],[0,96],[-96,0],[0,97],[-97,0],[-97,0]],[[22528,62678],[0,96],[0,96],[0,96],[0,96],[97,0],[0,96],[0,96],[0,96],[0,97],[0,96],[0,96],[0,96],[0,96],[97,0],[0,96],[0,96],[0,97],[0,96],[0,96],[0,96],[0,96],[0,96],[0,96],[96,0],[0,96],[0,97],[0,96],[0,96],[0,96],[0,96],[0,96],[0,96],[97,0],[0,97],[0,96],[0,96]],[[22915,65754],[0,96],[0,96],[97,0],[0,96],[0,96],[0,96],[0,97],[96,0],[0,96],[0,96],[0,96],[0,96],[97,0],[0,96],[97,0],[0,-96],[0,-96],[0,-96],[0,-96],[96,0],[0,-96],[0,-97],[0,-96],[0,-96],[97,0],[0,-96],[0,-96],[97,0]],[[23592,65850],[0,-96],[0,-96],[96,0],[0,-96],[97,0],[0,-97],[0,-96],[97,0],[0,-96],[0,-96],[97,0],[0,-96],[96,0],[0,-96],[0,-96],[97,0],[0,-97],[97,0],[0,-96],[96,0],[0,-96],[0,-96],[97,0],[0,-96],[97,0],[0,-96],[0,-96],[96,0],[0,-96],[97,0],[0,-97],[97,0],[0,-96],[96,0],[0,-96],[97,0],[0,-96],[97,0],[0,-96],[96,0],[0,-96],[97,0],[0,-96],[97,0],[0,-97],[0,-96],[97,0],[0,-96],[96,0],[0,-96],[97,0],[0,-96],[97,0],[0,-96],[0,-96],[0,-96],[96,0],[0,-97],[0,-96],[0,-96],[0,-96],[0,-96],[0,-96]],[[25912,62101],[0,-96]],[[25912,62005],[0,-96]],[[25912,61909],[-96,0]],[[25816,61909],[0,96],[0,96],[-97,0],[0,-96],[0,-96],[97,0]],[[25816,61909],[0,-97],[96,0],[0,97]],[[25912,61909],[97,0],[0,-97],[0,-96],[0,-96],[97,0],[0,-96],[96,0],[0,-96],[0,-96],[97,0],[0,-96],[97,0],[0,-97]],[[24075,59986],[97,0],[0,96],[0,96],[-97,0],[0,-96],[0,-96]],[[24365,60370],[97,0],[0,97],[-97,0],[0,-97]],[[26009,61332],[97,0],[0,96],[-97,0],[0,-96]],[[23205,62101],[97,0],[0,96],[-97,0],[0,-96]],[[25526,62293],[96,0],[0,96],[97,0],[0,96],[-97,0],[-96,0],[-97,0],[0,-96],[97,0],[0,-96]],[[25235,62485],[97,0],[0,96],[-97,0],[0,-96]],[[22528,62485],[0,96]],[[22528,62581],[97,0],[0,-96]],[[22625,62485],[-97,0]],[[27266,60659],[0,96],[97,0],[0,96],[0,96],[96,0],[0,96],[0,96],[97,0],[0,97],[97,0],[0,96],[-97,0],[0,96],[0,96],[0,96],[97,0],[0,96],[0,96],[0,97],[96,0],[0,96],[0,96],[0,96],[97,0],[0,96],[97,0],[0,96],[0,96],[0,96],[0,97],[0,96],[0,96],[96,0],[0,96],[-96,0],[0,96],[0,96],[96,0],[0,-96],[97,0],[0,96],[0,96],[0,96],[97,0],[96,0],[0,97],[-96,0],[0,96],[0,96],[96,0],[0,96],[0,96],[0,96],[97,0],[0,96],[0,97],[0,96],[97,0],[0,96],[0,96],[97,0],[0,96],[0,96],[0,96],[96,0],[0,96],[0,97],[0,96],[97,0],[0,96],[0,96],[0,96],[97,0],[0,96],[-97,0],[0,96],[-97,0],[0,97],[0,96],[0,96],[0,96],[-96,0],[0,96],[-97,0],[-97,0],[-97,0],[-96,0],[0,96],[-97,0],[-97,0],[0,96],[-96,0],[0,96],[-97,0],[-97,0],[0,97]],[[27749,66331],[97,0],[0,96],[0,96],[97,0],[0,96],[96,0],[0,96],[97,0],[0,96],[97,0],[96,0],[0,96],[97,0],[0,96],[97,0],[97,0],[96,0],[0,97],[0,96],[97,0],[0,96],[97,0],[0,96],[0,96],[96,0],[97,0],[97,0],[96,0],[97,0],[97,0],[96,0],[97,0],[97,0],[0,-96],[96,0],[97,0],[97,0],[97,0],[96,0],[97,0],[97,0],[0,96],[96,0],[97,0]],[[30650,67484],[0,-96],[97,0],[0,-96],[-97,0],[0,-96],[-97,0],[0,-96],[-96,0],[0,-97],[96,0],[97,0],[0,-96],[0,-96],[0,-96],[0,-96],[0,-96],[0,-96],[0,-96],[0,-97],[97,0],[0,-96],[0,-96],[96,0],[0,-96],[97,0],[0,96],[0,96],[97,0],[0,96],[96,0]],[[31133,66234],[97,0],[0,-96],[0,-96],[0,-96],[-97,0],[0,-96],[0,-96],[97,0],[0,-96],[0,-96],[0,-97],[0,-96],[0,-96],[0,-96],[0,-96],[97,0],[0,-96],[0,-96],[0,-97],[0,-96],[0,-96],[0,-96],[0,-96],[0,-96],[-97,0],[0,-96],[0,-96],[-97,0],[-96,0],[0,-97],[0,-96],[96,0],[0,-96],[97,0],[0,-96],[97,0],[0,-96],[0,-96],[96,0],[0,-96],[0,-97],[0,-96]],[[31423,63254],[-96,0],[-97,0],[-97,0],[-96,0],[-97,0],[0,-96],[-97,0],[-96,0],[0,-96],[96,0],[97,0],[97,0],[96,0],[97,0],[97,0],[96,0]],[[31423,63062],[0,-96],[0,-96],[0,-96],[0,-96],[-96,0],[0,-97],[0,-96],[-97,0],[0,-96],[0,-96],[-97,0],[0,-96],[0,-96],[-96,0],[0,-96],[-97,0],[0,-96],[-97,0],[0,-97],[-96,0],[0,-96],[-97,0],[0,-96]],[[29490,64312],[96,0],[97,0],[0,96],[97,0],[96,0],[0,96],[-96,0],[-97,0],[0,96],[-97,0],[-96,0],[0,-96],[0,-96],[0,-96]],[[29296,66715],[97,0],[97,0],[0,96],[-97,0],[0,96],[-97,0],[0,-96],[0,-96]],[[25912,62005],[97,0],[0,96],[-97,0]],[[23592,65850],[0,96],[96,0],[0,96],[97,0],[0,96],[0,96],[0,97],[0,96],[97,0],[97,0],[0,96],[96,0],[97,0],[0,96],[97,0],[96,0],[97,0],[97,0],[96,0],[0,96],[0,96],[-96,0],[0,96],[0,96],[0,97],[96,0],[97,0],[97,0],[96,0],[0,-97],[97,0],[97,0],[0,97],[96,0],[97,0],[97,0],[97,0],[0,96],[96,0],[97,0],[97,0],[96,0],[0,-96],[97,0],[0,-97],[97,0],[0,-96],[96,0],[0,-96],[97,0],[97,0],[96,0],[97,0],[0,-96],[97,0],[0,-96],[96,0],[97,0],[97,0],[97,0],[0,-96],[96,0],[97,0],[0,-96],[97,0],[96,0],[97,0],[0,-96],[97,0],[96,0]],[[28523,65369],[97,0],[0,96],[-97,0],[0,-96]],[[25332,66715],[97,0],[0,96],[-97,0],[0,-96]],[[12763,66042],[0,96],[-97,0]],[[11312,64504],[0,96],[0,96],[-96,0],[0,96],[-97,0],[0,97],[0,96],[-97,0],[0,96],[0,96],[-96,0],[0,96],[-97,0],[0,96],[0,96],[-97,0],[0,97],[-96,0],[0,96],[0,96],[-97,0],[0,96],[-97,0],[0,96],[0,96],[-96,0],[0,96],[0,96],[-97,0],[0,97],[-97,0],[0,96],[0,96],[-96,0],[0,96],[-97,0],[0,96],[0,96],[-97,0],[-97,0],[-96,0],[-97,0],[-97,0],[-96,0],[-97,0],[-97,0],[-96,0],[0,96],[-97,0],[0,96],[0,97],[-97,0],[0,96],[-96,0],[0,96],[0,96],[-97,0],[0,96],[-97,0],[-96,0],[0,96],[-97,0],[0,96],[0,97],[-97,0],[0,96],[-97,0],[0,96],[-96,0],[0,96],[0,96],[-97,0],[0,96],[-97,0],[0,96],[0,96],[-96,0],[0,97],[-97,0],[0,96],[0,96],[97,0],[0,96],[0,96],[0,96],[0,96],[0,97],[0,96],[96,0],[0,96],[0,96],[0,96],[0,96],[0,96],[97,0],[0,96],[0,97],[0,96],[0,96],[0,96],[97,0],[0,96],[0,96],[0,96],[0,96],[0,97],[0,96],[96,0],[0,96],[0,96],[0,96],[0,96],[0,96],[0,97],[97,0],[0,96],[0,96],[0,96],[0,96],[0,96],[97,0],[0,96],[0,96],[0,97],[0,96],[0,96],[0,96],[97,0],[0,96],[0,96],[0,96],[0,96],[0,97],[96,0],[0,96],[0,96],[0,96],[0,96],[0,96],[97,0],[0,96],[0,97],[0,96],[0,96],[0,96],[0,96],[97,0],[0,96],[0,96],[0,96],[0,97]],[[8799,74406],[96,0],[97,0],[0,-97],[97,0],[96,0],[0,-96],[97,0],[97,0],[96,0],[0,-96],[97,0],[97,0],[0,-96],[96,0],[97,0],[97,0],[0,-96],[97,0],[96,0],[0,-96],[97,0],[97,0],[96,0],[97,0],[0,-96],[97,0],[96,0],[97,0],[97,0],[96,0],[97,0],[97,0],[96,0],[97,0],[0,-96],[97,0],[0,-97],[0,-96],[97,0],[0,-96],[96,0],[0,-96],[0,-96],[97,0],[0,-96],[0,-96],[97,0],[0,-97],[96,0],[97,0],[0,-96],[97,0],[0,-96],[0,-96],[0,-96],[96,0],[0,-96],[0,-96],[0,-96],[97,0],[0,-97],[97,0],[96,0],[0,-96],[97,0],[97,0],[0,-96],[96,0],[0,-96],[97,0],[0,-96],[97,0],[0,-96],[97,0],[0,96],[96,0],[97,0],[0,96],[97,0],[96,0],[97,0],[0,96],[97,0],[0,-96],[96,0],[0,-96],[0,-96],[0,-96],[97,0],[0,-96],[97,0],[0,-97],[96,0],[0,-96],[-96,0],[0,-96],[-97,0],[0,-96],[-97,0],[0,-96],[-96,0],[0,-96],[-97,0],[0,-96],[-97,0],[0,-97],[-96,0],[0,-96],[96,0],[0,-96],[97,0],[0,-96],[0,-96],[97,0],[0,-96],[96,0],[0,-96],[0,-96],[97,0],[0,-97],[97,0],[0,-96],[96,0],[0,-96],[0,-96],[97,0],[0,-96],[0,-96],[97,0],[0,-96],[0,-96],[0,-97],[96,0],[0,-96],[0,-96],[97,0],[0,-96],[97,0],[0,-96],[0,-96],[97,0],[0,-96],[0,-97],[0,-96],[96,0],[0,-96],[0,-96],[0,-96],[0,-96],[0,-96],[97,0],[0,-96],[0,-97],[97,0],[0,-96],[96,0],[97,0],[97,0],[96,0],[97,0],[97,0],[96,0],[97,0],[0,-96],[97,0],[96,0],[97,0],[97,0],[97,0],[96,0],[97,0],[97,0],[0,-96],[96,0],[97,0],[97,0],[96,0],[0,-96],[97,0],[97,0],[96,0],[0,-96]],[[20304,61236],[0,96],[0,96],[0,96],[0,96],[97,0],[0,96],[-97,0],[0,96],[-96,0],[0,97],[-97,0],[0,-97],[-97,0]],[[19338,66619],[96,0],[0,96],[0,96],[97,0],[0,96],[97,0]],[[19628,66907],[96,0],[97,0],[97,0],[96,0],[97,0],[97,0],[96,0],[97,0],[97,0],[96,0],[97,0],[97,0],[0,-96],[0,-96],[-97,0],[0,-96],[0,-96],[0,-96],[0,-96],[97,0],[0,-97],[0,-96],[-97,0],[0,-96],[0,-96],[0,-96]],[[20691,65850],[0,-96],[97,0]],[[20788,65754],[97,0],[96,0],[0,96],[97,0],[97,0],[96,0],[97,0],[97,0],[96,0],[97,0],[97,0],[96,0],[97,0],[97,0],[96,0],[0,-96],[97,0],[0,96],[97,0],[97,0],[0,-96],[96,0],[97,0],[97,0],[96,0],[97,0]],[[22528,62678],[0,-97]],[[22625,62485],[97,0]],[[31423,63062],[97,0],[97,0],[0,96],[-97,0],[0,96],[-97,0]],[[31133,66234],[0,97],[97,0],[97,0],[0,-97],[96,0],[97,0],[0,-96],[97,0],[0,-96],[97,0],[0,-96],[96,0],[0,-96],[97,0],[0,-96],[97,0],[96,0],[0,-96],[97,0],[0,-96],[97,0],[96,0],[97,0],[97,0],[96,0],[97,0],[97,0],[97,0],[0,-97],[96,0],[0,-96],[97,0],[0,-96],[0,-96],[97,0],[0,-96]],[[33261,65081],[0,-96],[96,0],[0,-96],[0,-97],[97,0],[0,-96],[97,0],[0,-96],[0,-96],[96,0],[0,-96],[97,0],[0,96],[97,0],[96,0],[0,-96],[0,-96],[0,-96],[97,0],[0,-96],[97,0],[0,-97],[0,-96],[-97,0],[0,-96],[0,-96],[97,0],[0,-96],[-97,0],[-97,0],[-96,0],[-97,0],[0,-96],[97,0],[0,-96],[96,0],[0,-97],[-96,0],[0,-96],[96,0],[0,-96],[0,-96],[0,-96],[-96,0],[0,96],[-97,0],[0,-96],[-97,0],[0,-96],[97,0],[97,0],[0,-96],[0,-96],[0,-97],[-97,0],[0,-96],[0,-96],[0,-96],[97,0],[0,-96],[0,-96],[0,-96],[0,-96],[0,-97],[96,0],[0,-96],[0,-96],[0,-96],[-96,0],[0,-96],[0,-96],[-97,0]],[[34518,62197],[-97,0],[0,96],[0,96],[-97,0],[0,96],[0,96],[97,0],[0,97],[97,0],[96,0],[0,-97],[0,-96],[0,-96],[0,-96],[0,-96],[-96,0]],[[31617,62774],[97,0],[0,96],[-97,0],[0,-96]],[[32390,63158],[97,0],[0,96],[-97,0],[0,-96]],[[34227,63254],[0,96],[97,0],[0,-96],[-97,0]],[[33067,63831],[97,0],[97,0],[0,96],[96,0]],[[33357,63927],[0,-96],[97,0],[0,96],[-97,0]],[[33357,63927],[0,96],[-96,0],[-97,0],[0,97],[0,96],[-97,0],[0,-96],[-96,0],[0,-97],[0,-96],[96,0],[0,-96]],[[30650,67484],[0,96],[-97,0],[-96,0],[0,96],[-97,0],[0,97],[-97,0],[0,96],[-96,0],[0,96],[-97,0],[0,96],[-97,0],[0,96],[-97,0],[0,96],[-96,0],[0,96],[-97,0],[0,96],[-97,0],[0,97],[-96,0],[0,96],[-97,0],[0,96],[-97,0],[0,96],[-96,0],[0,96],[-97,0],[0,96],[-97,0],[0,96],[0,97],[0,96],[97,0],[0,96],[0,96],[0,96],[97,0],[0,96],[0,96],[0,96],[0,97],[-97,0],[0,96],[-97,0],[-96,0],[0,96],[0,96],[-97,0],[0,96],[0,96],[0,96],[0,96],[-97,0],[0,97],[0,96],[0,96],[-96,0],[0,96],[0,96],[0,96],[0,96],[0,97],[-97,0],[0,96],[0,96],[0,96],[0,96],[0,96],[-97,0],[0,96],[0,96],[-97,0],[0,97],[0,96],[0,96],[0,96],[0,96],[-96,0],[0,96],[0,96],[0,96],[-97,0],[0,97],[0,96],[-97,0],[0,96],[0,96],[-96,0],[0,96],[0,96],[-97,0],[0,96],[0,97],[97,0],[0,-97],[96,0],[97,0],[97,0],[96,0]],[[28329,73540],[97,0],[97,0],[0,-96],[97,0],[0,-96],[96,0],[97,0],[0,-96],[97,0],[96,0],[0,-96],[97,0],[0,-96],[97,0],[96,0],[0,-96],[97,0],[0,-97],[97,0],[96,0],[0,-96],[97,0],[97,0],[0,-96],[96,0],[0,-96],[97,0],[97,0],[0,-96],[97,0],[0,-96],[96,0],[97,0],[0,-96],[97,0],[96,0],[0,-96],[97,0],[0,-97],[97,0],[96,0],[0,-96],[97,0],[97,0],[0,-96],[96,0],[0,-96],[0,-96],[97,0],[0,-96],[0,-96],[97,0],[0,-96],[0,-97],[96,0],[0,-96],[97,0],[0,-96],[97,0],[0,-96],[97,0],[0,-96],[96,0],[97,0],[0,-96],[0,-96],[0,-97],[0,-96],[97,0],[0,-96],[96,0],[0,-96],[97,0],[0,-96],[97,0],[0,-96],[96,0],[0,-96],[0,-96],[0,-97],[97,0],[0,-96],[0,-96],[97,0],[96,0],[97,0],[0,-96],[97,0],[97,0],[96,0],[0,96],[97,0],[0,96],[0,96],[97,0],[96,0],[97,0],[0,97],[97,0],[96,0],[0,96],[97,0],[0,-96],[97,0],[96,0],[97,0],[97,0],[0,-97],[96,0],[97,0],[97,0]],[[34421,69887],[0,-96],[0,-96],[0,-96],[0,-96],[97,0],[0,96],[96,0],[97,0],[97,0],[0,-96],[0,-96],[0,-96],[-97,0],[0,-96],[-97,0],[0,-97],[0,-96],[97,0],[0,-96],[-97,0],[0,-96],[0,-96],[0,-96],[97,0],[97,0],[96,0],[97,0],[97,0],[0,-96],[96,0],[97,0],[97,0],[0,-97],[-97,0],[0,-96],[97,0],[0,-96],[0,-96],[0,-96],[-97,0],[0,-96],[0,-96],[0,-96],[0,-97],[-97,0],[0,-96],[0,-96],[0,-96],[-96,0],[-97,0],[-97,0],[0,96],[-96,0],[-97,0],[0,96],[0,96],[-97,0],[0,97],[0,96],[-96,0],[-97,0],[-97,0],[-97,0],[-96,0],[0,96],[-97,0],[0,-96],[0,-96],[0,-97],[-97,0],[-96,0],[-97,0],[-97,0],[0,-96],[0,-96],[0,-96],[97,0],[97,0],[96,0],[0,-96],[0,-96],[0,-96],[0,-97],[-96,0],[-97,0],[0,97],[-97,0],[0,96],[-96,0],[-97,0],[0,-96],[0,-97],[0,-96],[0,-96],[0,-96],[97,0],[96,0],[97,0],[97,0],[96,0],[0,-96],[-96,0],[0,-96],[-97,0],[-97,0],[-96,0],[-97,0],[-97,0],[0,-96],[97,0],[0,-96],[97,0],[0,-97],[0,-96],[0,-96],[96,0],[0,-96],[0,-96],[0,-96],[-96,0],[-97,0],[0,-96],[97,0],[0,-96],[96,0],[97,0],[97,0],[0,-97],[96,0],[0,-96],[0,-96],[0,-96],[-96,0],[-97,0],[-97,0],[0,-96],[-96,0],[-97,0],[-97,0],[-96,0]],[[34614,66427],[-96,0],[0,96],[0,96],[0,96],[0,96],[96,0],[97,0],[97,0],[96,0],[0,-96],[97,0],[97,0],[96,0],[0,-96],[0,-96],[-96,0],[-97,0],[-97,0],[-96,0],[0,-96],[-97,0],[-97,0]],[[34131,66619],[-97,0],[0,96],[0,96],[0,96],[0,96],[97,0],[0,-96],[96,0],[97,0],[0,-96],[0,-96],[0,-96],[-97,0],[-96,0]],[[32390,67676],[97,0],[0,97],[-97,0],[0,-97]],[[34421,67965],[97,0],[0,96],[-97,0],[0,-96]],[[33937,68061],[97,0],[0,96],[0,96],[-97,0],[-96,0],[0,96],[0,96],[-97,0],[-97,0],[0,-96],[-96,0],[0,-96],[96,0],[97,0],[0,-96],[97,0],[96,0],[0,-96]],[[34324,68157],[97,0],[0,96],[-97,0],[0,-96]],[[33067,68253],[97,0],[0,96],[97,0],[0,96],[96,0],[97,0],[0,97],[-97,0],[0,96],[0,96],[-96,0],[0,96],[-97,0],[0,-96],[0,-96],[-97,0],[0,-96],[0,-97],[0,-96],[0,-96]],[[31327,69022],[96,0],[97,0],[0,96],[-97,0],[0,97],[0,96],[0,96],[-96,0],[0,96],[-97,0],[-97,0],[-96,0]],[[31037,69503],[0,96],[-97,0],[-97,0]],[[30843,69599],[0,96],[-96,0],[0,-96],[96,0]],[[30843,69599],[0,-96],[97,0],[97,0]],[[31037,69503],[0,-96],[0,-96],[0,-96],[-97,0],[-97,0],[0,-97],[97,0],[97,0],[96,0],[97,0],[97,0],[0,-96]],[[31423,69791],[97,0],[0,96],[0,97],[0,96],[-97,0],[0,96],[0,96],[-96,0],[0,96],[-97,0],[-97,0],[0,96],[-96,0],[-97,0],[-97,0],[-96,0],[-97,0],[0,-96],[-97,0],[0,-96],[-96,0],[0,-96],[0,-96],[-97,0],[0,-96],[97,0],[96,0],[0,-97],[97,0],[0,97],[0,96],[0,96],[97,0],[0,-96],[96,0],[97,0],[0,-96],[97,0],[96,0],[0,-97],[97,0],[97,0],[96,0],[0,-96]],[[30553,71041],[97,0],[0,96],[-97,0],[0,-96]],[[20788,65754],[0,96],[-97,0]],[[19628,66907],[0,96],[96,0],[0,97],[0,96],[97,0],[0,96],[0,96],[97,0],[0,96],[0,96],[0,96],[0,97],[0,96],[0,96],[0,96],[0,96],[0,96],[0,96],[96,0],[0,96],[0,97],[0,96],[0,96],[0,96],[0,96],[0,96],[97,0],[0,96],[97,0],[0,97],[0,96],[96,0],[0,96],[0,96],[97,0],[0,96],[97,0],[0,96],[0,96],[96,0],[0,96],[0,97],[97,0],[0,96],[97,0],[0,96],[97,0],[0,-96],[0,-96],[0,-97],[96,0],[0,-96],[0,-96],[97,0],[0,-96],[0,-96],[97,0],[0,-96],[0,-96],[96,0],[0,-96],[97,0],[0,-97],[97,0],[0,-96],[96,0],[97,0],[0,96],[-97,0],[0,97],[-96,0],[0,96],[0,96],[-97,0],[0,96],[0,96],[-97,0],[0,96],[0,96],[0,96],[97,0],[0,97],[97,0],[0,-97],[96,0],[0,-96],[0,-96],[97,0],[0,-96],[0,-96],[97,0],[0,-96],[0,-96],[0,-96],[96,0],[0,96],[97,0],[97,0],[0,96],[0,96],[0,96],[0,96],[0,96],[-97,0],[0,96],[0,97],[97,0],[0,-97],[96,0],[97,0],[97,0],[97,0],[96,0],[0,-96],[97,0],[0,-96],[0,-96],[0,-96],[97,0],[0,-96],[0,-96],[96,0],[97,0],[0,96],[0,96],[97,0],[0,96],[0,96],[-97,0],[0,96],[0,96],[0,97],[0,96],[0,96],[97,0],[0,96],[0,96],[0,96],[0,96],[0,96],[96,0],[0,97],[-96,0],[0,96],[0,96],[-97,0],[0,96],[0,96],[0,96],[97,0],[0,96],[96,0],[0,97],[97,0],[0,96],[97,0],[96,0],[0,96],[97,0],[0,96],[97,0],[0,96],[96,0],[0,96],[97,0],[97,0],[0,96],[97,0],[0,96],[96,0],[0,97],[97,0],[0,96],[97,0],[0,96],[96,0],[97,0],[0,96],[97,0],[0,96],[0,96],[0,96],[0,96],[0,97],[0,96],[-97,0],[0,96],[0,96],[0,96],[-97,0],[0,96],[-96,0],[0,96],[-97,0],[0,97],[0,96],[0,96],[0,96],[-97,0],[0,96],[0,96],[0,96]],[[24075,74213],[97,0],[0,96],[97,0],[0,97],[96,0],[0,96],[97,0],[0,96],[97,0],[96,0],[0,96],[97,0],[0,96],[97,0],[96,0],[0,96],[97,0],[97,0],[96,0],[97,0],[97,0],[0,96],[97,0],[0,-96],[96,0],[97,0],[0,-96],[97,0],[96,0],[0,-96],[97,0],[97,0],[96,0],[0,-96],[97,0],[97,0],[0,-96],[96,0],[97,0],[0,-96],[97,0],[96,0],[97,0],[0,-97],[97,0],[97,0],[0,-96],[96,0],[97,0],[0,-96],[97,0],[96,0],[97,0],[0,-96],[97,0]],[[27653,74021],[0,-96],[96,0],[97,0],[0,-96],[97,0],[96,0],[0,-96],[97,0],[0,-96],[97,0],[96,0],[0,-97]],[[22528,66523],[97,0],[97,0],[0,96],[0,96],[-97,0],[-97,0],[-96,0],[0,-96],[96,0],[0,-96]],[[20691,68830],[97,0],[0,96],[-97,0],[0,-96]],[[28136,69311],[97,0],[0,96],[0,96],[-97,0],[-97,0],[0,96],[-96,0],[-97,0],[-97,0],[0,-96],[97,0],[0,-96],[97,0],[96,0],[97,0],[0,-96]],[[27266,71233],[97,0],[0,96],[-97,0],[0,-96]],[[26782,71522],[97,0],[0,96],[-97,0],[0,-96]],[[8799,74406],[0,96],[0,96],[-97,0],[0,96],[0,96],[0,96],[0,96],[-97,0],[0,97],[97,0],[97,0],[0,96],[-97,0],[-97,0],[0,96],[-96,0],[0,96],[0,96],[0,96],[0,96],[-97,0],[0,96],[0,97],[0,96],[-97,0],[0,96],[0,96],[0,96],[0,96],[-97,0],[0,96],[0,96],[0,97],[0,96],[-96,0],[0,96],[0,96],[0,96],[-97,0],[0,96],[0,96],[0,97],[0,96],[-97,0],[0,96],[0,96],[0,96],[-96,0],[0,96],[0,96],[0,96],[0,97],[-97,0],[0,96],[97,0],[0,96],[0,96],[0,96],[0,96],[96,0],[0,96],[0,96],[0,97],[97,0],[0,96],[0,96],[0,96],[97,0],[0,96],[0,96],[0,96],[96,0],[0,97],[0,96]],[[8218,79597],[97,0],[97,0],[97,0],[96,0],[97,0],[97,0],[96,0],[97,0],[97,0],[96,0],[97,0],[97,0],[96,0],[97,0],[97,0],[0,96],[96,0],[97,0],[97,0],[97,0],[0,-96],[96,0],[0,-96],[97,0],[97,0],[0,-97],[96,0],[0,-96],[97,0],[0,-96],[97,0],[0,-96],[96,0],[0,-96],[97,0],[97,0],[96,0],[97,0],[97,0],[96,0],[97,0],[97,0],[0,-96],[97,0],[96,0],[97,0],[0,-96],[97,0],[0,-97],[96,0],[0,97],[0,96],[97,0],[0,96],[0,96],[97,0],[0,96],[96,0],[97,0],[0,96],[97,0],[0,-96],[96,0],[0,-96],[97,0],[97,0],[0,-96],[96,0],[97,0],[97,0],[0,-96],[97,0],[96,0],[0,-96],[97,0],[0,-97],[97,0],[0,-96],[96,0],[0,-96],[97,0],[97,0],[96,0],[0,-96],[0,-96],[0,-96],[0,-96],[97,0],[0,-96],[0,-97],[97,0],[96,0],[97,0],[0,-96],[97,0],[0,96],[96,0],[97,0],[0,97],[97,0],[97,0],[0,96],[0,96],[-97,0],[0,96],[0,96],[-97,0],[0,96],[-97,0],[0,96],[0,96],[0,97],[0,96],[0,96],[0,96],[0,96],[0,96],[97,0],[0,96],[97,0],[97,0],[0,-96],[96,0],[0,-96],[97,0],[0,-96],[97,0],[0,-96],[0,-96],[96,0],[97,0],[0,-96],[97,0],[0,-97],[96,0],[97,0],[0,-96],[97,0],[0,-96],[96,0],[97,0],[97,0],[96,0],[0,96],[97,0],[97,0],[0,96],[97,0],[96,0],[0,97],[97,0],[97,0],[96,0],[0,-97],[97,0],[0,-96],[97,0],[0,-96],[0,-96],[0,-96],[0,-96],[0,-96],[96,0],[0,-96],[97,0],[0,-97],[97,0],[96,0],[97,0],[0,-96],[97,0],[0,-96],[0,-96],[0,-96],[96,0],[0,-96],[0,-96],[0,-96],[0,-97],[0,-96],[0,-96],[0,-96],[97,0],[0,-96],[0,-96],[0,-96],[97,0],[0,-97],[97,0],[0,-96],[0,-96],[0,-96],[0,-96],[96,0],[0,-96],[0,-96],[97,0],[0,-96],[97,0],[0,-97],[0,-96],[96,0],[0,-96],[97,0],[0,-96],[0,-96],[97,0],[0,-96],[96,0],[0,-96],[97,0],[0,-96],[97,0],[0,-97],[96,0],[0,-96],[97,0],[0,-96],[97,0],[0,-96],[96,0],[0,-96],[97,0],[0,-96],[97,0],[97,0],[96,0],[97,0],[97,0],[0,-96],[96,0],[0,96],[97,0],[97,0],[0,-96],[96,0],[97,0],[0,-97],[97,0],[96,0],[0,97],[97,0],[0,96],[97,0],[0,96],[96,0],[0,96],[97,0],[0,96],[97,0],[0,96],[97,0],[0,96],[96,0],[0,97],[97,0],[0,96],[97,0],[0,96],[96,0],[0,96],[0,96],[97,0],[0,96],[97,0]],[[21465,75559],[96,0],[97,0],[97,0],[0,-96],[0,-96],[96,0],[0,-96],[0,-96],[0,-96],[97,0],[0,-97],[0,-96],[97,0],[0,-96],[96,0],[0,-96],[0,-96],[97,0],[97,0],[0,-96],[97,0],[0,-96],[96,0],[97,0],[0,-97],[97,0],[0,-96],[96,0],[0,-96],[97,0],[97,0],[0,-96],[96,0],[0,-96],[97,0],[0,96],[97,0],[96,0],[0,96],[97,0],[0,96],[97,0],[96,0],[0,96],[97,0],[0,97],[97,0],[0,-97],[97,0],[0,-96],[96,0]],[[17887,69407],[97,0],[0,96],[-97,0],[0,-96]],[[19724,69503],[97,0],[0,96],[-97,0],[0,-96]],[[18467,71329],[97,0],[97,0],[0,97],[-97,0],[0,96]],[[18564,71522],[97,0],[0,96],[0,96],[0,96],[0,96],[-97,0],[0,-96],[0,-96],[0,-96],[0,-96]],[[18564,71522],[-97,0],[0,-96],[0,-97]],[[18177,71714],[97,0],[0,96],[-97,0]],[[18177,71810],[0,96],[0,96],[-96,0],[0,96],[-97,0],[0,-96],[0,-96],[97,0],[0,-96],[96,0]],[[18177,71810],[0,-96]],[[9185,74502],[97,0],[0,96],[-97,0]],[[9185,74598],[0,96],[-96,0],[0,-96],[96,0]],[[9185,74598],[0,-96]],[[9572,74598],[97,0],[0,96],[0,96],[-97,0],[0,-96],[0,-96]],[[9185,74886],[97,0],[97,0],[96,0],[97,0],[0,96],[-97,0],[-96,0],[0,97],[-97,0],[-97,0],[-96,0],[-97,0],[0,-97],[97,0],[96,0],[0,-96]],[[11699,75848],[97,0],[0,96],[-97,0],[0,-96]],[[11119,76040],[97,0],[96,0],[0,96],[-96,0],[-97,0],[0,-96]],[[11409,76040],[97,0],[0,96],[-97,0],[0,-96]],[[12763,77001],[96,0],[0,96],[-96,0],[0,-96]],[[12569,77097],[97,0],[0,96],[-97,0],[0,-96]],[[12473,77578],[96,0],[0,96],[-96,0],[0,-96]],[[12956,78251],[97,0],[0,96],[-97,0],[0,-96]],[[27653,74021],[96,0],[97,0],[97,0],[0,-96],[96,0],[97,0],[97,0],[96,0],[0,-96],[97,0],[97,0],[97,0],[96,0]],[[28716,73829],[97,0],[97,0],[96,0],[97,0],[97,0],[96,0],[97,0],[97,0],[96,0],[97,0],[97,0],[96,0],[97,0],[97,0],[97,0],[96,0],[0,-96],[97,0],[97,0],[96,0],[0,-96],[97,0],[97,0],[96,0],[97,0],[97,0],[0,-97],[96,0],[97,0],[97,0],[96,0],[97,0],[0,-96],[97,0],[97,0],[0,-96],[96,0],[97,0],[0,-96],[97,0],[96,0],[97,0],[0,-96],[97,0],[96,0],[97,0],[97,0],[96,0],[97,0],[97,0],[97,0],[0,-96],[96,0],[97,0],[97,0],[0,96],[96,0],[97,0],[97,0],[0,-96],[96,0],[97,0],[97,0],[96,0],[97,0],[0,96],[97,0],[96,0],[0,-96],[97,0]],[[34324,73060],[97,0],[97,0]],[[34518,73060],[96,0],[97,0],[0,-96],[97,0],[96,0],[97,0],[97,0]],[[35098,72964],[0,-97],[-97,0],[0,-96],[0,-96],[-97,0],[0,-96],[0,-96],[0,-96],[0,-96],[0,-96],[-96,0],[0,-97],[96,0],[0,-96],[0,-96],[0,-96],[0,-96],[-96,0],[0,-96],[96,0],[0,-96],[0,-96],[-96,0],[0,-97],[-97,0],[-97,0],[0,-96],[0,-96],[0,-96],[0,-96],[-96,0],[0,-96],[-97,0],[0,-96],[0,-97],[-97,0],[0,-96],[97,0],[0,-96],[0,-96],[0,-96],[97,0],[0,-96],[0,-96],[0,-96],[-97,0],[0,-97]],[[34518,73060],[0,96],[0,96],[0,96],[-97,0],[0,-96],[0,-96],[-97,0],[0,-96]],[[28716,73829],[0,96],[97,0],[0,96],[97,0],[0,96],[96,0],[0,96],[97,0],[0,96],[0,97],[97,0],[0,96],[96,0],[0,96],[97,0],[0,96],[97,0],[0,96],[0,96],[0,96],[96,0],[0,97],[0,96],[-96,0],[0,96],[96,0],[0,96],[0,96],[97,0],[0,96],[0,96],[0,96],[97,0],[0,97],[-97,0],[0,96],[0,96],[-97,0],[0,96],[0,96],[0,96],[0,96],[97,0],[0,96],[0,97],[0,96],[97,0],[0,96],[0,96],[96,0],[0,96],[0,96],[97,0],[0,96],[0,97],[97,0],[0,96],[0,96],[0,96],[97,0],[0,96],[0,96],[-97,0],[0,96],[-97,0],[0,96],[-97,0],[0,97],[-96,0],[0,96],[-97,0],[-97,0],[0,96],[-96,0],[0,96],[-97,0],[0,96],[-97,0],[0,96],[0,96],[-96,0],[0,96],[0,97]],[[29200,78828],[0,96],[96,0],[0,96],[0,96],[0,96],[97,0],[0,96],[0,96],[0,97],[0,96],[97,0],[0,96],[96,0],[0,96],[97,0],[0,96],[97,0],[0,96],[0,96]],[[29780,80077],[96,0],[0,96],[97,0],[0,97],[97,0],[0,96],[0,96],[97,0],[0,96],[96,0],[0,96],[0,96],[97,0],[0,96],[97,0],[0,97],[96,0],[0,96],[0,96],[97,0],[97,0],[0,96],[96,0],[97,0],[97,0],[96,0],[0,96],[97,0],[97,0],[96,0],[97,0],[97,0],[97,0],[0,96],[96,0],[97,0],[97,0],[0,96],[96,0],[97,0]],[[32197,81519],[97,0],[0,-96],[96,0],[0,-96],[97,0],[0,-96],[97,0],[0,-96],[96,0],[0,-96],[97,0],[0,-96],[97,0],[0,-97],[0,-96],[97,0],[0,-96],[96,0]],[[33067,80654],[0,-96],[-96,0],[0,-96],[0,-96],[-97,0],[0,-96],[-97,0],[0,-97],[-97,0],[0,-96],[-96,0],[0,-96],[0,-96],[-97,0],[0,-96],[-97,0],[0,-96],[-96,0],[0,-96],[-97,0],[0,-96],[-97,0],[0,-97],[0,-96],[0,-96],[0,-96],[97,0],[0,-96],[97,0],[0,-96],[96,0],[0,-96],[97,0],[0,-97],[97,0],[0,-96],[96,0],[0,-96],[97,0],[0,-96],[97,0],[0,-96],[97,0],[0,-96],[96,0],[0,-96],[97,0],[0,-96],[97,0],[0,-97],[96,0],[97,0],[0,-96],[97,0],[0,-96],[96,0],[97,0],[0,-96],[0,-96],[0,-96],[0,-96],[-97,0],[0,-96],[0,-97],[0,-96],[0,-96],[-96,0],[-97,0],[0,-96],[0,-96],[0,-96],[0,-96],[0,-97],[0,-96],[0,-96],[0,-96],[97,0],[96,0],[97,0],[0,96],[97,0],[0,96],[0,96]],[[33841,76520],[96,0],[97,0]],[[34034,76520],[97,0]],[[34131,76520],[96,0],[0,97]],[[34227,76617],[97,0]],[[34324,76617],[97,0],[97,0],[96,0],[0,-97],[97,0],[97,0],[0,-96],[96,0]],[[34904,76424],[0,-96],[0,-96],[-96,0],[0,-96],[96,0],[97,0],[0,-96],[0,-96],[97,0],[0,-96],[0,-97],[96,0],[0,97],[97,0],[97,0],[0,-97],[0,-96],[0,-96],[-97,0],[-97,0],[-96,0],[0,-96],[0,-96],[96,0],[0,-96],[-96,0],[-97,0],[-97,0],[-96,0],[-97,0],[0,-96],[-97,0],[-96,0],[0,96],[-97,0],[0,96],[0,96],[0,96],[0,96],[-97,0]],[[34324,75655],[0,96],[0,97],[-97,0],[-96,0],[0,96],[0,96],[0,96]],[[34131,76136],[96,0],[0,-96],[97,0],[97,0],[0,-96],[97,0],[96,0],[0,96],[0,96],[-96,0],[0,96],[-97,0],[0,-96],[-97,0],[0,96],[-97,0],[-96,0],[0,-96]],[[34131,76136],[-97,0],[0,-96],[0,-96],[-97,0],[-96,0],[-97,0],[-97,0],[-96,0],[0,96],[-97,0],[0,-96],[0,-96],[97,0],[96,0],[0,-97],[97,0],[0,-96],[-97,0],[0,-96],[97,0],[0,-96],[97,0],[96,0],[97,0],[97,0],[96,0],[0,96]],[[34227,75559],[97,0],[0,-96],[0,-96],[0,-96],[0,-96],[0,-96],[0,-97],[97,0],[0,97],[97,0],[96,0],[97,0],[0,-97],[0,-96],[97,0],[0,-96],[0,-96],[0,-96],[96,0],[97,0],[0,-96],[0,-96],[0,-97],[97,0],[96,0],[97,0],[0,-96],[97,0],[96,0],[97,0],[0,-96],[97,0],[96,0],[97,0],[0,-96],[97,0],[97,0],[96,0],[97,0],[0,-96],[0,-96],[0,-96],[0,-96],[-97,0],[0,-97],[-96,0],[0,-96],[-97,0],[-97,0],[0,96],[0,97],[0,96],[0,96],[0,96],[-97,0],[0,-96],[0,-96],[-96,0],[-97,0],[0,-96],[-97,0],[0,-97],[-96,0],[0,-96],[-97,0],[0,-96],[0,-96],[-97,0],[0,-96],[-96,0],[0,-96],[0,-96]],[[35098,73829],[96,0],[97,0],[0,96],[-97,0],[-96,0],[0,-96]],[[33744,73925],[97,0],[96,0],[0,96],[-96,0],[-97,0],[0,-96]],[[34324,74213],[97,0],[0,96],[97,0],[0,97],[-97,0],[-97,0],[0,96],[97,0],[0,96],[0,96],[0,96]],[[34421,74790],[97,0],[0,96],[-97,0],[0,-96]],[[34421,74790],[-97,0]],[[34324,74790],[0,96],[-97,0],[0,-96],[97,0]],[[34324,74790],[0,-96],[-97,0],[0,-96],[0,-96],[0,-96],[0,-97],[97,0],[0,-96]],[[32777,74694],[97,0],[0,96],[-97,0],[0,-96]],[[30747,75559],[96,0],[97,0],[0,96],[-97,0],[-96,0],[0,-96]],[[34131,75559],[0,96],[96,0]],[[34227,75655],[0,-96]],[[34227,75559],[-96,0]],[[33841,75751],[0,97],[96,0],[0,-97],[-96,0]],[[30650,77001],[97,0],[0,96],[-97,0],[0,-96]],[[29490,78635],[96,0],[97,0],[0,96],[-97,0],[-96,0],[0,-96]],[[30167,78635],[96,0],[0,96],[-96,0],[0,-96]],[[21465,75559],[0,96],[0,96],[0,97],[0,96],[0,96],[0,96],[0,96],[96,0],[0,-96],[97,0],[0,96],[0,96],[0,96],[0,96],[-97,0],[0,97],[0,96],[0,96],[-96,0],[0,96],[0,96],[0,96],[0,96],[0,97],[0,96],[0,96],[-97,0],[0,96],[97,0],[96,0],[97,0],[97,0],[96,0],[0,96],[97,0],[97,0]],[[22045,77674],[96,0],[97,0],[97,0],[97,0],[0,-96],[96,0],[97,0],[97,0],[96,0],[0,-96],[97,0],[0,-96],[97,0],[0,-96],[96,0],[97,0],[0,96],[97,0],[0,96],[96,0],[97,0],[0,96],[97,0],[0,96],[96,0],[97,0],[97,0],[97,0],[0,96],[96,0],[97,0],[97,0],[96,0],[97,0],[97,0],[96,0],[0,96],[97,0],[97,0],[96,0],[97,0],[97,0],[0,96],[96,0],[97,0],[97,0],[97,0],[0,97],[96,0],[97,0],[0,96],[97,0],[96,0],[0,96],[97,0],[97,0],[0,96],[96,0],[0,96],[97,0],[97,0],[0,96],[96,0],[97,0],[0,96],[97,0],[96,0],[0,96],[97,0],[97,0],[0,97],[97,0],[0,96],[96,0],[97,0],[97,0],[0,-96],[96,0],[97,0],[97,0],[96,0],[0,-97],[97,0],[97,0],[96,0],[97,0],[97,0],[0,97],[96,0],[97,0],[97,0],[0,96],[97,0],[96,0],[97,0],[0,-96],[97,0],[96,0],[97,0],[97,0]],[[23012,74213],[96,0],[0,96],[-96,0],[0,-96]],[[24075,75559],[97,0],[97,0],[96,0],[0,96],[-96,0],[-97,0],[0,96],[-97,0],[0,97],[-96,0],[-97,0],[0,-97],[0,-96],[97,0],[96,0],[0,-96]],[[23688,76136],[97,0],[0,96],[-97,0],[0,-96]],[[23979,76232],[96,0],[0,96],[-96,0],[0,-96]],[[29296,77962],[97,0],[0,97],[97,0],[0,96],[-97,0],[-97,0],[-96,0],[0,-96],[96,0],[0,-97]],[[34324,75655],[-97,0]],[[8218,79597],[0,96],[0,96],[0,96],[0,96],[0,96],[-96,0],[0,96],[0,97],[0,96],[0,96],[0,96],[0,96],[0,96],[-97,0],[0,96],[0,97],[0,96],[0,96],[0,96]],[[8025,81231],[97,0],[96,0],[0,96],[97,0],[97,0],[97,0],[96,0],[97,0]],[[8702,81327],[97,0],[0,96]],[[8799,81423],[96,0],[97,0],[97,0],[0,96],[96,0],[97,0],[97,0],[96,0],[97,0],[0,96],[97,0],[96,0],[97,0],[97,0],[0,97],[97,0],[96,0],[97,0],[97,0],[96,0],[0,96],[97,0],[97,0],[96,0],[97,0],[0,96],[97,0],[96,0],[97,0],[97,0],[96,0],[97,0],[97,0],[97,0],[0,-96],[96,0],[97,0],[97,0],[96,0],[97,0],[97,0],[96,0],[97,0],[97,0],[96,0],[97,0],[97,0],[96,0],[97,0],[97,0],[97,0],[0,96],[96,0],[0,96],[97,0],[0,96],[97,0],[0,96],[96,0],[0,96],[97,0],[0,96],[97,0],[0,97],[96,0],[0,-97],[97,0],[97,0],[96,0],[0,-96],[97,0],[97,0],[0,96],[96,0],[97,0],[0,97],[97,0],[0,96],[97,0],[0,96],[96,0],[97,0],[97,0],[96,0],[0,96],[97,0],[0,96],[0,96],[97,0],[96,0],[0,96],[97,0],[97,0],[96,0],[97,0],[97,0],[96,0],[97,0],[97,0],[0,-96],[97,0],[0,-96],[0,-96],[96,0],[0,96],[97,0],[97,0],[0,96],[0,96],[96,0],[97,0],[97,0],[0,-96],[0,-96],[0,-96],[-97,0],[0,-96],[97,0],[96,0],[0,-96],[97,0],[0,96],[97,0],[96,0],[0,-96],[97,0],[0,-96],[97,0],[0,96],[96,0],[97,0],[97,0],[97,0],[96,0],[97,0],[97,0],[96,0],[0,-96],[97,0],[97,0],[96,0],[0,-97],[97,0],[97,0],[96,0],[0,97],[97,0],[0,96],[97,0],[96,0],[97,0],[0,-96],[97,0],[0,96],[97,0],[0,96],[96,0]],[[19434,82673],[97,0],[0,-96],[0,-96],[97,0]],[[19628,82481],[0,-97]],[[19628,82384],[0,-96],[96,0]],[[19724,82288],[0,-96],[97,0],[97,0],[0,-96],[96,0],[97,0],[97,0],[0,-96],[0,-96],[0,-96],[-97,0],[0,-96],[0,-97],[0,-96],[97,0],[0,-96],[96,0]],[[20304,81423],[0,-96],[0,-96],[97,0],[0,-96],[0,-96],[97,0]],[[20498,81039],[0,-96],[96,0],[97,0],[97,0],[97,0],[0,-97],[96,0],[97,0],[97,0],[96,0],[97,0]],[[21368,80846],[0,-96],[0,-96],[0,-96],[0,-96],[97,0],[0,-96],[0,-96],[0,-97],[0,-96]],[[21465,80077],[-97,0],[0,-96],[97,0]],[[21465,79981],[0,-96],[-97,0],[0,-96],[0,-96],[97,0],[0,-96],[0,-96],[0,-97],[-97,0],[0,-96],[-97,0],[0,-96],[97,0],[0,-96],[97,0],[96,0],[0,-96],[97,0],[0,-96],[97,0],[0,-96],[0,-97],[0,-96],[0,-96],[0,-96],[0,-96],[0,-96],[96,0],[0,-96],[0,-96],[0,-97],[97,0],[0,-96],[0,-96],[97,0],[0,-96]],[[20691,78924],[97,0],[0,96],[-97,0],[0,-96]],[[20594,79116],[97,0],[0,96],[0,96],[0,96],[0,97],[-97,0],[-96,0],[0,-97],[96,0],[0,-96],[0,-96],[0,-96]],[[15567,79597],[96,0],[0,96],[-96,0],[0,-96]],[[15857,79597],[96,0],[0,96],[-96,0]],[[15857,79693],[0,96],[-97,0],[0,-96],[97,0]],[[15857,79693],[0,-96]],[[20691,79693],[97,0],[0,96],[-97,0],[0,-96]],[[13246,79789],[97,0],[97,0],[0,96],[-97,0],[0,96],[0,96],[-97,0],[0,-96],[-96,0],[0,-96],[96,0],[0,-96]],[[20594,79885],[97,0],[0,96],[0,96],[-97,0],[0,-96],[0,-96]],[[19821,80077],[97,0],[0,96],[0,97],[0,96],[-97,0]],[[19821,80366],[0,96],[0,96],[97,0],[0,96],[0,96],[96,0],[0,96],[-96,0],[0,97],[0,96],[0,96],[0,96],[0,96],[-97,0],[-97,0],[0,-96],[-96,0],[-97,0],[0,-96],[97,0],[0,-96],[0,-96],[0,-97],[0,-96],[0,-96],[0,-96]],[[19628,80558],[-97,0],[0,96],[-97,0]],[[19434,80654],[0,96],[0,96],[-96,0],[0,-96],[0,-96],[96,0]],[[19434,80654],[0,-96],[0,-96],[97,0],[0,-96],[97,0],[96,0],[97,0]],[[19821,80366],[0,-96],[0,-97],[0,-96]],[[13246,80173],[97,0],[0,97],[-97,0],[0,-97]],[[19628,80558],[96,0],[0,-96],[-96,0],[0,96]],[[19724,82000],[97,0],[0,96],[-97,0],[0,-96]],[[36065,75655],[-97,0],[0,96],[-97,0],[0,97],[-97,0],[-96,0],[0,96],[-97,0],[0,96],[0,96],[-97,0],[-96,0],[-97,0],[-97,0],[0,96],[-96,0],[-97,0],[0,96],[0,96],[-97,0]],[[34904,76424],[0,96],[0,97],[0,96],[-96,0],[0,96],[0,96],[-97,0],[-97,0],[0,-96],[-96,0],[-97,0]],[[34421,76809],[0,96],[-97,0],[0,96],[0,96],[0,96],[-97,0],[0,-96],[0,-96],[-96,0],[0,-96],[0,-96]],[[34131,76809],[-97,0],[0,-96]],[[34034,76713],[-97,0],[-96,0],[-97,0],[0,-96],[97,0],[0,-97]],[[33067,80654],[97,0]],[[33164,80654],[0,-96],[97,0],[0,-96],[96,0],[0,-96],[97,0],[0,-96],[97,0],[0,-97],[96,0],[0,-96],[0,-96],[0,-96],[97,0],[0,-96],[97,0],[0,-96],[0,-96],[96,0],[0,-96],[97,0],[0,-97],[97,0],[0,-96],[96,0],[0,-96],[97,0],[0,-96],[97,0],[0,-96],[0,-96],[97,0],[0,-96],[96,0],[0,-97],[97,0],[0,-96],[97,0],[0,-96],[96,0],[0,-96],[0,-96],[97,0],[0,-96],[97,0],[0,-96],[96,0],[0,-96],[97,0],[0,-97],[97,0],[0,-96],[96,0],[0,-96],[97,0],[97,0],[0,-96],[96,0],[0,-96],[0,-96],[0,-96],[0,-96],[97,0],[0,-97],[97,0],[0,-96],[97,0],[0,-96],[0,-96]],[[36065,76905],[-97,0],[0,-96],[-97,0],[0,-96],[-97,0],[0,-96],[0,-97],[0,-96],[97,0],[0,-96],[97,0],[0,-96],[0,-96],[97,0],[0,-96],[96,0],[0,-96],[0,-96],[0,-97],[0,-96],[-96,0]],[[34034,76520],[0,97],[0,96]],[[34034,76713],[97,0],[0,96]],[[34131,76809],[96,0],[97,0],[97,0]],[[34421,76809],[0,-96],[-97,0],[0,-96]],[[34227,76617],[-96,0],[0,-97]],[[33261,79693],[96,0],[0,96],[-96,0],[0,-96]],[[36451,76617],[-96,0],[0,96],[0,96],[-97,0],[0,96],[-97,0],[-96,0]],[[33164,80654],[0,96],[0,96],[0,97],[97,0],[0,96],[96,0],[0,96],[97,0],[0,-96],[97,0],[0,96],[96,0],[97,0],[97,0]],[[33841,81135],[96,0],[97,0],[0,-96],[97,0],[96,0],[0,-96],[97,0],[97,0],[0,-97],[97,0],[96,0],[0,-96],[97,0],[97,0],[96,0],[97,0],[97,0],[96,0],[97,0],[0,96],[97,0],[96,0],[97,0],[97,0],[96,0],[97,0],[97,0],[0,-96],[97,0],[96,0],[97,0],[0,-96],[97,0],[96,0],[0,-96],[97,0],[0,-96],[97,0]],[[36645,80462],[0,-96],[0,-96],[96,0],[97,0]],[[36838,80270],[0,-97],[97,0],[0,-96],[96,0],[97,0]],[[37128,80077],[97,0]],[[37225,80077],[96,0]],[[37321,80077],[0,-96],[97,0],[0,-96],[0,-96],[97,0],[97,0],[96,0]],[[37708,79789],[0,-96],[97,0],[97,0],[96,0],[97,0],[0,-96],[0,-96],[0,-97],[0,-96],[-97,0],[0,-96],[97,0],[0,-96],[-97,0],[0,-96],[0,-96],[-96,0],[-97,0],[0,-96],[0,-97],[0,-96],[0,-96],[0,-96],[-97,0],[-96,0],[-97,0]],[[37515,78443],[0,96],[-97,0],[-97,0],[0,-96],[97,0],[97,0]],[[37515,78443],[0,-96],[97,0],[0,-96],[96,0],[0,-96],[0,-96],[-96,0],[0,-97],[0,-96],[-97,0],[-97,0],[0,-96],[0,-96],[-97,0],[0,-96],[-96,0],[-97,0],[0,-96],[-97,0],[-96,0],[0,-96],[-97,0],[0,-96],[0,-97],[0,-96],[0,-96],[-97,0],[0,-96],[-96,0],[0,-96],[-97,0],[0,-96],[0,-96],[-97,0]],[[36838,78155],[97,0],[0,96],[96,0],[0,-96],[97,0],[0,96],[97,0],[0,96],[0,96],[-97,0],[-97,0],[0,96],[-96,0],[-97,0],[-97,0],[-96,0],[0,-96],[96,0],[97,0],[0,-96],[0,-96],[0,-96]],[[37225,78731],[96,0],[0,97],[-96,0],[0,-97]],[[37128,79308],[97,0],[0,96],[96,0],[0,97],[0,96],[0,96],[-96,0],[0,-96],[-97,0],[0,-96],[0,-97],[0,-96]],[[36935,79789],[96,0],[0,96],[-96,0],[0,-96]],[[21465,79981],[0,96]],[[21368,80846],[0,97],[0,96],[0,96],[0,96],[97,0],[96,0],[97,0],[0,-96],[97,0],[96,0],[97,0],[0,-96],[97,0],[0,-96],[96,0],[0,96],[97,0],[0,96],[97,0],[0,96],[97,0],[0,96],[-97,0],[0,96],[-97,0],[0,96],[97,0],[0,96],[97,0],[96,0],[97,0],[0,97],[0,96],[97,0],[0,96],[-97,0],[0,96],[0,96],[0,96],[-97,0],[0,96],[0,96],[0,97],[0,96],[97,0],[0,96],[97,0],[96,0],[0,-96],[97,0],[97,0],[0,96],[0,96],[0,96],[96,0],[0,96],[-96,0],[0,96],[0,97],[0,96],[0,96],[-97,0],[0,96],[0,96],[97,0],[96,0],[97,0],[97,0],[0,-96],[0,-96],[96,0],[0,-96],[97,0],[97,0],[0,-96],[0,-97],[96,0],[0,97],[97,0],[0,96],[97,0],[0,96],[0,96],[97,0]],[[23979,83442],[96,0],[97,0],[97,0],[0,-96],[96,0],[97,0],[0,-96],[97,0],[0,-96],[96,0],[0,-97],[0,-96],[97,0],[0,-96],[97,0],[0,-96],[0,-96],[96,0],[97,0],[0,96],[97,0],[96,0],[97,0],[97,0],[97,0],[0,-96],[96,0],[0,-96],[97,0],[0,-96],[97,0],[96,0],[0,96],[0,96],[97,0],[97,0],[0,96],[96,0],[97,0],[97,0],[0,-96],[96,0],[0,96],[97,0],[97,0],[0,96],[96,0],[97,0],[97,0],[0,-96],[97,0],[0,-96],[0,-96],[96,0],[97,0],[97,0],[0,96],[0,96],[0,96],[96,0],[97,0],[0,-96],[97,0],[96,0],[97,0],[0,96],[97,0],[0,96],[96,0],[0,-96],[97,0],[0,-96],[97,0],[96,0],[97,0],[97,0],[0,-96],[97,0],[96,0],[97,0],[97,0],[0,-96],[96,0],[97,0],[0,-96],[97,0],[0,-97],[96,0],[0,-96],[97,0],[0,-96],[0,-96],[97,0],[0,-96],[0,-96],[0,-96],[0,-96],[-97,0],[0,-97],[0,-96],[0,-96],[0,-96],[-97,0],[0,-96],[97,0],[0,-96],[97,0],[0,-96],[0,-96],[96,0],[0,-97],[0,-96],[0,-96],[0,-96],[97,0],[0,-96],[0,-96],[0,-96],[97,0],[0,-97],[0,-96]],[[22818,78155],[97,0],[0,96],[0,96],[-97,0],[0,-96],[0,-96]],[[23785,79789],[97,0],[0,96],[-97,0],[0,-96]],[[25332,80462],[97,0],[0,96],[-97,0],[0,-96]],[[23592,80750],[96,0],[0,96],[0,97],[-96,0],[0,-97],[0,-96]],[[27653,81519],[96,0],[0,96],[-96,0],[0,-96]],[[38288,79789],[0,-96],[-96,0],[0,96],[0,96],[0,96],[0,96],[-97,0],[-97,0],[0,-96],[0,-96],[-96,0],[0,-96],[-97,0],[-97,0]],[[37708,79789],[0,96],[-96,0],[-97,0],[0,96],[0,96],[-97,0],[-97,0]],[[37225,80077],[0,96],[-97,0],[0,-96]],[[36838,80270],[0,96],[-97,0],[0,96],[0,96],[0,96],[-96,0],[0,-96],[0,-96]],[[33841,81135],[0,96],[96,0],[0,96],[0,96],[-96,0],[-97,0],[0,96],[-97,0],[-96,0],[-97,0],[0,96],[0,97],[-97,0],[0,96],[0,96],[0,96],[0,96],[0,96],[-96,0],[0,96],[0,96],[96,0],[97,0],[97,0],[0,97],[96,0],[0,96],[97,0],[0,96],[0,96],[0,96],[97,0],[96,0],[0,96],[97,0],[97,0],[0,96],[96,0],[0,97],[97,0],[97,0],[0,96],[97,0],[96,0],[0,96],[97,0],[97,0],[96,0],[0,96],[97,0],[97,0],[96,0],[97,0],[0,96],[97,0],[96,0],[97,0],[97,0],[96,0],[0,-96],[97,0],[0,96],[97,0],[0,96],[97,0],[96,0],[0,96],[97,0],[0,96],[97,0],[0,97],[96,0],[0,-97],[97,0],[97,0],[0,97],[96,0],[97,0],[97,0],[0,96],[0,96],[96,0],[0,96],[97,0],[0,96],[-97,0],[0,96],[0,96]],[[37031,84499],[97,0],[0,-96],[97,0],[96,0],[0,-96],[97,0],[0,-96],[97,0]],[[37515,84211],[0,-96],[97,0]],[[37612,84115],[96,0],[97,0],[97,0],[0,-96],[96,0],[97,0],[0,-96],[97,0],[96,0],[97,0],[0,-97],[97,0],[96,0],[0,-96],[97,0],[97,0],[96,0],[0,-96],[97,0],[97,0],[0,-96],[97,0],[96,0],[0,-96],[97,0],[0,-96],[97,0],[96,0],[97,0]],[[39642,83346],[0,-96],[97,0],[0,-96],[96,0],[97,0],[0,-97],[0,-96],[-97,0],[0,-96],[0,-96],[-96,0],[0,-96],[-97,0],[0,-96],[-97,0],[-96,0],[-97,0],[0,96],[-97,0],[0,-96],[-96,0],[-97,0],[-97,0],[-97,0],[0,96],[-96,0],[0,-96],[0,-96],[-97,0],[-97,0],[0,-97],[97,0],[97,0],[96,0],[0,97],[97,0],[97,0],[97,0],[96,0],[97,0],[97,0],[96,0],[97,0],[0,-97],[97,0],[96,0],[0,-96],[0,-96],[97,0],[0,-96],[0,-96],[0,-96],[-97,0],[-96,0],[-97,0],[0,-96],[97,0],[0,-96],[0,-97],[-97,0],[0,-96],[0,-96],[-97,0],[0,-96],[-96,0],[0,-96],[0,-96],[0,-96],[0,-96],[-97,0],[-97,0],[0,-97],[0,-96],[-96,0],[0,-96],[-97,0],[-97,0],[0,-96],[-97,0],[-96,0],[0,96],[-97,0],[-97,0],[0,-96],[0,-96],[0,-96],[-96,0],[0,-96],[0,-97],[-97,0],[0,-96],[97,0],[0,-96],[0,-96],[-97,0],[0,-96],[-97,0]],[[37225,80462],[96,0],[97,0],[97,0],[97,0],[96,0],[0,96],[-96,0],[-97,0],[-97,0],[-97,0],[-96,0],[0,-96]],[[38578,80750],[97,0],[0,96],[0,97],[-97,0],[0,96],[0,96],[0,96],[-96,0],[0,-96],[0,-96],[-97,0],[-97,0],[0,-96],[0,-97],[97,0],[97,0],[96,0],[0,-96]],[[36548,81039],[97,0],[0,96],[-97,0],[0,-96]],[[36548,81231],[97,0],[96,0],[0,96],[-96,0],[-97,0],[0,-96]],[[35871,81423],[97,0],[97,0],[96,0],[97,0],[0,96],[0,96]],[[36258,81615],[97,0],[0,97],[-97,0]],[[36258,81712],[0,96],[-97,0],[0,96],[0,96],[-96,0],[0,96],[0,96],[-97,0],[0,-96],[0,-96],[0,-96],[97,0],[0,-96],[0,-96],[96,0],[97,0]],[[36258,81712],[0,-97]],[[36258,81615],[-97,0],[-96,0],[-97,0],[0,-96],[-97,0],[0,-96]],[[39352,81808],[97,0],[0,96],[0,96],[-97,0],[-97,0],[-96,0],[0,-96],[96,0],[97,0],[0,-96]],[[39062,82769],[97,0],[96,0],[0,96],[-96,0],[0,96],[-97,0],[0,-96],[0,-96]],[[23979,83442],[0,96],[0,96],[-97,0],[0,96],[0,96],[0,97],[0,96],[-97,0],[-97,0],[-96,0],[-97,0],[0,96],[0,96],[0,96],[0,96],[0,96],[97,0],[96,0],[97,0],[0,97],[97,0],[0,96],[0,96],[97,0],[0,96],[0,96],[96,0],[0,96],[97,0],[0,96],[97,0],[96,0],[0,-96],[97,0],[0,-96],[97,0],[0,-96],[0,-96],[96,0],[97,0],[0,96],[97,0],[0,96],[96,0],[0,96],[97,0],[0,96],[0,96],[0,97],[-97,0],[0,96],[-96,0],[0,96],[0,96],[0,96],[0,96]],[[24849,85845],[0,96],[0,96],[96,0],[0,97],[0,96],[97,0],[0,96],[0,96],[97,0],[0,96],[0,96],[96,0],[0,-96],[97,0],[0,96],[97,0],[97,0],[0,96],[96,0],[0,97],[97,0],[0,96],[0,96],[97,0],[0,96],[96,0],[0,96],[97,0],[0,96],[97,0],[0,96],[96,0],[0,96],[97,0],[97,0],[0,-96],[96,0],[97,0],[97,0],[96,0],[0,96],[97,0],[97,0],[97,0],[96,0]],[[27169,87479],[0,-96],[0,-96],[0,-96],[0,-96],[0,-96],[0,-96],[-96,0],[0,-96],[0,-97],[96,0],[97,0],[0,-96],[97,0],[0,96],[96,0],[0,97],[97,0],[0,-97],[97,0],[96,0],[0,-96],[97,0],[0,-96],[97,0],[0,-96],[0,-96],[0,-96],[0,-96],[-97,0],[0,-97],[-97,0],[0,-96],[97,0],[0,-96],[97,0],[96,0],[0,-96],[97,0],[0,-96],[97,0],[0,-96],[96,0],[0,-96],[97,0],[0,-96],[97,0],[97,0],[0,-97],[0,-96],[96,0],[0,-96],[97,0],[97,0],[0,-96],[96,0],[0,-96],[97,0],[0,-96],[97,0],[0,-96],[96,0],[0,-96],[97,0],[97,0],[0,-97],[96,0],[0,-96],[97,0],[0,-96],[97,0],[0,-96],[96,0],[0,-96],[97,0],[97,0],[0,-96],[97,0],[0,-96],[96,0],[0,-97],[97,0],[0,-96],[97,0],[0,-96],[96,0],[0,-96],[97,0],[0,-96],[0,-96],[97,0],[0,-96],[96,0],[0,-96],[97,0],[0,-97],[97,0],[0,-96],[96,0],[0,-96],[97,0],[0,-96],[0,-96],[97,0],[0,-96],[96,0],[0,-96],[97,0],[0,-97],[97,0],[0,-96],[97,0],[0,-96],[96,0],[0,-96],[0,-96],[97,0],[0,-96],[97,0],[0,-96],[96,0],[0,-96],[0,-97],[97,0],[0,-96]],[[27266,83346],[97,0],[0,96],[-97,0]],[[27266,83442],[0,96],[-97,0]],[[27169,83538],[0,96],[-96,0],[0,96],[-97,0],[0,-96],[0,-96],[97,0],[96,0]],[[27169,83538],[0,-96],[97,0]],[[27266,83442],[0,-96]],[[26396,83634],[96,0],[97,0],[97,0],[96,0],[97,0],[0,96],[-97,0],[-96,0],[-97,0],[-97,0],[-96,0],[0,-96]],[[27169,87479],[0,97],[0,96],[0,96],[97,0],[0,96],[-97,0],[0,96],[0,96],[-96,0],[0,96],[-97,0],[0,96],[-97,0],[0,97],[0,96],[-97,0],[0,96],[-96,0],[0,96],[-97,0],[0,96],[-97,0],[0,96],[-96,0],[0,96],[-97,0],[0,97],[0,96],[97,0],[96,0],[0,96],[97,0],[97,0],[0,96],[96,0],[0,-96],[0,-96],[97,0],[0,-96],[97,0],[97,0],[96,0],[0,96],[97,0],[0,96],[97,0],[0,96],[96,0],[0,96],[97,0],[0,96],[97,0],[96,0],[0,-96],[97,0],[97,0],[0,-96],[96,0],[0,-96],[97,0],[97,0],[0,-96],[96,0],[97,0],[97,0],[0,96],[97,0],[0,96],[0,96],[96,0],[0,96],[97,0],[97,0],[96,0],[97,0],[97,0],[96,0],[97,0],[0,96],[97,0],[96,0],[97,0],[97,0],[96,0],[0,96],[97,0],[97,0],[97,0],[0,97],[-97,0],[0,96],[0,96],[0,96],[0,96],[-97,0],[0,96],[0,96],[0,97],[-97,0],[0,96],[0,96],[0,96],[0,96],[0,96],[0,96],[0,96],[0,97],[0,96],[97,0],[0,96],[0,96],[0,96],[97,0],[0,96],[0,96],[0,96],[97,0],[0,97],[0,96],[0,96],[96,0],[0,96],[0,96],[97,0],[0,96],[0,96],[0,97],[97,0],[0,96],[0,96],[0,96],[96,0],[0,96]],[[30553,93055],[97,0],[0,-96],[97,0],[0,-96],[96,0],[0,-96],[97,0],[0,-96],[0,-97],[97,0],[0,-96],[96,0],[0,-96],[97,0],[0,-96],[97,0]],[[31327,92286],[96,0],[0,-96],[97,0],[97,0],[97,0],[96,0],[97,0],[0,-96],[97,0],[96,0],[97,0],[97,0],[96,0],[97,0],[0,-96],[97,0],[96,0],[97,0],[97,0],[97,0],[96,0],[0,-97],[97,0]],[[33164,91901],[0,-96],[0,-96],[97,0],[96,0],[97,0],[97,0],[0,-96],[-97,0],[0,-96],[-97,0],[-96,0],[-97,0],[-97,0],[0,96]],[[33067,91613],[0,96],[-96,0]],[[32971,91709],[0,96],[0,96],[-97,0],[0,-96],[0,-96],[97,0]],[[32971,91709],[0,-96]],[[32971,91613],[-97,0],[-97,0],[0,-96],[0,-96],[0,-96],[97,0],[0,-96],[0,-97],[0,-96],[0,-96],[97,0],[0,-96],[96,0],[97,0],[0,-96],[97,0],[0,-96],[-97,0],[0,-96],[-97,0],[0,-96],[-96,0],[0,-97],[0,-96],[0,-96],[0,-96],[96,0],[0,-96],[0,-96],[0,-96],[97,0],[0,96],[97,0],[0,96],[96,0],[0,96],[97,0],[0,-96],[0,-96],[97,0],[0,-96],[0,-97],[0,-96],[0,-96],[-97,0],[0,-96],[0,-96],[-97,0],[0,-96],[0,-96],[-96,0],[0,-96],[96,0],[0,-97],[0,-96],[0,-96],[97,0],[0,-96],[97,0],[0,-96],[0,-96],[96,0],[0,-96],[-96,0],[0,-97],[-97,0],[-97,0],[0,-96],[-96,0],[0,-96],[0,-96],[96,0],[0,-96],[97,0],[0,-96],[0,-96],[0,-96],[-97,0],[0,-97],[97,0],[0,-96],[97,0],[96,0],[0,96],[97,0],[97,0],[96,0],[0,97],[97,0],[0,-97],[0,-96],[0,-96],[0,-96],[97,0],[0,-96],[0,-96],[0,-96],[0,-96],[0,-97],[96,0],[0,-96],[0,-96],[0,-96],[0,-96],[97,0],[97,0],[0,-96],[0,-96],[0,-97],[0,-96],[0,-96],[97,0],[0,-96],[96,0],[97,0],[0,-96],[0,-96],[0,-96],[0,-96],[97,0],[96,0],[97,0],[0,-97],[97,0],[96,0],[97,0],[0,-96],[97,0],[96,0],[97,0],[97,0],[0,-96],[96,0],[97,0],[97,0],[97,0],[0,96],[96,0],[97,0],[0,-96],[97,0],[0,-96],[96,0],[97,0],[0,-96],[97,0],[0,-96],[96,0],[0,-96],[97,0],[0,-96],[97,0],[0,-97],[96,0]],[[32390,82481],[97,0],[0,96],[-97,0],[0,-96]],[[32100,82673],[97,0],[0,96],[-97,0],[0,-96]],[[33454,83730],[97,0],[0,96],[96,0],[0,97],[0,96],[0,96],[-96,0],[-97,0],[0,-96],[-97,0],[-96,0],[0,-96],[96,0],[0,-97],[97,0],[0,-96]],[[32584,87960],[96,0],[97,0],[0,96],[-97,0],[-96,0],[0,-96]],[[27556,88345],[97,0],[0,96],[-97,0],[0,-96]],[[27363,88441],[96,0],[0,96],[-96,0],[0,-96]],[[31520,89690],[97,0],[0,97],[-97,0],[0,-97]],[[31230,89883],[97,0],[0,96],[-97,0],[0,-96]],[[31327,90363],[96,0],[0,97],[-96,0],[0,-97]],[[20498,81039],[0,96],[96,0],[0,96],[0,96],[0,96],[0,96],[0,96],[0,97],[-96,0],[0,-97],[-97,0],[0,-96],[0,-96],[-97,0]],[[19724,82288],[0,96],[-96,0]],[[19628,82481],[0,96],[0,96],[0,96],[0,96],[0,96],[-97,0],[0,96],[0,97],[0,96],[0,96],[0,96],[0,96],[0,96],[0,96],[0,96],[97,0],[0,97],[0,96],[0,96],[96,0],[0,96],[0,96]],[[19724,84307],[97,0],[97,0],[0,96],[96,0]],[[20014,84403],[97,0]],[[20111,84403],[97,0]],[[20208,84403],[0,-96],[96,0]],[[20304,84307],[97,0],[0,-96],[97,0],[0,96],[96,0],[0,96],[97,0],[97,0],[0,-96],[97,0],[96,0],[97,0],[97,0],[0,96],[0,96],[-97,0],[0,97],[0,96],[0,96],[0,96],[0,96],[0,96],[97,0],[0,96],[0,96],[-97,0],[-97,0],[-96,0],[-97,0],[0,97],[-97,0],[0,96],[0,96],[0,96],[0,96],[0,96],[0,96],[-97,0],[0,96],[-96,0],[0,97],[-97,0],[0,96],[0,96],[-97,0],[0,96],[0,96],[-96,0],[0,96],[-97,0],[0,96],[-97,0],[0,97],[97,0],[0,96],[97,0],[0,96],[96,0],[0,96],[97,0],[0,96],[0,96],[-97,0],[0,96],[97,0],[97,0],[0,96],[-97,0],[0,97],[0,96],[0,96],[0,96],[-97,0],[0,96],[-96,0],[0,96],[0,96],[0,96],[96,0],[0,-96],[97,0],[0,-96],[97,0],[96,0],[97,0],[97,0],[97,0],[96,0],[0,-96],[0,-96],[0,-96],[97,0],[97,0],[96,0],[0,96],[0,96],[97,0],[0,96],[0,96],[0,96],[97,0],[96,0],[0,-96],[97,0],[97,0],[0,-96],[96,0],[0,96],[97,0],[0,96],[97,0],[96,0],[0,97]],[[22141,88345],[97,0],[0,-97],[97,0],[0,-96],[97,0],[0,-96],[0,-96],[96,0],[0,-96],[0,-96],[97,0],[0,-96],[97,0],[0,-96],[96,0],[0,-97],[0,-96],[-96,0],[0,-96],[-97,0],[0,-96],[0,-96],[97,0],[0,-96],[96,0],[97,0],[0,96],[97,0],[96,0],[0,-96],[97,0],[0,-96],[97,0],[0,-96],[96,0],[97,0],[0,-97],[97,0],[0,-96],[96,0],[0,-96],[97,0],[97,0],[0,-96],[97,0],[0,-96],[96,0],[0,-96],[97,0],[0,-96],[0,-97],[97,0],[0,-96],[0,-96],[96,0],[0,-96],[97,0],[97,0],[96,0],[97,0],[0,96],[97,0]],[[21755,81712],[96,0],[0,96],[-96,0]],[[21755,81808],[0,96],[-97,0],[0,-96],[97,0]],[[21755,81808],[0,-96]],[[21561,82000],[97,0],[0,96],[-97,0],[0,-96]],[[21658,82288],[97,0],[0,96],[-97,0],[0,-96]],[[21368,82769],[97,0],[0,96],[-97,0],[0,-96]],[[20981,83346],[97,0],[0,96],[-97,0],[0,-96]],[[21175,83346],[96,0],[0,96],[0,96],[0,96],[0,96],[-96,0],[-97,0],[-97,0],[-96,0],[0,96],[96,0],[0,97],[-96,0],[0,96],[-97,0],[-97,0],[-97,0],[-96,0]],[[20498,84019],[0,96],[-97,0],[0,-96],[97,0]],[[20498,84019],[0,-96],[-97,0],[0,-97],[-97,0],[-96,0],[0,-96],[96,0],[97,0],[97,0]],[[20498,83730],[0,-96],[96,0]],[[20594,83634],[0,-96],[97,0],[0,-96],[97,0],[97,0],[0,96]],[[20885,83538],[96,0],[97,0],[97,0],[0,-96],[0,-96]],[[19144,83346],[0,96]],[[19144,83442],[0,96],[-97,0],[0,96],[-96,0]],[[18951,83634],[0,96],[0,96],[0,97],[96,0],[97,0],[0,-97],[97,0],[97,0],[96,0],[0,-96],[0,-96],[0,-96],[0,-96],[0,-96],[-96,0],[-97,0]],[[19241,83346],[-97,0]],[[19724,83634],[97,0],[97,0],[0,96],[-97,0],[-97,0],[0,-96]],[[20594,83634],[0,96]],[[20594,83730],[97,0],[0,-96]],[[20691,83634],[-97,0]],[[22045,85268],[96,0],[0,97],[-96,0],[0,-97]],[[8025,81231],[0,96],[97,0],[0,96],[0,96],[96,0],[0,96],[97,0],[0,97],[0,96],[97,0],[0,96],[97,0],[0,96],[96,0],[0,96],[0,96],[97,0],[0,96],[0,96],[0,97],[-97,0],[0,96],[0,96],[0,96],[-96,0],[0,96],[0,96],[0,96],[-97,0],[0,97],[0,96],[0,96],[-97,0],[0,96],[0,96],[-97,0],[0,96],[0,96],[0,96],[-96,0],[0,97],[0,96],[0,96],[-97,0],[0,96],[0,96],[0,96],[-97,0],[0,96],[0,97],[0,96],[-96,0],[0,96],[0,96],[-97,0],[0,96],[0,96],[0,96],[0,96],[0,97],[97,0],[0,96],[0,96],[96,0],[0,96],[97,0],[0,96],[0,96],[97,0],[0,96],[96,0],[0,96],[0,97],[97,0],[0,96],[0,96],[97,0],[0,96],[0,96],[97,0],[0,96],[0,96],[96,0],[0,97],[0,96],[97,0],[0,96],[97,0],[0,96],[0,96],[96,0],[0,96],[0,96],[0,96],[0,97],[0,96],[0,96],[0,96],[-96,0],[0,96],[0,96],[0,96],[0,96],[0,97],[-97,0],[0,96],[0,96],[0,96],[0,96],[97,0],[0,96],[96,0],[0,96],[97,0],[0,97],[97,0],[0,96],[96,0],[0,96],[97,0],[0,96],[97,0],[0,96],[96,0],[0,96],[0,96],[97,0],[0,96],[0,97],[0,96],[97,0],[0,96],[0,96],[96,0],[0,96],[97,0],[0,96],[0,96],[97,0],[0,97],[97,0],[0,96],[96,0],[0,96],[0,96],[97,0],[0,96],[97,0],[0,96],[0,96],[96,0],[0,96],[97,0],[0,97],[0,96],[97,0],[0,96],[96,0],[0,96],[0,96],[97,0],[0,96],[0,96],[97,0],[0,96],[96,0],[0,97],[0,96],[97,0],[0,96],[97,0],[0,96],[0,96],[96,0],[0,96],[0,96],[97,0],[0,97],[97,0],[0,96],[97,0],[96,0],[0,96],[97,0],[0,96],[97,0],[0,96],[96,0],[97,0],[0,96],[97,0],[0,96],[96,0],[0,96],[97,0],[97,0],[0,97],[96,0],[0,96],[97,0],[97,0],[96,0],[97,0],[0,96],[97,0],[0,-96],[97,0],[0,-96],[96,0],[97,0],[0,96],[0,96],[0,96],[97,0],[96,0],[97,0],[0,96],[97,0],[96,0],[97,0],[97,0],[96,0],[97,0],[97,0],[0,-96]],[[14310,93728],[0,-96],[96,0],[0,-96],[97,0],[0,-96],[0,-97],[0,-96],[0,-96],[0,-96],[0,-96],[0,-96],[0,-96]],[[14503,92767],[0,-96],[97,0]],[[14600,92671],[0,-97],[0,-96],[-97,0],[0,-96],[0,-96],[0,-96],[97,0],[0,-96],[-97,0],[0,-96]],[[14503,91998],[-97,0],[0,-97],[97,0]],[[14503,91901],[0,-96]],[[14503,91805],[0,-96],[97,0],[0,-96],[0,-96],[97,0],[0,-96],[0,-96],[0,-96],[0,-97],[0,-96],[0,-96],[0,-96],[0,-96],[0,-96],[96,0],[0,-96],[0,-96],[97,0],[0,-97],[0,-96],[97,0],[96,0],[97,0],[0,-96],[-97,0],[0,-96],[0,-96],[0,-96],[0,-96],[0,-97],[0,-96],[0,-96],[0,-96],[0,-96],[-96,0],[0,-96],[96,0],[97,0],[0,-96],[0,-96],[0,-97],[97,0],[0,-96],[0,-96],[0,-96],[0,-96],[-97,0],[0,96],[-97,0],[-96,0],[0,96],[-97,0],[0,96],[0,96],[-97,0],[0,97],[-96,0],[0,96],[-97,0],[0,96],[-97,0],[-97,0],[-96,0],[-97,0],[0,-96],[0,-96],[0,-97],[97,0],[0,-96],[0,-96],[96,0],[97,0],[0,-96],[97,0],[97,0],[96,0],[0,-96],[97,0],[0,-96],[97,0],[0,-96],[96,0],[97,0],[0,-97],[97,0],[0,-96],[0,-96],[-97,0],[0,-96],[0,-96],[0,-96],[0,-96],[0,-96],[97,0],[0,-97],[0,-96],[0,-96],[0,-96],[-97,0],[0,-96],[0,-96],[0,-96],[-97,0],[0,-96],[0,-97],[97,0],[97,0],[96,0],[0,-96],[0,-96],[97,0],[0,-96],[97,0],[96,0],[97,0],[97,0],[0,-96],[96,0],[0,-96],[97,0],[0,-96],[97,0],[0,-97],[0,-96],[97,0],[0,-96],[96,0],[97,0],[0,-96],[97,0],[96,0],[97,0],[0,96],[97,0],[0,-96],[0,-96],[96,0],[0,96],[97,0],[97,0],[0,-96],[96,0],[97,0],[97,0],[0,-96],[96,0],[97,0],[0,-96],[97,0],[0,-96],[97,0],[0,-97],[96,0],[0,-96],[97,0],[0,-96],[97,0]],[[18081,85076],[0,-96],[96,0],[0,-96],[0,-96],[0,-96],[0,-96],[97,0],[0,-97],[0,-96],[97,0],[0,-96],[96,0],[0,-96],[0,-96],[0,-96],[-96,0],[0,-96],[-97,0],[-97,0]],[[18177,83923],[0,96],[-96,0]],[[18081,84019],[0,96],[-97,0]],[[17984,84115],[0,96],[-97,0]],[[17887,84211],[0,96],[-96,0],[0,-96],[96,0]],[[17887,84211],[0,-96],[97,0]],[[17984,84115],[0,-96],[97,0]],[[18081,84019],[0,-96],[96,0]],[[18177,83923],[0,-97],[97,0],[97,0],[0,-96],[96,0],[97,0],[97,0],[96,0],[0,-96],[97,0],[97,0]],[[18951,83634],[0,-96],[0,-96],[96,0],[97,0]],[[19241,83346],[0,-96],[97,0],[0,-96],[96,0],[0,-97],[0,-96],[0,-96],[0,-96],[0,-96]],[[8799,81423],[-97,0]],[[8702,81423],[0,96],[-97,0],[-96,0],[0,-96],[96,0],[97,0]],[[8702,81423],[0,-96]],[[15277,83923],[96,0],[97,0],[97,0],[0,96],[96,0],[0,96],[-96,0],[-97,0],[0,-96],[-97,0],[-96,0],[0,-96]],[[12956,84211],[97,0],[0,96],[-97,0],[0,-96]],[[13730,84211],[96,0],[0,96],[-96,0],[0,-96]],[[14406,84307],[97,0],[97,0],[0,96],[-97,0],[0,96],[-97,0],[0,-96],[0,-96]],[[10636,84692],[96,0],[97,0],[0,96],[97,0],[0,96],[-97,0],[-97,0],[0,96],[-96,0],[-97,0],[-97,0],[0,96],[0,96],[0,96]],[[10442,85268],[97,0],[0,97],[-97,0],[0,-97]],[[10442,85268],[-96,0],[0,-96],[-97,0],[0,-96],[0,-96],[97,0],[0,-96],[96,0],[0,-96],[97,0],[97,0],[0,-96]],[[10829,85076],[97,0],[0,96],[96,0],[0,96],[-96,0],[-97,0],[0,-96],[0,-96]],[[11506,85076],[97,0],[0,96],[-97,0],[0,-96]],[[14987,85557],[96,0],[0,96],[-96,0],[0,-96]],[[11022,86134],[97,0],[97,0],[0,96],[-97,0],[0,96],[-97,0],[-96,0],[0,-96],[96,0],[0,-96]],[[14310,86710],[96,0],[97,0],[0,97],[-97,0],[0,96],[-96,0]],[[14310,86903],[0,96],[-97,0],[0,-96],[97,0]],[[14310,86903],[0,-96],[0,-97]],[[11699,86903],[97,0],[0,96],[-97,0],[0,-96]],[[10926,86999],[96,0],[0,96],[-96,0],[0,-96]],[[11216,87672],[96,0],[0,96],[-96,0],[0,-96]],[[13053,87672],[97,0],[0,96],[-97,0]],[[13053,87768],[0,96],[-97,0]],[[12956,87864],[0,96],[-97,0],[0,96],[0,96],[0,96],[0,97],[0,96],[0,96],[97,0],[97,0],[0,96],[97,0],[96,0],[97,0],[97,0],[96,0],[0,96],[-96,0],[-97,0],[0,96],[-97,0],[0,96],[-96,0],[0,97],[-97,0],[0,96],[0,96],[-97,0],[-97,0],[0,96],[-96,0],[0,96],[-97,0],[0,96],[-97,0],[0,-96],[0,-96],[-96,0],[0,-96],[-97,0],[0,-96],[0,-96],[0,-97],[97,0],[0,-96],[96,0],[0,-96],[0,-96],[0,-96],[0,-96],[-96,0],[0,-96],[96,0],[0,-97],[0,-96],[97,0],[0,-96],[0,-96],[97,0],[0,-96],[96,0],[97,0]],[[12956,87864],[0,-96],[97,0]],[[13053,87768],[0,-96]],[[9669,87960],[96,0],[0,96],[0,96],[-96,0],[0,-96],[0,-96]],[[11699,87960],[97,0],[97,0],[0,96],[-97,0],[-97,0],[0,-96]],[[8992,88152],[97,0],[0,96],[-97,0],[0,-96]],[[10829,88633],[97,0],[96,0],[97,0],[0,96],[0,96],[-97,0],[0,96],[0,97],[-96,0],[0,96],[0,96],[-97,0],[0,96],[-97,0],[0,-96],[-96,0],[-97,0],[0,-96],[0,-96],[0,-97],[-97,0],[0,-96],[97,0],[0,-96],[97,0],[96,0],[97,0],[0,-96]],[[12763,89690],[96,0],[0,97],[-96,0],[0,-97]],[[13343,89690],[97,0],[96,0],[97,0],[97,0],[0,97],[96,0],[0,96],[-96,0],[-97,0],[-97,0],[-96,0],[0,-96],[-97,0],[0,-97]],[[10636,89787],[96,0],[0,96],[-96,0]],[[10636,89883],[0,96],[-97,0],[-97,0],[0,-96],[97,0],[97,0]],[[10636,89883],[0,-96]],[[13053,90556],[97,0],[96,0],[0,96],[97,0],[0,96],[0,96],[0,96],[-97,0],[-96,0],[-97,0],[0,-96],[0,-96],[0,-96],[0,-96]],[[12859,91036],[97,0],[0,96],[0,97],[0,96],[97,0],[0,96],[0,96],[-97,0],[0,96],[-97,0],[0,96],[-96,0],[0,-96],[0,-96],[0,-96],[0,-96],[0,-96],[96,0],[0,-97],[0,-96]],[[12279,91613],[97,0],[0,96],[-97,0],[0,-96]],[[12666,91805],[97,0],[0,96],[0,97],[0,96],[0,96],[0,96],[-97,0],[0,96],[-97,0],[-96,0],[0,96],[0,96],[-97,0],[-97,0],[-96,0],[-97,0],[-97,0],[-96,0],[-97,0],[0,-96],[97,0],[96,0],[97,0],[97,0],[0,-96],[96,0],[0,-96],[97,0],[97,0],[0,-96],[0,-96],[0,-96],[96,0],[0,-97],[97,0],[0,-96]],[[12473,93151],[96,0],[0,96],[-96,0],[0,-96]],[[40222,82096],[-97,0],[0,96],[0,96],[0,96],[0,97],[0,96],[-96,0],[0,96],[0,96],[0,96],[96,0],[0,96],[0,96],[0,97],[97,0],[0,96],[0,96],[97,0],[96,0],[97,0],[0,-96],[97,0],[0,-96],[0,-97],[-97,0],[0,-96],[-97,0],[0,-96],[0,-96],[0,-96],[0,-96],[0,-96],[0,-97],[0,-96],[-96,0],[0,-96],[0,-96],[-97,0]],[[37612,84115],[0,96],[-97,0]],[[32971,91613],[96,0]],[[33164,91901],[97,0],[96,0],[97,0],[97,0],[96,0],[97,0],[0,-96],[97,0],[96,0],[97,0],[97,0],[96,0],[97,0],[97,0],[0,-96],[97,0],[96,0],[97,0],[97,0],[96,0],[97,0],[97,0],[96,0],[97,0],[97,0],[96,0],[97,0],[0,96],[97,0],[96,0],[0,96],[97,0],[97,0],[97,0],[0,97],[96,0],[97,0],[0,96],[97,0],[96,0],[0,96],[97,0],[97,0],[0,96],[96,0],[97,0],[0,96],[97,0],[96,0],[0,96],[97,0],[97,0],[96,0],[0,96],[97,0],[97,0],[0,97],[97,0],[96,0],[0,96],[97,0],[97,0],[96,0],[0,96],[97,0],[97,0],[0,96],[96,0],[97,0],[0,96],[97,0],[96,0]],[[38578,93055],[0,-96],[97,0],[97,0],[0,-96],[96,0],[0,-96],[0,-96],[0,-97],[0,-96],[0,-96],[-96,0],[-97,0],[-97,0],[0,-96],[97,0],[0,-96],[0,-96],[0,-96],[97,0],[0,-97],[96,0],[0,-96],[0,-96],[97,0],[0,-96],[0,-96],[0,-96],[97,0],[97,0],[0,-96],[96,0],[97,0],[97,0],[0,-96],[96,0],[97,0],[0,96],[97,0],[96,0],[0,-96],[97,0],[97,0],[0,-97],[96,0],[97,0],[97,0],[96,0],[0,-96],[97,0],[0,-96]],[[40512,90940],[0,-96],[97,0],[0,-96],[97,0],[0,96],[96,0],[97,0],[97,0],[96,0],[97,0],[0,-96],[97,0],[0,-96],[0,-96],[0,-96],[0,-97],[96,0],[97,0],[97,0],[0,-96],[0,-96],[96,0],[0,-96],[0,-96],[97,0],[0,-96],[97,0],[0,-96],[96,0],[0,-97],[0,-96],[97,0],[0,-96],[97,0],[0,-96],[97,0],[0,-96],[0,-96],[96,0],[0,-96],[97,0],[0,-96],[0,-97],[97,0],[0,-96],[0,-96],[0,-96],[96,0],[0,-96],[0,-96],[97,0],[0,-96],[0,-97],[97,0],[0,-96],[0,-96],[96,0],[0,-96],[0,-96],[97,0],[0,-96],[0,-96],[97,0],[0,-96]],[[43123,87576],[-97,0],[0,-97],[0,-96],[0,-96],[0,-96],[0,-96],[0,-96],[0,-96],[0,-96],[0,-97],[0,-96],[0,-96],[0,-96],[0,-96],[0,-96],[0,-96],[0,-97],[-97,0],[-96,0],[0,97],[-97,0],[0,-97],[-97,0],[0,-96],[-96,0]],[[42543,85941],[0,96],[-97,0],[0,-96],[97,0]],[[42543,85941],[0,-96],[0,-96],[-97,0],[0,-96],[0,-96],[0,-96],[0,-96],[97,0],[0,-97],[-97,0],[0,-96],[-97,0],[0,-96],[0,-96],[0,-96],[0,-96],[-96,0],[-97,0],[0,-96],[0,-96],[-97,0],[0,-97],[-97,0],[-96,0],[0,97],[-97,0],[0,96],[-97,0],[0,96],[-96,0],[0,96],[-97,0],[-97,0],[0,-96],[0,-96],[-96,0],[0,-96],[-97,0],[0,96],[-97,0],[-96,0],[0,-96],[-97,0],[0,-97],[-97,0],[-96,0],[0,-96],[0,-96],[-97,0],[0,-96],[0,-96],[-97,0],[0,96],[-97,0],[-96,0],[-97,0],[0,96],[-97,0],[-96,0],[0,-96],[0,-96],[0,-96],[0,-96],[0,-97],[0,-96],[0,-96],[-97,0],[-97,0],[0,96],[-96,0],[0,-96],[0,-96],[0,-96],[0,-96],[-97,0]],[[40125,83730],[0,96],[97,0],[0,-96],[-97,0]],[[40802,83923],[0,96],[97,0],[0,-96],[-97,0]],[[41286,84403],[0,96],[96,0],[0,-96],[-96,0]],[[37805,84596],[97,0],[0,96],[-97,0],[0,-96]],[[41382,84980],[97,0],[0,96],[-97,0],[0,-96]],[[40319,85172],[96,0],[97,0],[97,0],[0,96],[-97,0],[-97,0],[0,97],[0,96]],[[40415,85461],[97,0],[97,0]],[[40609,85461],[0,-96],[97,0],[0,-97],[96,0],[0,97],[0,96],[-96,0],[-97,0]],[[40609,85461],[0,96],[0,96],[-97,0],[0,96]],[[40512,85749],[97,0],[97,0],[0,96],[-97,0],[-97,0]],[[40512,85845],[0,96],[-97,0],[-96,0],[-97,0],[-97,0],[0,-96],[97,0],[0,-96],[97,0],[96,0]],[[40415,85749],[0,-96],[-96,0],[0,-96],[96,0],[0,-96]],[[40415,85461],[-96,0],[-97,0],[-97,0],[0,-96],[0,-97],[97,0],[97,0],[0,-96]],[[41962,85172],[97,0],[0,96],[-97,0],[0,-96]],[[40415,85749],[0,96],[97,0]],[[40512,85845],[0,-96]],[[40512,85749],[-97,0]],[[20885,83538],[-97,0],[0,96],[-97,0]],[[20594,83730],[-96,0]],[[20304,84307],[0,96],[-96,0]],[[20111,84403],[0,96],[0,97],[-97,0],[0,-97],[0,-96]],[[19724,84307],[0,96],[-96,0],[-97,0],[0,96],[-97,0],[0,97],[-96,0],[0,96],[-97,0],[0,96],[-97,0],[-97,0],[0,96],[-96,0],[-97,0],[0,96],[-97,0],[0,96],[-96,0],[-97,0],[0,96],[-97,0],[-96,0],[-97,0],[-97,0],[0,-96],[-96,0]],[[14503,91805],[97,0],[0,96],[-97,0]],[[14503,91901],[0,97]],[[14600,92671],[0,96],[-97,0]],[[14310,93728],[96,0],[97,0],[97,0],[97,0],[96,0],[0,-96],[97,0],[97,0],[96,0],[97,0],[0,-96],[97,0],[96,0],[97,0],[97,0],[96,0],[0,-96],[97,0],[97,0],[96,0],[0,-97],[97,0],[97,0],[97,0],[96,0],[0,-96],[97,0],[97,0],[96,0],[0,-96],[97,0],[97,0],[96,0],[0,-96],[97,0],[97,0],[0,-96],[96,0],[97,0],[97,0],[0,-96],[96,0],[97,0],[0,96],[0,96],[0,96],[97,0],[0,96],[0,96],[97,0],[0,97],[96,0],[97,0],[0,96],[0,96],[-97,0],[0,96],[97,0],[0,96],[0,96],[97,0],[0,96],[0,96],[0,97],[96,0],[0,96],[0,96],[97,0],[0,96],[0,96],[97,0],[0,96],[0,96],[96,0],[0,97],[-96,0],[0,96],[0,96],[0,96],[0,96],[0,96],[0,96],[0,96],[0,97],[0,96],[0,96],[0,96],[0,96],[0,96],[0,96],[0,97],[0,96],[0,96],[0,96],[-97,0],[0,96],[0,96]],[[18274,96804],[97,0],[0,96],[96,0],[97,0],[97,0],[0,-96],[0,-96],[96,0],[0,-96],[97,0],[0,-96],[0,-96],[97,0],[0,-96],[96,0],[97,0],[97,0],[0,-97],[97,0],[96,0],[97,0],[97,0],[0,-96],[96,0],[97,0],[97,0],[0,-96],[96,0],[97,0],[97,0],[96,0],[0,-96],[97,0],[97,0],[96,0],[0,-96],[97,0],[97,0],[97,0],[0,-96],[96,0],[97,0],[97,0],[0,-96],[96,0],[97,0],[0,-97],[0,-96],[97,0],[0,-96],[0,-96],[0,-96],[96,0],[0,-96],[0,-96],[0,-96],[0,-97],[97,0],[0,-96],[0,-96],[0,-96],[0,-96],[97,0],[0,-96],[0,-96],[0,-97],[0,-96],[96,0],[0,-96],[0,-96],[97,0],[97,0],[0,-96],[96,0],[0,-96],[0,-96],[0,-96],[97,0],[0,-97],[0,-96],[97,0],[0,-96],[-97,0],[0,-96],[-97,0],[-96,0],[0,-96],[0,-96],[0,-96],[0,-96],[96,0],[0,-97],[0,-96],[0,-96],[97,0],[0,-96],[0,-96],[0,-96],[97,0],[0,-96],[0,-97],[97,0],[0,-96],[96,0],[0,-96],[97,0],[0,-96],[97,0],[0,-96],[0,-96],[96,0],[0,-96],[97,0],[0,-96],[0,-97],[0,-96],[-97,0],[0,-96],[-96,0],[0,-96],[-97,0],[-97,0],[0,-96],[-96,0],[0,-96],[0,-96],[-97,0],[0,-96],[-97,0],[0,-97],[-97,0],[0,-96],[0,-96],[0,-96],[0,-96],[-96,0],[0,-96],[0,-96],[0,-97],[0,-96],[96,0],[0,-96],[-96,0],[0,-96],[0,-96],[96,0],[0,-96],[0,-96],[0,-96],[0,-97],[-96,0],[-97,0],[-97,0],[-96,0],[0,-96],[96,0],[0,-96],[0,-96],[97,0],[0,-96],[0,-96],[97,0],[0,-96],[96,0]],[[18177,85557],[97,0],[0,96],[-97,0],[0,-96]],[[18951,85845],[96,0],[0,96],[0,96],[97,0],[0,97],[-97,0],[0,96],[-96,0],[-97,0],[-97,0],[-96,0],[-97,0],[-97,0],[0,-96],[97,0],[97,0],[96,0],[0,-97],[97,0],[0,-96],[97,0],[0,-96]],[[18274,86230],[97,0],[0,96],[-97,0],[0,-96]],[[16050,87960],[97,0],[0,96],[-97,0],[0,-96]],[[18274,88056],[97,0],[96,0],[0,96],[-96,0],[-97,0]],[[18274,88152],[0,96],[-97,0],[0,-96],[97,0]],[[18274,88152],[0,-96]],[[17791,88248],[96,0],[97,0],[0,97],[-97,0],[-96,0],[0,-97]],[[17500,88441],[97,0],[0,96],[-97,0]],[[17500,88537],[0,96],[-96,0]],[[17404,88633],[0,96],[-97,0]],[[17307,88729],[0,96],[-97,0]],[[17210,88825],[0,96],[-96,0]],[[17114,88921],[0,97],[-97,0],[0,-97],[97,0]],[[17114,88921],[0,-96],[96,0]],[[17210,88825],[0,-96],[97,0]],[[17307,88729],[0,-96],[97,0]],[[17404,88633],[0,-96],[96,0]],[[17500,88537],[0,-96]],[[21175,88441],[96,0],[0,96],[-96,0],[0,-96]],[[18081,89787],[96,0],[0,96],[0,96],[-96,0],[0,-96],[0,-96]],[[15470,90267],[97,0],[0,96],[-97,0]],[[15470,90363],[0,97],[-97,0],[0,-97],[97,0]],[[15470,90363],[0,-96]],[[20788,90460],[97,0],[0,96],[-97,0],[0,-96]],[[15373,91325],[97,0],[0,96],[-97,0],[0,-96]],[[19144,91421],[97,0],[0,96],[-97,0],[0,-96]],[[18854,91613],[97,0],[96,0],[0,96],[-96,0],[-97,0],[0,-96]],[[18661,92286],[96,0],[0,96]],[[18757,92382],[97,0],[0,96],[-97,0],[0,-96]],[[18757,92382],[-96,0],[0,-96]],[[18274,93151],[97,0],[0,96],[-97,0],[0,-96]],[[18274,96804],[0,96],[0,96],[0,97],[0,96],[0,96],[0,96],[0,96],[0,96],[0,96],[-97,0],[0,96],[-96,0],[0,97],[-97,0],[-97,0],[-96,0],[0,96],[-97,0],[-97,0],[-97,0],[0,96],[-96,0],[-97,0],[-97,0],[0,96],[-96,0],[0,96],[-97,0],[0,96],[-97,0],[-96,0],[0,96],[-97,0],[0,97],[-97,0],[0,96],[-96,0],[-97,0],[0,96],[-97,0],[0,96],[-96,0],[0,96],[-97,0],[0,96],[0,96],[97,0],[0,96],[0,97],[0,96],[96,0],[0,96],[0,96],[97,0],[0,96],[0,96],[97,0],[0,96],[0,97],[96,0],[0,96],[0,96],[97,0],[0,96],[97,0],[0,96],[0,96],[96,0],[0,96],[0,96],[97,0],[0,97],[0,96],[97,0],[0,96],[0,96],[96,0],[0,96],[97,0],[0,96],[0,96],[97,0],[0,96],[0,97],[96,0],[0,96],[0,96],[97,0],[0,96],[0,96],[97,0],[0,96],[0,96],[97,0],[0,97],[96,0],[0,96],[0,96],[97,0],[0,96],[0,96],[97,0],[0,96],[0,96],[96,0],[0,96],[0,97],[97,0],[0,96],[97,0],[0,96],[0,96],[96,0],[0,96],[0,96],[97,0],[0,96],[97,0],[0,96],[0,97],[96,0],[0,96],[0,96],[97,0],[0,96],[97,0],[0,96],[0,96],[96,0],[0,96],[0,97],[97,0],[0,96],[97,0],[0,96],[0,96],[97,0]],[[19338,104687],[96,0],[0,-96],[97,0],[0,-96],[97,0],[0,-96],[96,0],[0,-97],[97,0],[0,-96],[97,0],[0,-96],[96,0],[0,-96],[97,0],[0,-96],[97,0],[0,-96],[96,0],[0,-96],[97,0],[0,-97],[97,0],[0,-96],[96,0],[0,-96],[97,0],[97,0],[0,-96],[97,0],[96,0],[97,0],[0,-96],[0,-96]],[[21078,103149],[0,-96],[97,0],[0,-96],[0,-97],[96,0],[97,0],[0,-96],[0,-96],[0,-96],[0,-96],[97,0],[0,-96],[96,0],[0,-96],[97,0],[0,-96],[97,0],[0,-97],[0,-96],[96,0],[0,-96],[97,0],[97,0],[96,0]],[[22141,101899],[0,-96],[97,0]],[[22238,101803],[0,-96],[97,0]],[[22335,101707],[0,-96],[97,0],[0,-96],[0,-97],[96,0],[0,-96],[0,-96],[0,-96],[97,0],[0,-96],[-97,0],[0,-96],[0,-96],[97,0],[0,-96],[97,0],[96,0],[97,0],[97,0],[96,0],[0,-97],[97,0],[97,0],[0,-96],[96,0],[0,-96],[97,0],[0,-96],[0,-96],[97,0],[0,-96],[96,0],[0,-96],[97,0],[0,-96],[97,0],[0,-97],[97,0],[0,-96],[0,-96],[0,-96],[-97,0],[-97,0],[0,-96],[-97,0],[-96,0],[0,-96],[96,0],[97,0],[97,0],[0,-96],[97,0],[0,-97],[0,-96],[96,0],[0,-96],[97,0],[0,-96],[97,0],[96,0],[97,0],[0,-96],[0,-96],[0,-96],[97,0],[0,-96],[96,0],[0,-97],[97,0],[97,0],[0,-96],[96,0],[0,-96],[0,-96],[0,-96],[97,0],[0,-96],[0,-96],[0,-97],[0,-96],[97,0],[0,-96],[0,-96],[96,0],[97,0],[97,0],[0,96],[0,96],[0,96],[0,97],[0,96],[0,96],[0,96],[0,96],[0,96],[97,0],[96,0],[0,96],[97,0],[0,-96],[0,-96],[0,-96],[0,-96],[0,-96],[0,-96],[97,0],[0,-97],[0,-96],[0,-96],[0,-96],[0,-96],[0,-96],[0,-96],[96,0],[0,-96],[97,0],[0,-97],[97,0],[96,0],[0,-96],[97,0],[97,0],[0,-96],[96,0],[0,-96],[0,-96],[97,0],[97,0],[0,-96],[96,0],[97,0],[0,-96],[97,0],[97,0],[0,-96],[96,0],[0,-97],[0,-96],[0,-96],[0,-96],[97,0],[0,-96],[0,-96],[0,-96],[-97,0],[0,-97],[97,0],[0,-96],[0,-96],[97,0],[0,96],[96,0],[97,0],[0,96],[97,0],[96,0],[97,0],[97,0],[96,0],[97,0],[0,-96],[97,0],[0,-96],[96,0],[0,-96],[97,0],[0,-96],[97,0],[0,-96],[97,0],[0,-96],[96,0],[0,-96],[97,0],[0,-97],[97,0],[0,-96],[96,0],[0,-96],[97,0],[0,-96],[97,0],[0,-96],[96,0],[0,-96],[97,0],[0,-96],[97,0],[0,-97],[96,0],[0,-96],[97,0],[0,-96],[97,0],[0,-96],[96,0],[0,-96],[97,0],[0,-96],[97,0],[0,-96],[97,0],[0,-96],[96,0],[0,-97],[97,0],[0,-96],[97,0],[0,-96],[96,0],[0,-96]],[[26492,87768],[97,0],[0,96],[-97,0],[0,-96]],[[24269,88152],[96,0],[0,96],[-96,0],[0,-96]],[[26009,88248],[97,0],[0,97]],[[26106,88345],[96,0],[0,96],[-96,0],[0,-96]],[[26106,88345],[-97,0],[0,-97]],[[22722,89210],[96,0],[0,96],[0,96],[-96,0],[0,96],[-97,0],[-97,0],[0,-96],[97,0],[0,-96],[97,0],[0,-96]],[[24945,90267],[97,0],[0,96],[-97,0],[0,-96]],[[25042,90460],[97,0],[0,96],[96,0],[0,96],[0,96],[0,96],[0,96],[-96,0],[-97,0],[0,-96],[0,-96],[0,-96],[0,-96],[0,-96]],[[24462,91613],[97,0],[0,96],[96,0],[97,0],[0,96],[0,96],[-97,0],[0,97],[0,96],[0,96],[0,96],[-96,0],[0,-96],[0,-96],[0,-96],[0,-97],[-97,0],[0,-96],[0,-96],[0,-96]],[[26492,91805],[97,0],[0,96],[-97,0],[0,-96]],[[26396,92478],[96,0],[0,96],[0,97],[0,96],[0,96],[0,96],[-96,0],[-97,0],[0,-96],[0,-96],[97,0],[0,-96],[0,-97],[0,-96]],[[24075,92671],[97,0],[0,96],[-97,0],[0,-96]],[[28813,92671],[97,0],[0,96],[-97,0],[0,-96]],[[23979,92959],[96,0],[0,96]],[[24075,93055],[97,0],[0,96],[-97,0],[0,-96]],[[24075,93055],[-96,0],[0,-96]],[[26299,93055],[97,0],[0,96],[-97,0],[0,-96]],[[26492,93055],[97,0],[0,96],[0,96],[0,96],[0,97],[-97,0],[0,96],[0,96],[0,96],[0,96],[97,0],[0,96],[0,96],[97,0],[0,96],[-97,0],[0,97],[-97,0],[0,96],[-96,0],[-97,0],[0,96],[-97,0],[-96,0]],[[26106,94401],[0,96],[0,96],[-97,0],[0,-96],[-97,0],[0,-96]],[[25912,94401],[-96,0],[0,-96],[96,0],[0,96]],[[25912,94401],[97,0],[97,0]],[[26106,94401],[0,-96],[0,-96],[96,0],[0,-97],[97,0],[0,-96],[0,-96],[97,0],[0,-96],[0,-96],[0,-96],[0,-96],[0,-96],[0,-97],[96,0],[0,-96],[0,-96],[0,-96]],[[27459,93247],[97,0],[0,96],[-97,0],[0,-96]],[[24269,93440],[96,0],[0,96],[-96,0]],[[24269,93536],[0,96],[-97,0],[0,-96],[97,0]],[[24269,93536],[0,-96]],[[24075,93728],[97,0],[0,96],[0,96],[-97,0],[0,-96],[0,-96]],[[23688,94209],[97,0],[0,96],[-97,0]],[[23688,94305],[0,96],[0,96],[0,96],[-96,0],[-97,0],[0,-96],[97,0],[0,-96],[0,-96],[96,0]],[[23688,94305],[0,-96]],[[25622,94497],[97,0],[0,96],[-97,0],[0,-96]],[[26589,94882],[97,0],[0,96],[-97,0]],[[26589,94978],[0,96],[-97,0],[0,-96],[97,0]],[[26589,94978],[0,-96]],[[26299,95170],[97,0],[0,96],[-97,0],[0,-96]],[[20111,96708],[97,0],[0,96],[-97,0],[0,-96]],[[19338,96804],[96,0],[0,96],[-96,0],[0,-96]],[[19144,97093],[97,0],[0,96],[-97,0],[0,-96]],[[20981,97189],[97,0],[0,96],[-97,0],[0,-96]],[[19241,97381],[97,0],[0,96],[-97,0]],[[19241,97477],[0,96],[-97,0],[0,-96],[97,0]],[[19241,97477],[0,-96]],[[18371,98246],[96,0],[0,96],[-96,0]],[[18371,98342],[0,96],[-97,0],[-97,0],[0,-96],[97,0],[97,0]],[[18371,98342],[0,-96]],[[17984,98438],[97,0],[0,97],[-97,0],[0,-97]],[[17791,98535],[96,0],[0,96],[0,96],[-96,0],[0,96],[0,96],[-97,0],[0,96],[-97,0],[-97,0],[0,96],[-96,0],[0,96],[0,97],[-97,0],[-97,0]],[[17210,99304],[0,96],[0,96],[-96,0],[-97,0],[-97,0],[0,-96],[97,0],[97,0],[0,-96],[96,0]],[[17210,99304],[0,-97],[97,0],[0,-96],[0,-96],[97,0],[0,-96],[96,0],[0,-96],[0,-96],[97,0],[97,0],[0,-96],[97,0],[0,-96]],[[22625,98535],[97,0],[96,0],[0,96],[-96,0],[0,96],[0,96],[0,96],[-97,0],[-97,0],[-96,0],[-97,0],[0,-96],[97,0],[0,-96],[96,0],[0,-96],[97,0],[0,-96]],[[18177,99015],[97,0],[0,96],[-97,0],[0,-96]],[[18177,99496],[97,0],[0,96],[97,0],[0,96],[-97,0],[0,96],[-97,0],[0,96],[-96,0],[-97,0],[0,-96],[97,0],[0,-96],[96,0],[0,-96],[0,-96]],[[17887,100073],[97,0],[97,0],[0,96],[-97,0],[-97,0],[0,-96]],[[17597,100265],[97,0],[0,96],[-97,0],[0,-96]],[[18177,101130],[97,0],[97,0],[96,0],[97,0],[97,0],[96,0],[97,0],[0,96],[0,96],[-97,0],[-96,0],[0,-96],[-97,0],[0,96],[-97,0],[0,96],[-96,0],[0,97],[-97,0],[0,-97],[0,-96],[0,-96],[-97,0],[0,-96]],[[18757,101803],[97,0],[0,96],[-97,0],[0,-96]],[[20304,102380],[97,0],[0,96],[-97,0],[0,-96]],[[19241,102860],[97,0],[96,0],[0,97],[-96,0],[-97,0],[0,-97]],[[44186,86999],[-96,0],[0,96],[-97,0],[0,96],[-97,0],[-96,0],[0,96],[-97,0],[0,96],[0,96],[97,0],[0,97],[-97,0],[-97,0],[0,-97],[-97,0],[0,-96],[0,-96],[-96,0],[-97,0],[0,96],[0,96],[-97,0],[-96,0],[0,97]],[[40512,90940],[97,0],[0,96],[0,96],[0,97],[0,96],[97,0],[0,96],[0,96],[0,96],[96,0],[97,0],[97,0],[96,0],[97,0],[0,-96],[97,0],[0,-96],[96,0],[0,-96],[97,0],[97,0],[0,96],[0,96],[96,0],[97,0],[0,-96],[97,0],[0,-96],[96,0],[97,0],[97,0],[97,0],[0,96],[96,0],[0,-96],[97,0],[97,0],[0,-96],[96,0],[0,-97],[97,0],[97,0],[96,0],[0,97],[0,96],[97,0],[0,96],[97,0],[96,0],[0,96]],[[43219,91517],[97,0],[97,0],[0,-96],[96,0],[97,0],[0,96],[0,96],[0,96],[0,96],[0,96],[97,0],[0,97],[97,0],[96,0]],[[43896,91998],[0,-97],[97,0],[0,-96],[0,-96],[97,0],[0,-96],[96,0],[0,-96],[97,0],[97,0],[0,-96],[96,0],[97,0],[97,0],[96,0]],[[44766,91421],[0,-96],[0,-96],[97,0],[0,-97],[97,0],[0,-96],[0,-96],[96,0],[0,-96],[97,0],[0,-96],[97,0],[0,-96],[0,-96],[0,-96],[-97,0],[0,-97],[0,-96],[0,-96],[0,-96],[0,-96],[0,-96],[-97,0],[0,-96],[0,-97],[0,-96],[0,-96],[97,0],[0,-96],[0,-96],[0,-96],[97,0],[0,-96],[0,-96],[-97,0],[-97,0],[0,-97],[97,0],[0,-96],[0,-96],[0,-96],[97,0],[0,-96]],[[45250,88537],[-97,0],[0,-96],[97,0],[0,-96],[0,-97],[97,0],[0,-96],[0,-96],[0,-96],[96,0],[0,-96],[0,-96],[-96,0],[0,-96],[-97,0],[-97,0],[0,-96],[0,-97],[-97,0],[0,-96],[-96,0],[0,-96],[-97,0],[-97,0],[0,96],[0,96],[-96,0],[0,97],[0,96],[0,96],[-97,0],[0,96],[-97,0],[0,96],[0,96],[0,96],[-96,0],[0,96],[0,97],[-97,0],[-97,0],[0,96],[-96,0],[0,96],[-97,0],[0,96],[0,96],[-97,0],[-96,0],[0,-96],[0,-96],[96,0],[0,-96],[0,-96],[-96,0],[0,-97],[96,0],[0,-96],[97,0],[0,-96],[97,0],[96,0],[0,-96],[0,-96],[-96,0],[0,-96],[-97,0],[0,-96],[97,0],[0,-96],[0,-97],[96,0],[0,-96],[0,-96],[0,-96],[97,0],[0,-96],[0,-96],[-97,0]],[[43123,91517],[0,96],[96,0],[0,-96]],[[43219,91517],[-96,0]],[[44766,91421],[0,96],[97,0],[97,0],[0,-96],[0,-96],[0,-96],[96,0],[97,0],[0,96],[0,96],[-97,0],[0,96],[97,0],[0,96],[97,0],[97,0],[0,96],[96,0],[0,96],[97,0],[0,96],[0,97],[97,0],[96,0],[0,96],[97,0],[97,0],[96,0],[0,96],[0,96],[0,96],[-96,0],[-97,0],[0,-96],[-97,0],[0,96],[-96,0],[0,96],[-97,0],[0,96],[-97,0],[0,97],[0,96],[97,0],[0,96],[97,0],[0,96],[96,0],[0,96],[97,0],[97,0],[0,96],[-97,0],[-97,0],[0,96],[-96,0],[0,96],[0,97],[0,96],[96,0],[0,96],[0,96],[97,0],[0,96],[0,96],[0,96],[0,96],[0,97],[-97,0],[0,96],[0,96],[-96,0],[-97,0],[0,-96],[-97,0],[0,96],[-96,0],[0,96],[-97,0],[-97,0],[0,-96],[-97,0]],[[45056,94401],[0,96],[0,96],[0,96],[97,0],[0,96],[0,97],[97,0],[0,96],[97,0],[96,0],[97,0],[97,0],[0,-96],[0,-97],[96,0],[97,0],[0,97],[97,0],[96,0],[0,96],[0,96],[0,96],[0,96],[0,96],[0,96],[97,0],[0,96],[0,97],[0,96],[97,0],[0,96],[0,96],[0,96],[0,96],[96,0],[0,96],[0,97],[0,96],[0,96],[-96,0],[-97,0],[-97,0],[-96,0],[0,96],[0,96],[0,96],[0,96],[0,96],[0,97],[96,0],[0,96],[97,0],[0,96],[97,0],[96,0],[97,0],[0,96],[-97,0],[0,96],[-96,0],[0,96],[96,0],[0,96],[0,96]],[[46313,97765],[97,0],[97,0],[0,-96],[96,0],[0,-96],[97,0],[0,-96],[0,-96],[97,0],[0,-96],[97,0],[96,0],[0,-96],[97,0],[97,0]],[[47184,97189],[0,-96],[0,-97],[96,0],[0,-96],[0,-96],[0,-96],[97,0],[0,-96],[0,-96],[97,0],[0,-96],[96,0],[0,-96],[0,-97],[97,0],[0,-96],[0,-96],[97,0],[0,-96],[0,-96],[96,0],[0,-96],[0,-96],[97,0],[0,-97],[0,-96],[97,0],[0,-96],[0,-96],[96,0],[0,-96],[97,0],[0,-96],[97,0],[0,-96],[97,0],[0,-96],[0,-97],[0,-96],[96,0],[0,-96],[97,0],[97,0],[0,-96],[96,0],[0,-96],[0,-96],[97,0],[0,-96],[0,-97],[97,0],[0,-96],[0,-96],[96,0],[0,-96],[97,0],[0,-96],[0,-96],[97,0],[0,-96],[0,-96],[0,-97],[0,-96],[0,-96],[-97,0],[0,-96],[0,-96],[0,-96],[0,-96],[0,-96],[0,-97],[97,0],[96,0],[97,0],[97,0],[0,-96],[0,-96],[96,0],[97,0]],[[49794,92382],[0,-96],[-97,0],[0,-96],[0,-96],[0,-96],[-96,0],[0,-97],[0,-96],[-97,0],[0,-96],[0,-96],[-97,0],[-96,0],[-97,0],[0,96],[-97,0],[-96,0],[0,-96],[0,-96],[0,-96],[-97,0],[0,-96],[97,0],[0,-96],[0,-97],[0,-96],[96,0],[0,-96],[0,-96],[-96,0],[-97,0],[-97,0],[0,96],[-96,0],[0,96],[0,96],[0,97],[-97,0],[0,96],[0,96],[-97,0],[0,-96],[0,-96],[-96,0],[0,-97],[-97,0],[0,-96],[97,0],[0,-96],[0,-96],[0,-96],[0,-96],[0,-96],[-97,0],[0,-96],[0,-97],[0,-96],[-97,0],[0,-96],[-97,0],[0,96],[-96,0],[-97,0],[-97,0],[0,-96],[0,-96],[0,-96],[-96,0],[-97,0],[0,96],[-97,0],[-96,0],[0,-96],[-97,0],[-97,0],[-96,0],[0,-96],[-97,0],[-97,0],[-96,0],[-97,0],[-97,0],[0,96],[-97,0],[0,96],[-96,0],[0,-96],[-97,0],[0,-96],[0,-96],[0,-97],[0,-96],[97,0],[0,-96],[0,-96],[0,-96],[-97,0],[-97,0],[-96,0],[0,96],[-97,0],[0,96],[-97,0],[0,-96],[0,-96],[0,-96],[-96,0],[0,-96],[-97,0],[-97,0],[0,-96],[0,-97],[0,-96],[-96,0],[0,-96],[-97,0],[0,-96],[-97,0],[0,-96],[-96,0],[-97,0]],[[47570,89690],[0,97],[97,0],[0,-97],[-97,0]],[[50278,89979],[-97,0],[0,96],[0,96],[0,96],[97,0],[0,96],[0,97],[96,0],[0,96],[0,96],[0,96],[0,96],[0,96],[0,96],[0,96],[-96,0],[0,97],[0,96],[-97,0],[0,96],[0,96],[0,96],[0,96],[0,96],[97,0],[0,96],[96,0],[0,97],[97,0],[97,0],[0,-97],[96,0],[0,-96],[97,0],[0,-96],[0,-96],[0,-96],[0,-96],[0,-96],[0,-96],[0,-97],[0,-96],[0,-96],[0,-96],[0,-96],[0,-96],[-97,0],[0,-96],[-96,0],[0,-96],[0,-97],[0,-96],[-97,0],[0,-96],[0,-96],[-97,0],[0,-96],[-96,0]],[[47957,90460],[97,0],[96,0],[0,96],[0,96],[0,96],[-96,0]],[[48054,90748],[0,96],[-97,0],[0,96],[-97,0],[0,96],[-96,0],[0,-96],[0,-96],[96,0],[0,-96],[97,0]],[[47957,90748],[0,-96],[0,-96],[0,-96]],[[47667,91517],[97,0],[0,96],[96,0],[97,0],[0,96],[-97,0]],[[47860,91709],[0,96],[0,96],[0,97],[0,96],[0,96]],[[47860,92190],[0,96],[-96,0]],[[47764,92286],[-97,0],[-97,0],[0,-96],[0,-96]],[[47570,92094],[-96,0],[0,-96]],[[47474,91998],[0,-97],[-97,0],[-97,0],[0,97],[-96,0],[-97,0]],[[47087,91998],[-97,0],[-96,0],[0,-97],[0,-96],[96,0],[97,0],[97,0]],[[47184,91805],[0,-96],[96,0],[97,0],[97,0],[0,96],[96,0],[0,-96],[97,0],[0,-96],[0,-96]],[[47570,91901],[0,97]],[[47570,91998],[97,0],[0,-97],[-97,0]],[[49311,92094],[96,0],[0,96]],[[49407,92190],[97,0],[0,96],[-97,0],[0,-96]],[[49407,92190],[-96,0],[0,-96]],[[46217,93824],[96,0],[0,96],[-96,0],[0,-96]],[[46217,97765],[0,97]],[[46217,97862],[96,0],[0,-97]],[[46313,97765],[-96,0]],[[47957,90748],[97,0]],[[47764,91709],[0,96],[0,96],[0,97],[0,96],[0,96]],[[47764,92190],[96,0]],[[47860,91709],[-96,0]],[[47087,91998],[0,-97],[97,0],[0,-96]],[[47570,92094],[0,-96]],[[47570,91998],[-96,0]],[[47764,92286],[0,-96]],[[47764,92190],[-97,0],[0,-96],[-97,0]],[[38578,93055],[97,0],[0,96],[97,0],[96,0],[0,96],[97,0],[97,0],[0,96],[97,0],[96,0],[0,97],[97,0],[97,0],[0,96],[96,0],[97,0],[97,0],[0,96],[96,0],[97,0],[0,96],[97,0],[96,0],[0,96],[97,0],[97,0],[0,96]],[[40319,93920],[96,0],[97,0],[0,96],[97,0],[97,0],[96,0],[97,0],[0,96],[97,0],[0,97],[96,0],[97,0],[0,96],[97,0],[96,0],[0,96],[97,0],[97,0],[0,96],[0,96],[0,96],[96,0],[97,0],[0,-96],[97,0],[0,96],[96,0]],[[41962,94689],[97,0],[97,0],[0,-96],[97,0],[0,-96],[0,-96],[96,0],[97,0],[0,-96],[97,0],[0,-96],[96,0],[97,0],[97,0],[0,-97],[96,0],[0,-96],[0,-96],[97,0],[0,-96],[97,0],[0,-96],[96,0],[0,-96],[97,0]],[[43316,93632],[0,-96],[97,0],[0,-96],[96,0],[0,-97],[0,-96],[97,0],[0,-96],[0,-96],[97,0],[0,-96],[0,-96],[0,-96],[0,-96],[97,0],[0,-97],[0,-96],[0,-96],[96,0],[0,-96],[0,-96],[0,-96],[0,-96]],[[43316,93632],[0,96],[0,96],[97,0],[96,0],[97,0],[97,0],[97,0],[96,0],[0,-96],[97,0],[97,0],[0,96],[96,0],[0,96],[97,0],[0,96],[97,0],[0,96],[0,97],[96,0],[0,-97],[97,0],[97,0],[96,0],[97,0],[97,0],[0,97],[0,96],[0,96],[96,0]],[[31327,92286],[0,96],[96,0],[0,96],[0,96],[97,0],[0,97],[0,96],[97,0],[0,96],[-97,0],[0,96],[0,96],[-97,0],[0,96],[-96,0],[0,96],[-97,0],[0,96],[0,97],[-97,0],[0,96],[0,96],[0,96],[-96,0],[0,96],[0,96],[-97,0],[0,96],[0,96],[-97,0],[0,97],[0,96],[0,96],[-96,0],[0,96],[0,96],[0,96],[-97,0],[0,96],[0,97],[-97,0],[0,96],[0,96],[0,96],[0,96],[0,96],[-96,0],[0,96],[-97,0],[0,96],[0,97],[-97,0],[0,96],[0,96],[-96,0],[0,96],[0,96],[0,96],[96,0],[0,96],[0,97],[0,96],[97,0],[0,96],[97,0],[0,96]],[[30457,96612],[96,0],[97,0],[97,0],[96,0],[97,0],[97,0],[96,0],[97,0],[97,0],[96,0],[0,96],[0,96],[0,96],[97,0],[0,96],[0,97],[97,0],[97,0],[0,96],[96,0],[97,0],[97,0],[0,96],[96,0],[97,0],[97,0],[0,96],[96,0],[97,0],[97,0],[0,96],[96,0],[97,0],[97,0],[0,96],[97,0],[96,0],[97,0],[0,96],[97,0],[0,96],[96,0],[97,0],[97,0],[96,0],[97,0],[0,97],[97,0],[96,0],[97,0],[0,96],[97,0],[96,0],[97,0],[0,96],[97,0],[97,0],[96,0],[0,96],[97,0],[97,0],[0,96],[96,0],[0,96],[0,96],[97,0]],[[35001,98438],[97,0],[0,-96],[96,0],[97,0],[0,96],[97,0],[0,97],[96,0],[0,-97],[97,0],[0,-96],[0,-96],[-97,0],[0,-96],[-96,0],[0,-96],[96,0],[97,0],[0,-96],[97,0],[0,-96],[96,0],[0,-97],[97,0],[0,-96],[97,0],[97,0],[0,-96],[96,0],[0,-96],[97,0],[0,-96],[0,-96],[97,0],[0,-96],[96,0],[97,0],[97,0],[0,-96],[96,0],[0,96],[97,0],[97,0],[96,0],[0,96],[97,0],[97,0],[96,0],[97,0],[97,0],[0,-96],[97,0],[0,-96],[0,-97],[0,-96],[0,-96],[-97,0],[-97,0],[0,-96],[0,-96],[97,0],[0,-96],[97,0],[0,-96],[96,0],[0,-96],[97,0],[0,-97],[97,0],[0,-96],[96,0],[0,-96],[97,0],[0,-96],[97,0],[0,-96],[96,0],[0,-96],[97,0],[0,-96],[97,0],[0,-97],[96,0],[0,-96],[97,0],[0,-96],[97,0],[96,0],[0,-96],[97,0],[0,-96],[97,0],[0,-96],[97,0],[0,-96],[96,0],[0,-96],[97,0],[0,-97],[97,0],[0,-96],[96,0],[0,-96],[97,0],[0,-96],[97,0],[0,-96],[96,0],[0,-96],[97,0],[0,-96],[97,0],[0,-97],[96,0],[0,-96],[97,0],[0,-96],[97,0]],[[32777,92094],[97,0],[97,0],[0,96],[-97,0],[-97,0],[0,-96]],[[38095,93632],[97,0],[0,96],[-97,0],[0,-96]],[[32680,95554],[97,0],[0,97],[-97,0],[0,-97]],[[22335,101707],[0,96],[-97,0]],[[22238,101803],[0,96],[-97,0]],[[21078,103149],[97,0],[96,0],[97,0],[0,-96],[97,0],[96,0],[97,0],[97,0],[0,-96],[96,0],[97,0],[97,0],[0,-97],[96,0],[97,0],[97,0],[97,0],[0,-96],[96,0],[97,0],[97,0],[0,-96],[96,0],[97,0],[97,0],[96,0],[0,-96],[97,0],[97,0],[0,-96],[96,0],[97,0],[97,0],[0,-96],[96,0],[97,0],[97,0],[0,-96],[97,0],[96,0],[0,-96],[97,0],[97,0],[96,0],[0,-97],[97,0],[97,0],[0,-96],[96,0],[97,0],[0,-96],[97,0],[0,-96],[96,0],[0,-96],[97,0],[0,-96],[97,0],[96,0],[0,-96],[97,0],[0,-97],[97,0],[0,-96],[97,0],[0,-96],[96,0],[0,-96],[97,0],[97,0],[0,-96],[96,0],[0,-96],[97,0],[0,-96],[97,0],[0,-96],[96,0],[97,0],[0,-97],[97,0],[0,-96],[96,0],[0,-96],[97,0],[0,-96],[97,0],[0,-96],[96,0],[0,-96],[97,0],[0,-96],[0,-96],[97,0],[0,-97],[97,0],[0,-96],[0,-96],[96,0],[0,-96],[0,-96],[97,0],[0,-96],[0,-96],[97,0],[0,-97],[96,0],[0,-96],[0,-96],[97,0],[0,-96],[0,-96],[97,0],[0,-96],[0,-96],[96,0],[97,0],[0,-96],[97,0],[0,-97],[96,0],[0,-96],[97,0],[0,-96],[97,0],[96,0],[0,-96],[97,0],[0,-96],[97,0],[0,-96],[97,0],[96,0],[0,-96],[97,0],[0,-97],[97,0],[96,0],[97,0],[0,-96],[97,0],[96,0],[97,0],[0,-96],[97,0],[96,0],[0,-96],[97,0],[97,0],[96,0],[0,-96],[97,0],[0,-96],[97,0],[0,-96],[97,0],[0,-96],[0,-97],[96,0],[0,-96],[97,0],[0,-96],[97,0],[0,-96],[0,-96]],[[29490,95170],[96,0],[0,96],[0,96],[-96,0],[0,-96],[0,-96]],[[27749,95651],[97,0],[0,96],[-97,0],[0,-96]],[[27459,96516],[97,0],[0,96],[0,96],[-97,0],[0,96],[-96,0],[0,96],[-97,0]],[[27266,96900],[0,96],[-97,0]],[[27169,96996],[0,97],[-96,0],[0,-97],[96,0]],[[27169,96996],[0,-96],[97,0]],[[27266,96900],[0,-96],[0,-96],[97,0],[0,-96],[96,0],[0,-96]],[[47184,97189],[96,0],[97,0],[97,0],[96,0],[97,0],[97,0],[96,0],[0,-96],[97,0],[0,96],[97,0],[96,0],[97,0],[97,0],[97,0]],[[48441,97189],[0,-96],[96,0],[0,96],[-96,0]],[[48441,97189],[0,96],[96,0],[0,96],[97,0],[97,0],[0,96],[96,0],[97,0],[0,96],[97,0],[0,96],[-97,0],[0,96],[0,97],[97,0],[0,96],[0,96],[96,0],[97,0],[0,96],[0,96],[0,96],[97,0],[96,0],[0,96],[97,0],[97,0],[0,97],[0,96],[96,0],[97,0],[97,0],[0,-96],[97,0],[0,-97],[96,0],[0,-96],[97,0],[97,0],[0,-96],[0,-96],[96,0],[0,-96],[97,0],[0,-96],[0,-96],[97,0],[0,-97],[96,0],[0,-96],[97,0],[97,0],[0,96],[96,0],[97,0],[0,97],[97,0],[0,-97],[0,-96],[96,0],[0,-96],[97,0],[0,-96],[0,-96],[0,-96],[0,-96],[97,0],[0,-96],[0,-97],[97,0]],[[51535,96996],[0,-96],[0,-96],[0,-96],[-97,0],[0,-96],[0,-96],[-97,0],[0,-96],[0,-96],[-97,0],[0,-97],[0,-96],[-96,0],[-97,0],[0,96],[-97,0],[0,-96],[-96,0],[0,-96],[0,-96],[0,-96],[0,-96],[-97,0],[0,-96],[-97,0],[-96,0],[0,-97],[0,-96],[-97,0],[0,-96],[97,0],[0,-96],[0,-96],[0,-96],[0,-96],[0,-96],[0,-97],[-97,0],[0,-96],[0,-96],[0,-96],[0,-96],[-97,0],[0,-96],[0,-96],[0,-97],[0,-96],[0,-96],[0,-96],[0,-96],[0,-96],[-96,0],[-97,0],[0,-96],[0,-96],[0,-97],[-97,0],[0,-96],[-96,0],[-97,0],[0,-96],[97,0],[0,-96],[0,-96],[0,-96],[0,-96],[-97,0],[0,-96],[0,-97],[0,-96],[0,-96],[-97,0]],[[41962,94689],[0,96],[0,97],[-96,0],[0,96],[0,96],[0,96],[0,96],[96,0],[97,0],[0,96],[-97,0],[0,96],[-96,0],[0,96],[-97,0],[0,97],[-97,0],[-96,0],[0,96],[-97,0],[0,-96],[-97,0],[0,96],[0,96],[-96,0],[0,96],[0,96],[0,96],[0,96],[0,97],[-97,0],[0,96],[0,96],[0,96],[0,96],[0,96],[-97,0],[0,96],[0,96],[0,97],[0,96],[-96,0],[0,96],[0,96],[0,96],[0,96],[0,96],[-97,0],[0,96],[0,97],[0,96],[97,0],[0,96],[0,96],[0,96],[96,0],[0,96],[0,96],[0,97],[97,0],[0,96],[0,96],[0,96],[97,0],[0,96],[0,96],[0,96],[96,0],[0,96],[0,97],[0,96],[0,96],[97,0],[0,96],[0,96],[0,96],[97,0],[0,96],[0,97],[0,96],[96,0],[0,96],[0,96],[0,96],[97,0],[0,96],[0,96],[0,96],[97,0],[0,97],[0,96],[0,96],[0,96],[96,0],[0,96],[0,96],[0,96],[97,0],[0,96],[0,97],[0,96],[97,0]],[[42156,101611],[97,0],[0,-96],[96,0],[0,-97],[97,0],[0,-96],[97,0]],[[42543,101322],[0,-96],[0,-96],[96,0],[0,-96],[0,-96],[0,-96],[97,0],[0,-96],[0,-97],[97,0],[0,-96],[96,0],[0,-96],[97,0],[0,-96],[97,0],[0,-96],[96,0],[97,0],[97,0],[0,-96],[96,0],[97,0],[97,0],[97,0],[96,0],[0,-96],[97,0],[97,0],[0,-96],[96,0],[0,-97],[97,0],[0,-96],[97,0],[96,0],[0,-96],[97,0],[0,-96],[0,-96],[0,-96],[97,0],[0,-96],[0,-97],[0,-96],[96,0],[97,0],[0,-96],[97,0],[0,-96],[96,0],[0,96],[97,0],[0,-96],[97,0],[0,-96],[97,0],[0,-96],[0,-96],[96,0],[0,-96],[97,0],[0,-97],[97,0],[96,0],[0,-96],[97,0],[0,96],[97,0],[0,-96],[96,0],[0,-96],[0,-96],[97,0],[0,-96],[0,-96],[0,-96],[97,0]],[[35001,98438],[0,97],[0,96],[-97,0],[0,96],[0,96],[-96,0],[0,96],[0,96],[-97,0],[0,96],[0,96],[-97,0],[0,97],[0,96],[0,96],[97,0],[0,96],[97,0],[0,96],[-97,0],[0,96],[0,96],[0,97],[0,96],[-97,0],[-96,0],[0,96],[-97,0],[-97,0],[0,-96],[-97,0],[-96,0],[0,96],[0,96],[-97,0],[0,96],[0,96],[0,96],[0,96],[97,0],[0,97]],[[34131,100746],[96,0],[0,96],[97,0],[0,96],[97,0],[0,96],[97,0],[0,96],[96,0],[0,96],[97,0],[0,96],[0,96],[97,0],[0,97],[96,0],[0,96],[97,0],[0,96],[97,0],[0,96],[-97,0],[0,96],[0,96],[97,0],[0,96],[96,0],[0,97],[97,0],[0,96],[97,0],[0,96],[0,96],[96,0],[0,96],[97,0],[0,96],[97,0],[0,96],[96,0],[0,96],[0,97],[-96,0],[0,96],[0,96],[0,96],[0,96],[0,96],[0,96],[0,96],[0,97],[0,96],[96,0],[0,96],[0,96],[97,0],[0,96]],[[35871,104110],[97,0],[97,0],[96,0],[0,96],[97,0],[0,96],[-97,0],[0,97],[-96,0],[-97,0],[0,96],[97,0],[0,96],[0,96],[0,96],[96,0],[0,96],[0,96],[97,0],[0,96],[0,97],[0,96],[97,0],[0,96],[0,96],[96,0],[0,96],[0,96],[0,96],[97,0],[0,97],[0,96],[97,0],[0,96],[0,96],[0,96],[96,0],[0,96]],[[36741,106321],[97,0],[0,-96],[97,0],[96,0],[0,-96],[97,0],[0,-96],[97,0],[96,0],[0,-96],[97,0],[0,-96],[97,0],[0,-97],[97,0],[0,-96],[96,0],[0,-96],[97,0],[0,-96],[97,0],[0,-96],[96,0],[0,-96],[97,0],[0,-96],[97,0],[0,-97],[96,0],[0,-96],[97,0],[0,-96],[97,0],[0,-96],[96,0],[0,-96],[97,0],[97,0],[96,0],[0,-96],[-96,0],[0,-96],[96,0],[0,-96],[97,0],[0,-97],[97,0],[0,-96],[97,0],[0,-96],[96,0],[0,-96],[97,0],[0,-96],[97,0],[0,-96],[96,0],[0,-96],[97,0]],[[39642,103726],[0,-97],[97,0],[0,-96],[96,0],[97,0],[0,-96],[97,0],[0,-96],[96,0],[97,0],[0,-96],[97,0],[0,-96],[96,0],[97,0],[0,-96],[97,0],[0,-96],[97,0],[96,0],[0,-97],[97,0],[0,-96],[97,0],[96,0],[0,-96],[97,0],[0,-96],[97,0],[96,0],[0,-96],[97,0],[0,-96],[97,0],[96,0],[0,-96],[97,0],[0,-96],[97,0],[96,0],[0,-97],[97,0],[0,-96],[97,0],[97,0],[0,-96],[-97,0],[0,-96],[0,-96],[0,-96]],[[39352,99304],[97,0],[96,0],[97,0],[0,96],[-97,0],[0,96]],[[39545,99496],[97,0],[0,96],[0,96],[-97,0],[0,-96],[0,-96]],[[39545,99496],[-96,0],[0,96],[0,96],[-97,0],[0,-96],[0,-96],[0,-96],[0,-96]],[[19338,104687],[0,96],[0,96],[0,96],[0,96],[96,0],[0,97],[0,96],[0,96],[0,96],[0,96],[0,96],[97,0],[0,96],[0,97],[0,96],[0,96],[0,96],[97,0],[0,96],[96,0],[0,96],[97,0],[0,96],[97,0],[0,96],[96,0],[0,97],[97,0],[0,96],[0,96],[0,96],[0,96],[0,96],[0,96],[0,96],[0,97],[0,96],[0,96],[0,96],[0,96],[0,96],[0,96],[0,97],[0,96]],[[20111,108148],[97,0],[96,0],[97,0],[0,-96],[97,0],[96,0],[0,-97],[97,0],[97,0],[97,0],[0,-96],[96,0],[97,0],[97,0],[96,0],[97,0],[97,0],[96,0],[97,0],[0,96],[97,0],[96,0],[97,0],[97,0],[0,-96],[96,0],[0,-96],[97,0],[97,0],[0,-96],[97,0],[0,96],[96,0],[97,0],[97,0]],[[22722,107763],[0,-96],[96,0],[97,0],[97,0],[0,96]],[[23012,107763],[96,0],[97,0],[0,96],[97,0],[96,0]],[[23398,107859],[97,0]],[[23495,107859],[97,0],[0,-96],[96,0],[97,0],[97,0],[97,0],[96,0],[97,0],[97,0],[96,0],[97,0],[97,0],[96,0],[97,0],[97,0],[96,0],[97,0],[97,0],[0,-96],[96,0],[97,0],[97,0],[97,0],[96,0],[97,0],[0,-96],[97,0],[96,0],[0,-96],[97,0],[97,0],[0,-96],[96,0],[97,0],[0,-97],[97,0],[96,0],[0,-96],[97,0],[97,0],[0,-96],[96,0],[97,0],[0,-96],[97,0],[97,0],[0,-96],[96,0],[97,0],[0,-96],[97,0],[96,0],[0,-96],[97,0],[0,-96],[97,0],[0,-97],[96,0],[0,-96],[0,-96],[97,0],[0,-96],[97,0],[0,-96],[0,-96],[96,0],[0,-96],[97,0],[0,-96],[97,0],[0,-97],[0,-96],[96,0],[0,-96],[97,0],[0,-96],[97,0],[0,-96],[0,-96],[97,0],[0,-96],[96,0],[0,-97],[0,-96],[97,0],[0,-96],[97,0],[0,-96],[96,0],[0,-96],[0,-96],[97,0],[0,-96],[97,0],[0,-96],[96,0],[0,-97],[0,-96],[97,0],[0,-96],[97,0],[0,-96],[0,-96],[96,0],[0,-96],[97,0],[0,-96],[97,0],[0,-97],[96,0],[0,-96],[97,0],[97,0],[0,-96],[97,0],[0,-96],[96,0],[97,0],[0,-96],[97,0],[0,-96],[96,0],[0,-96],[97,0],[97,0],[0,-96],[96,0],[0,-97],[97,0],[97,0],[0,-96],[96,0],[0,-96],[97,0],[0,-96],[97,0],[96,0],[0,-96],[97,0],[0,-96],[97,0],[0,-96],[97,0],[96,0],[0,-96],[97,0],[0,-97],[97,0],[96,0],[0,-96],[97,0],[0,-96],[97,0],[0,-96],[96,0],[97,0],[0,-96],[97,0],[0,-96],[96,0],[97,0],[0,-96],[97,0],[0,-97],[97,0],[0,-96],[96,0],[97,0],[0,-96],[0,-96],[0,-96],[0,-96],[97,0],[96,0],[97,0],[97,0],[96,0],[97,0],[97,0],[96,0],[97,0],[0,-96],[97,0],[0,-96]],[[29876,99304],[97,0],[0,96],[0,96],[-97,0],[0,96],[-96,0],[0,-96],[0,-96],[96,0],[0,-96]],[[28523,99784],[97,0],[0,96],[0,97],[-97,0]],[[28523,99977],[0,96],[-97,0],[0,-96],[97,0]],[[28523,99977],[0,-97],[0,-96]],[[29200,99880],[96,0],[0,97],[-96,0],[0,-97]],[[28329,100265],[97,0],[97,0],[0,96],[-97,0],[0,96],[-97,0],[0,96],[-96,0]],[[28233,100553],[0,96],[-97,0]],[[28136,100649],[0,97],[-97,0]],[[28039,100746],[0,96],[0,96],[-96,0],[0,96],[-97,0]],[[27846,101034],[0,96],[-97,0],[0,-96],[97,0]],[[27846,101034],[0,-96],[0,-96],[97,0],[0,-96],[96,0]],[[28039,100746],[0,-97],[97,0]],[[28136,100649],[0,-96],[97,0]],[[28233,100553],[0,-96],[0,-96],[96,0],[0,-96]],[[27459,101322],[97,0],[0,96],[-97,0],[0,-96]],[[26976,101515],[97,0],[0,96],[-97,0],[0,-96]],[[25429,101707],[97,0],[0,96],[-97,0],[0,-96]],[[29780,102188],[96,0],[97,0],[97,0],[0,96],[-97,0],[-97,0],[-96,0],[0,-96]],[[29006,103149],[97,0],[0,96],[-97,0]],[[29006,103245],[0,96],[-96,0],[0,-96],[96,0]],[[29006,103245],[0,-96]],[[23398,103437],[97,0],[0,96],[-97,0]],[[23398,103533],[0,96],[-96,0]],[[23302,103629],[0,97],[-97,0],[0,-97],[97,0]],[[23302,103629],[0,-96],[96,0]],[[23398,103533],[0,-96]],[[28813,103437],[97,0],[0,96],[-97,0]],[[28813,103533],[0,96],[-97,0],[0,-96],[97,0]],[[28813,103533],[0,-96]],[[28620,103822],[96,0],[0,96],[0,96],[-96,0],[0,-96],[0,-96]],[[25816,105264],[96,0],[0,96],[-96,0],[0,-96]],[[22528,105744],[97,0],[0,97],[-97,0]],[[22528,105841],[0,96],[0,96],[0,96],[-96,0],[-97,0],[-97,0],[0,-96],[97,0],[0,-96],[97,0],[0,-96],[96,0]],[[22528,105841],[0,-97]],[[42543,101322],[0,96],[96,0],[97,0],[97,0],[0,97],[96,0],[0,96],[0,96],[97,0],[97,0],[96,0],[97,0],[0,-96],[97,0],[96,0],[97,0],[97,0],[0,-96],[97,0],[96,0],[0,96],[97,0],[97,0],[96,0],[97,0],[97,0],[96,0],[97,0],[97,0],[0,-96],[0,-97],[96,0],[0,-96],[97,0],[0,-96],[97,0],[0,-96],[96,0],[0,-96],[97,0],[0,-96],[97,0],[0,-96],[97,0],[0,-96],[96,0],[97,0],[97,0],[96,0],[97,0],[97,0],[0,96],[96,0],[0,96],[-96,0],[0,96],[0,96],[-97,0],[0,96],[-97,0],[0,96],[-96,0],[0,96],[0,97],[0,96],[0,96],[96,0],[0,96],[0,96],[97,0],[0,96],[0,96],[97,0],[96,0],[0,97],[0,96],[0,96],[-96,0],[0,96],[0,96],[96,0],[97,0],[97,0],[96,0],[0,96],[0,96],[0,96],[-96,0],[0,97],[-97,0],[-97,0],[0,96],[0,96],[-96,0],[0,96],[-97,0],[0,96],[-97,0],[0,96],[-96,0],[-97,0],[0,96],[97,0],[0,96],[0,97],[0,96],[-97,0],[-97,0],[0,96],[-96,0],[0,96],[-97,0],[0,96],[-97,0],[0,96],[-97,0],[-96,0],[0,96],[-97,0],[-97,0],[0,97],[-96,0],[-97,0],[0,96],[-97,0],[-96,0],[0,96],[0,96],[-97,0],[0,96],[-97,0],[0,96],[0,96],[-96,0],[0,96],[-97,0],[0,97],[-97,0],[0,96],[0,96],[-96,0],[0,96],[-97,0],[0,96],[0,96],[0,96],[-97,0],[0,97],[-97,0],[-96,0],[0,96],[0,96],[-97,0],[0,96],[-97,0],[0,96]],[[43219,106225],[0,96],[97,0],[0,96],[97,0],[0,96],[0,97],[96,0],[0,96],[0,96],[97,0],[0,96],[97,0],[0,96],[0,96],[97,0],[0,96],[0,96],[96,0],[0,97],[0,96],[97,0],[0,96],[0,96],[97,0],[0,96],[0,96],[96,0],[0,96],[97,0],[0,97],[0,96],[97,0],[0,96],[0,96]],[[44380,108340],[96,0],[0,-96],[97,0],[97,0],[96,0],[0,-96],[97,0],[97,0],[96,0],[97,0],[0,-96],[97,0],[97,0],[96,0],[0,-97],[97,0],[97,0],[96,0],[0,-96],[97,0],[97,0],[0,-96],[96,0],[97,0],[97,0],[0,-96],[96,0],[97,0],[97,0],[0,-96],[96,0],[97,0],[97,0],[0,-96],[97,0],[96,0],[0,-96],[97,0],[97,0],[96,0],[0,-97],[97,0],[97,0],[96,0],[0,-96],[97,0],[97,0],[0,-96],[96,0],[97,0],[97,0],[0,-96],[96,0],[97,0],[97,0],[0,-96],[97,0],[96,0],[97,0],[0,-96],[97,0],[96,0],[97,0],[97,0],[96,0],[97,0],[0,-96],[97,0],[96,0],[97,0],[97,0],[96,0],[97,0],[97,0],[97,0],[0,-96],[96,0],[97,0],[97,0],[96,0],[97,0],[97,0],[96,0],[0,-97],[97,0],[97,0],[0,-96],[96,0],[0,-96],[97,0],[0,-96],[97,0],[96,0],[0,-96],[97,0],[97,0],[0,-96],[97,0],[0,-96],[96,0],[97,0],[0,-96],[97,0],[96,0],[0,-97],[97,0],[0,-96],[97,0],[0,-96],[96,0]],[[52211,105552],[0,-96],[-96,0],[-97,0],[-97,0],[-96,0]],[[51825,105456],[0,96],[-97,0],[0,-96],[97,0]],[[51825,105456],[0,-96],[96,0],[97,0],[97,0],[96,0],[0,-96],[0,-96],[0,-97],[-96,0],[0,-96],[-97,0],[-97,0],[-96,0],[-97,0],[-97,0],[0,-96],[0,-96],[-96,0],[0,-96],[-97,0],[0,-96],[97,0],[0,-96],[96,0],[0,-96],[0,-97],[-96,0],[-97,0],[-97,0],[0,97],[-97,0],[0,-97],[-96,0],[0,-96],[-97,0],[-97,0],[0,-96],[0,-96],[97,0],[0,-96],[0,-96],[97,0],[0,-96],[96,0],[0,-97],[0,-96],[0,-96],[0,-96],[-96,0],[-97,0],[0,96],[0,96],[-97,0],[-96,0],[0,-96],[96,0],[0,-96],[0,-96],[-96,0],[-97,0],[-97,0],[0,-96],[97,0],[0,-96],[0,-96],[-97,0],[0,-97],[0,-96],[0,-96],[-96,0]],[[50568,102668],[0,96],[-97,0],[0,-96],[97,0]],[[50568,102668],[0,-96],[0,-96],[0,-96],[96,0],[97,0],[0,96],[97,0],[96,0],[97,0],[97,0],[96,0],[0,-96],[97,0],[0,-96],[97,0],[0,-96],[0,-97],[0,-96],[-97,0],[-97,0],[-96,0],[-97,0],[0,-96],[97,0],[0,-96],[96,0],[0,-96],[97,0],[0,-96],[97,0],[0,-96],[0,-97],[0,-96],[0,-96],[0,-96],[-97,0],[-97,0]],[[51244,101130],[0,96],[-96,0]],[[51148,101226],[0,96],[-97,0],[0,-96],[97,0]],[[51148,101226],[0,-96],[96,0]],[[51244,101130],[0,-96],[0,-96],[0,-96],[97,0],[0,-96],[0,-97],[97,0],[97,0],[0,-96],[96,0],[0,96],[97,0],[97,0],[96,0],[97,0],[0,-96],[0,-96],[97,0],[0,-96],[0,-96],[96,0],[0,96],[0,96],[97,0],[97,0],[0,-96],[96,0],[0,-96],[0,-96],[0,-96],[0,-96],[97,0],[97,0],[96,0],[0,-97],[97,0],[0,-96],[0,-96],[-97,0],[-96,0],[0,-96],[-97,0],[-97,0],[0,-96],[0,-96],[0,-96],[97,0],[0,-97],[-97,0],[0,-96],[97,0],[97,0],[0,96],[0,97],[96,0],[97,0],[0,96],[97,0],[97,0],[0,-96],[0,-97],[96,0],[0,-96],[0,-96],[0,-96],[0,-96],[-96,0],[-97,0],[0,-96],[-97,0],[0,-96],[-97,0],[0,-96],[0,-97],[0,-96],[0,-96],[-96,0],[-97,0],[0,-96],[0,-96],[0,-96],[0,-96],[-97,0],[-96,0],[0,-97],[0,-96],[0,-96],[-97,0],[-97,0],[0,-96],[-96,0],[0,-96],[0,-96],[0,-96],[-97,0],[-97,0],[-96,0],[0,-96],[-97,0],[0,96],[-97,0],[0,-96],[-96,0],[0,-97]],[[47860,97862],[97,0],[0,96],[0,96],[0,96],[0,96],[0,96],[-97,0]],[[47860,98342],[0,96],[0,97],[-96,0],[0,-97],[0,-96],[96,0]],[[47860,98342],[0,-96],[-96,0],[0,-96],[0,-96],[96,0],[0,-96],[0,-96]],[[47957,98631],[97,0],[0,96],[0,96],[-97,0],[0,-96],[0,-96]],[[48731,99400],[96,0],[97,0],[0,96],[-97,0],[-96,0],[0,-96]],[[52211,99688],[97,0],[0,96],[-97,0],[0,-96]],[[50471,99880],[97,0],[0,97],[-97,0],[0,-97]],[[51631,100361],[97,0],[0,96],[-97,0],[0,-96]],[[50181,100553],[97,0],[0,96],[-97,0],[0,-96]],[[51051,101418],[97,0],[96,0],[0,97],[-96,0],[-97,0]],[[51051,101515],[0,96],[-97,0],[0,96],[-96,0],[-97,0]],[[50761,101707],[0,96],[-97,0],[0,-96],[97,0]],[[50761,101707],[0,-96],[97,0],[0,-96],[96,0],[97,0]],[[51051,101515],[0,-97]],[[49504,101803],[97,0],[96,0],[97,0],[97,0],[97,0],[0,96],[96,0],[0,96],[97,0],[97,0],[0,96],[0,97],[-97,0],[-97,0],[-96,0],[0,-97],[-97,0],[0,97],[-97,0],[-97,0],[-96,0],[-97,0],[0,-97],[-97,0],[0,-96],[97,0],[97,0],[0,-96],[-97,0],[0,-96]],[[48441,102572],[96,0],[0,96],[-96,0],[0,-96]],[[50278,102764],[96,0],[0,96],[-96,0],[0,-96]],[[50084,102860],[97,0],[0,97],[-97,0],[0,-97]],[[23495,107859],[0,96],[-97,0],[0,-96]],[[23012,107763],[-97,0],[-97,0],[-96,0]],[[20111,108148],[0,96],[0,96],[0,96],[0,96],[0,96],[0,96],[0,97],[0,96],[0,96],[0,96],[0,96],[97,0],[0,96],[0,96],[0,96],[0,97],[0,96],[0,96],[0,96],[0,96],[0,96],[96,0],[0,96],[0,97],[0,96],[0,96],[0,96],[0,96],[0,96],[0,96],[0,96],[97,0],[0,97],[0,96],[0,96],[97,0],[0,96],[0,96],[0,96],[0,96],[96,0],[0,97],[0,96],[0,96],[97,0],[0,96],[0,96],[0,96],[0,96],[0,96],[0,97],[-97,0],[0,96],[0,96],[0,96],[0,96],[0,96],[0,96],[-96,0],[0,96],[0,97],[0,96],[0,96],[0,96],[0,96],[0,96],[0,96],[0,97],[0,96],[-97,0],[0,96],[0,96],[0,96],[0,96],[0,96],[0,96],[0,97],[0,96],[0,96],[0,96],[97,0],[0,96],[-97,0],[-97,0],[0,96],[0,96],[0,97],[0,96],[0,96],[97,0],[97,0],[0,96],[96,0],[97,0],[97,0],[97,0],[96,0],[97,0],[97,0],[96,0],[97,0],[97,0],[96,0],[0,96],[97,0],[97,0],[96,0],[97,0],[97,0],[96,0],[97,0]],[[22238,115742],[0,-96],[97,0],[0,-96],[0,-96],[97,0],[0,-96],[96,0],[0,-97],[97,0],[0,-96],[0,-96],[97,0],[0,-96],[96,0],[0,-96],[0,-96],[97,0],[0,-96],[97,0],[0,-97],[96,0],[0,-96],[0,-96],[97,0],[0,-96],[97,0],[0,-96],[96,0],[0,-96],[0,-96],[97,0],[0,-96],[97,0],[0,-97],[0,-96],[96,0],[0,-96],[97,0],[0,-96],[97,0],[0,-96],[0,-96],[97,0],[0,-96],[96,0],[0,-97],[97,0],[0,-96],[0,-96],[97,0],[0,-96],[96,0],[0,-96],[0,-96],[97,0],[0,-96],[97,0],[0,-96],[96,0],[0,-97],[0,-96],[97,0],[0,-96],[97,0],[96,0],[0,-96],[97,0],[0,-96],[97,0],[96,0],[0,-96]],[[25235,111897],[0,-96],[97,0]],[[25332,111801],[97,0],[97,0],[0,-96],[96,0],[0,-97],[97,0],[97,0],[0,-96],[96,0],[97,0],[0,-96],[97,0],[0,-96],[96,0],[97,0],[0,-96],[97,0],[0,-96],[96,0],[97,0],[0,-96],[97,0],[96,0],[0,-97],[97,0],[0,-96],[97,0],[97,0],[0,-96],[96,0],[97,0],[0,-96],[97,0],[0,-96],[96,0],[97,0],[0,-96],[97,0],[0,-96],[96,0],[97,0],[0,-96],[97,0],[96,0],[0,-97],[97,0],[0,-96],[97,0],[96,0],[0,-96],[97,0],[97,0],[0,-96],[97,0],[0,-96],[96,0],[97,0],[0,-96],[97,0],[0,-96],[96,0],[97,0],[0,-97],[97,0],[0,-96],[0,-96],[96,0],[0,-96],[97,0],[0,-96],[0,-96],[97,0],[0,-96],[0,-96],[96,0],[0,-97],[97,0],[0,-96],[97,0],[0,-96],[0,-96],[96,0],[0,-96],[97,0],[0,-96],[97,0],[0,-96],[97,0],[0,-96],[96,0],[0,-97],[97,0],[0,-96],[97,0],[0,-96],[96,0],[0,-96],[97,0],[0,-96],[97,0],[0,-96],[96,0],[97,0],[0,-96],[97,0],[0,-97],[96,0],[0,-96],[97,0],[97,0],[0,-96],[96,0],[0,-96],[97,0],[97,0],[0,-96],[97,0],[96,0],[0,-96],[97,0],[97,0],[0,-96],[96,0],[97,0],[97,0],[0,-96],[96,0],[97,0],[0,-97],[97,0],[96,0],[0,-96],[97,0],[97,0],[0,-96],[97,0],[96,0],[0,-96],[97,0],[97,0],[0,-96],[96,0],[97,0],[0,-96],[97,0],[0,-96],[96,0],[97,0],[0,-96],[97,0],[96,0],[0,-97],[97,0],[97,0],[0,-96],[96,0],[97,0],[0,-96],[97,0],[0,-96],[97,0],[96,0],[0,-96],[97,0],[0,-96],[97,0],[0,-96],[96,0],[0,-97],[97,0],[97,0],[96,0],[0,-96],[97,0],[0,-96],[97,0],[0,-96],[-97,0],[0,-96],[97,0],[0,-96],[96,0],[97,0],[0,-96],[97,0],[0,-96],[96,0],[0,-97],[97,0],[0,-96],[0,-96]],[[32004,103053],[96,0],[0,96],[-96,0],[0,-96]],[[33551,103918],[96,0],[0,96],[-96,0],[0,-96]],[[31423,104783],[97,0],[97,0],[97,0],[0,96],[-97,0],[-97,0],[0,96],[-97,0],[0,-96],[0,-96]],[[31714,104975],[96,0],[0,96],[-96,0]],[[31714,105071],[0,97],[-97,0]],[[31617,105168],[0,96],[-97,0]],[[31520,105264],[0,96],[0,96],[0,96],[-97,0],[0,96],[-96,0],[0,96],[0,97],[-97,0],[-97,0],[-96,0],[0,96],[-97,0],[-97,0],[-96,0],[0,96],[-97,0],[0,96],[0,96],[0,96],[-97,0],[-96,0],[0,-96],[-97,0],[0,96],[-97,0],[0,-96],[-96,0],[-97,0],[-97,0],[0,96],[-97,0],[-96,0],[0,-96],[96,0],[0,-96],[97,0],[97,0],[0,-96],[97,0],[96,0],[0,-96],[97,0],[97,0],[96,0],[0,-96],[97,0],[97,0],[96,0],[0,-97],[97,0],[97,0],[0,-96],[96,0],[0,-96],[0,-96],[97,0],[0,-96],[97,0],[0,-96],[96,0],[97,0]],[[31520,105264],[0,-96],[97,0]],[[31617,105168],[0,-97],[97,0]],[[31714,105071],[0,-96]],[[32197,105264],[97,0],[0,96],[-97,0],[0,-96]],[[29490,106321],[96,0],[97,0],[0,96],[-97,0],[-96,0],[0,-96]],[[30070,106513],[97,0],[0,97],[-97,0],[0,-97]],[[29780,106802],[96,0],[0,96],[-96,0],[0,-96]],[[28523,107475],[97,0],[0,96],[-97,0],[0,-96]],[[29103,108052],[97,0],[0,96],[-97,0],[0,-96]],[[27073,108340],[96,0],[0,96],[-96,0],[0,-96]],[[24559,108532],[96,0],[0,96],[-96,0],[0,-96]],[[25332,108532],[97,0],[0,96],[-97,0],[0,-96]],[[25912,108532],[97,0],[0,96],[-97,0]],[[25912,108628],[0,96],[-96,0],[0,-96],[96,0]],[[25912,108628],[0,-96]],[[21271,108917],[97,0],[97,0],[0,96],[0,96],[-97,0],[0,-96],[-97,0],[0,-96]],[[22045,109013],[96,0],[97,0],[0,96],[-97,0],[-96,0],[0,-96]],[[25042,109013],[97,0],[0,96],[-97,0],[0,-96]],[[21755,109301],[96,0],[0,96],[-96,0],[0,-96]],[[27169,109590],[97,0],[0,96],[-97,0]],[[27169,109686],[0,96],[-96,0],[-97,0],[0,-96],[97,0],[96,0]],[[27169,109686],[0,-96]],[[23398,109686],[97,0],[97,0],[0,96],[0,96],[-97,0],[0,96],[-97,0],[0,96],[0,96],[-96,0]],[[23302,110166],[0,97],[-97,0],[0,-97],[97,0]],[[23302,110166],[0,-96],[0,-96],[0,-96],[96,0],[0,-96],[0,-96]],[[24655,110070],[97,0],[0,96],[-97,0]],[[24655,110166],[0,97],[0,96],[-96,0],[0,-96],[-97,0],[0,-97],[97,0],[96,0]],[[24655,110166],[0,-96]],[[23979,110743],[96,0],[0,96],[-96,0],[0,-96]],[[23785,110935],[97,0],[97,0],[0,97],[-97,0],[-97,0],[0,-97]],[[22915,111320],[97,0],[0,96],[-97,0],[0,-96]],[[21658,112185],[97,0],[96,0],[97,0],[0,96],[-97,0],[-96,0],[-97,0],[0,-96]],[[22625,114108],[97,0],[0,96],[0,96],[0,96],[-97,0],[-97,0],[-96,0],[0,96],[-97,0],[-97,0]],[[22238,114492],[0,96],[-97,0],[0,-96],[97,0]],[[22238,114492],[0,-96],[97,0],[0,-96],[97,0],[96,0],[0,-96],[97,0],[0,-96]],[[21658,114877],[97,0],[0,96],[0,96],[-97,0]],[[21658,115069],[0,96],[-97,0]],[[21561,115165],[0,96],[0,97],[-96,0],[-97,0],[0,-97],[0,-96],[97,0],[96,0]],[[21561,115165],[0,-96],[97,0]],[[21658,115069],[0,-96],[0,-96]],[[21175,114973],[96,0],[0,96],[-96,0]],[[21175,115069],[0,96],[-97,0],[-97,0]],[[20981,115165],[0,96],[0,97],[-96,0],[-97,0],[0,-97],[97,0],[0,-96],[96,0]],[[20981,115165],[0,-96],[97,0],[97,0]],[[21175,115069],[0,-96]],[[20498,115261],[96,0],[0,97],[-96,0],[0,-97]],[[39642,103726],[0,96],[97,0],[96,0],[0,96],[97,0],[0,96],[97,0],[96,0],[0,96],[97,0],[0,96],[97,0],[96,0],[0,96],[97,0],[97,0],[0,97],[97,0],[0,96],[96,0],[0,96],[97,0],[97,0],[0,96],[96,0],[0,96],[97,0],[97,0],[0,96],[96,0],[0,96],[97,0],[0,96],[97,0],[96,0],[0,97],[97,0],[0,96],[97,0],[96,0],[0,96],[97,0],[0,96],[97,0],[0,96],[97,0],[96,0],[0,96]],[[42349,105648],[97,0],[0,96],[97,0],[96,0],[0,97],[97,0],[0,96],[97,0],[0,96],[96,0],[97,0],[0,96],[97,0],[0,96],[96,0]],[[42639,102957],[97,0],[0,96],[-97,0],[0,-96]],[[42156,104783],[97,0],[0,96],[-97,0],[0,-96]],[[36741,106321],[0,96],[0,96],[0,97],[97,0],[0,96],[0,96],[0,96],[0,96],[0,96],[97,0],[0,96],[0,96],[0,97],[96,0],[0,96],[0,96],[0,96],[0,96],[97,0],[0,96],[0,96],[0,97],[97,0],[0,96],[0,96],[0,96],[0,96],[0,96],[0,96],[-97,0],[0,96],[0,97],[0,96],[0,96],[0,96],[0,96],[-97,0],[0,96]],[[37031,109301],[97,0],[97,0],[0,-96],[96,0],[0,-96],[97,0],[97,0],[97,0],[96,0],[97,0],[97,0],[0,-96],[96,0],[0,-96],[97,0],[0,-96],[97,0],[0,-97]],[[38192,108724],[-97,0],[0,-96],[0,-96],[97,0],[96,0],[97,0],[0,96]],[[38385,108628],[97,0],[0,-96],[96,0],[97,0],[97,0],[96,0],[97,0],[97,0],[97,0],[0,-96],[96,0],[0,-96],[0,-96],[0,-96],[97,0],[97,0],[0,-96],[96,0],[0,-97],[97,0],[0,-96],[97,0],[96,0],[97,0],[0,-96],[97,0],[0,-96],[96,0],[97,0],[0,-96],[97,0],[96,0],[97,0],[0,-96],[0,-96],[0,-97],[97,0],[97,0],[96,0],[97,0],[0,-96],[97,0],[0,-96],[96,0],[97,0],[97,0],[0,-96],[96,0],[0,-96],[97,0],[97,0],[0,-96],[96,0],[0,-96],[0,-96],[0,-97],[-96,0],[0,-96],[96,0],[0,-96],[0,-96],[97,0],[97,0],[0,-96],[96,0],[97,0],[0,-96],[0,-96],[97,0],[0,-96],[97,0],[0,-97],[0,-96],[96,0]],[[38482,105456],[96,0],[0,96],[-96,0],[0,-96]],[[39642,106129],[97,0],[0,96],[-97,0],[0,-96]],[[25332,111801],[0,96]],[[25332,111897],[97,0],[0,96],[-97,0],[0,-96]],[[25332,111897],[-97,0]],[[22238,115742],[97,0],[97,0],[96,0],[0,96],[97,0],[0,96],[97,0],[96,0],[0,96],[97,0],[0,97],[97,0],[96,0],[0,96],[97,0],[0,96],[97,0],[0,96],[96,0],[97,0],[0,96],[97,0],[0,96],[96,0],[0,96],[97,0],[97,0],[0,96],[97,0],[0,97],[96,0],[97,0],[0,96],[97,0],[0,96],[96,0],[97,0],[0,96],[0,96],[0,96],[0,96],[-97,0],[0,97],[0,96],[0,96]],[[24365,117761],[97,0],[97,0],[96,0],[0,-96],[97,0],[97,0],[0,-96],[96,0],[97,0],[97,0],[0,-97],[96,0],[97,0],[0,-96],[97,0],[97,0],[0,-96],[96,0],[97,0],[0,-96],[97,0],[96,0],[0,-96],[97,0],[0,-96],[97,0],[0,-96],[96,0],[97,0],[0,-97],[97,0],[0,-96],[96,0],[0,-96],[97,0],[97,0],[0,-96],[96,0],[0,-96],[97,0],[0,-96],[97,0],[0,-96],[97,0],[96,0],[0,-96],[97,0],[0,-97],[97,0],[0,-96],[96,0],[97,0],[0,-96],[97,0],[0,-96],[96,0],[0,-96],[97,0],[97,0],[0,-96],[96,0],[0,-96],[97,0],[0,-96],[97,0],[96,0],[0,-97],[97,0],[0,-96],[97,0],[97,0],[0,-96],[96,0],[0,-96],[97,0],[97,0],[0,-96],[96,0],[0,-96],[97,0],[97,0],[0,-96],[96,0],[97,0],[97,0],[96,0],[0,-97],[97,0],[97,0],[96,0],[97,0],[97,0],[97,0],[0,-96],[96,0],[97,0],[0,-96],[97,0],[0,-96],[96,0],[0,-96],[97,0],[0,-96],[97,0],[0,-96],[96,0],[0,-96],[97,0],[0,-97],[97,0],[96,0],[0,-96],[97,0],[0,-96],[97,0],[0,-96],[96,0],[0,-96],[97,0],[0,-96],[97,0],[0,-96],[97,0],[0,-97],[96,0],[0,-96],[97,0],[0,-96],[97,0],[0,-96],[96,0],[0,-96],[97,0],[0,-96],[97,0],[0,-96],[96,0],[0,-96],[97,0],[0,-97],[97,0],[0,-96],[96,0],[0,-96],[97,0],[0,-96],[97,0],[0,-96],[97,0],[0,-96],[96,0],[0,-96],[97,0],[0,-96],[97,0],[0,-97],[96,0],[0,-96],[97,0],[0,-96],[97,0],[96,0],[0,-96],[97,0],[0,-96],[97,0],[0,-96],[96,0],[0,-96],[97,0],[0,-97],[97,0],[0,-96],[96,0],[0,-96],[97,0],[0,-96],[97,0],[97,0],[0,-96],[96,0],[97,0],[0,-96],[97,0],[96,0],[97,0],[0,-96],[97,0],[96,0],[97,0],[0,-96],[97,0],[96,0],[97,0],[97,0],[0,-97],[96,0],[97,0],[97,0],[0,-96],[0,-96],[97,0],[96,0],[97,0],[0,96],[97,0],[96,0],[0,-96],[0,-96],[97,0],[97,0]],[[36645,109878],[0,-96],[0,-96],[96,0],[0,-96],[97,0],[0,-97],[97,0],[0,-96],[96,0],[0,-96]],[[32390,107475],[97,0],[97,0],[0,96],[-97,0],[-97,0],[0,-96]],[[36355,107763],[96,0],[0,96],[-96,0],[0,-96]],[[31714,107955],[96,0],[0,97],[0,96],[0,96],[0,96],[0,96],[-96,0],[0,-96],[-97,0],[-97,0],[-97,0],[0,-96],[97,0],[97,0],[0,-96],[97,0],[0,-96],[0,-97]],[[31230,108340],[97,0],[0,96],[-97,0]],[[31230,108436],[0,96],[-97,0],[-96,0],[0,-96],[96,0],[97,0]],[[31230,108436],[0,-96]],[[33454,109878],[97,0],[0,96],[-97,0]],[[33454,109974],[0,96],[-97,0],[0,-96],[97,0]],[[33454,109974],[0,-96]],[[33067,110551],[97,0],[0,96],[-97,0],[0,-96]],[[32777,110743],[97,0],[0,96],[-97,0],[0,-96]],[[31714,111032],[96,0],[0,96],[0,96],[-96,0],[-97,0],[-97,0],[0,-96],[97,0],[97,0],[0,-96]],[[27556,111801],[97,0],[0,96],[-97,0]],[[27556,111897],[0,96],[-97,0],[0,-96],[97,0]],[[27556,111897],[0,-96]],[[31907,112666],[97,0],[0,96],[-97,0],[0,-96]],[[24462,113916],[97,0],[0,96],[0,96],[-97,0],[0,-96],[0,-96]],[[44380,108340],[-97,0],[0,96],[-97,0],[-96,0],[0,96],[-97,0],[-97,0],[0,96],[-96,0],[0,96],[-97,0],[-97,0],[0,97],[-97,0],[-96,0],[0,96],[-97,0],[-97,0],[0,96],[0,96],[0,96],[0,96],[97,0],[0,96],[0,96],[0,97]],[[43316,109590],[97,0],[0,96],[0,96],[96,0],[0,96],[97,0],[0,96],[97,0],[0,-96],[97,0],[96,0],[97,0],[97,0],[96,0],[0,-96],[97,0],[97,0],[96,0],[97,0],[0,-96],[97,0],[96,0],[97,0],[97,0],[0,96],[96,0],[0,96],[97,0],[0,96],[97,0],[0,96],[97,0],[0,96],[96,0],[0,97],[97,0],[97,0],[0,96],[96,0],[0,96],[-96,0],[0,96],[0,96],[0,96]],[[45637,110743],[96,0],[97,0],[97,0],[0,96],[0,96],[96,0],[97,0],[0,-96],[97,0],[96,0],[97,0],[0,-96],[97,0],[0,96],[96,0],[0,96],[97,0],[97,0],[97,0],[0,97],[96,0],[0,96],[97,0],[97,0],[0,-96],[96,0],[0,-97],[97,0],[0,-96],[97,0],[0,-96],[96,0],[97,0],[97,0],[96,0],[0,-96],[0,-96],[97,0],[97,0],[96,0],[0,-96],[97,0],[97,0],[97,0],[0,-96],[96,0],[97,0],[97,0],[0,-96],[96,0],[0,-97],[97,0],[0,-96],[97,0],[0,96],[0,97],[96,0],[0,-97],[97,0],[97,0],[0,97],[96,0],[97,0],[0,96],[0,96],[97,0],[0,96],[96,0],[97,0],[0,96],[97,0],[0,96],[97,0],[0,96],[0,96],[-97,0],[0,97],[-97,0],[0,96],[0,96],[97,0],[97,0],[0,96],[96,0],[0,96],[97,0],[0,96],[97,0],[0,96],[96,0],[0,97],[97,0],[97,0],[0,96],[96,0]],[[50664,111801],[97,0],[0,-96],[0,-97],[97,0],[0,-96],[0,-96],[96,0],[97,0],[0,-96],[97,0],[96,0],[0,-96],[97,0],[0,-96],[97,0],[0,-96],[97,0],[0,-97],[96,0],[0,-96],[97,0],[97,0],[0,-96],[96,0],[0,-96],[97,0],[0,-96],[97,0],[0,-96],[96,0],[0,-96],[97,0],[97,0],[0,-96],[0,-97],[96,0],[97,0],[0,-96],[97,0],[96,0],[0,-96],[97,0],[97,0],[0,-96],[97,0],[0,-96],[96,0],[0,-96],[0,-96],[97,0],[0,-97],[97,0],[0,-96],[96,0],[0,-96]],[[53468,109301],[-96,0],[-97,0],[-97,0],[-96,0],[0,-96],[-97,0],[0,-96],[0,-96],[97,0],[0,-96],[96,0],[0,-96],[0,-97],[-96,0],[-97,0],[-97,0],[0,97],[-97,0],[-96,0],[0,96],[-97,0],[-97,0],[0,96],[-96,0],[-97,0],[0,96],[-97,0],[-96,0]],[[52115,109109],[0,96],[0,96],[-97,0],[-97,0],[0,-96],[97,0],[0,-96],[97,0]],[[52115,109109],[0,-96],[96,0],[0,-96],[97,0],[0,-96],[97,0],[0,-97],[96,0],[0,-96],[0,-96],[0,-96],[97,0],[97,0]],[[52695,108436],[0,-96],[0,-96],[0,-96],[0,-96],[-97,0],[-97,0],[0,-97],[0,-96],[97,0],[0,-96],[-97,0],[0,-96],[0,-96],[0,-96],[97,0],[0,96],[97,0],[0,-96],[96,0],[0,-96],[97,0]],[[52888,107379],[0,-97],[0,-96],[97,0],[0,-96],[-97,0],[-97,0],[-96,0],[0,96],[-97,0],[-97,0],[0,96],[-96,0],[0,97],[-97,0],[0,96],[-97,0],[-96,0],[0,-96],[-97,0],[0,-97],[0,-96],[0,-96],[97,0],[0,-96],[0,-96],[96,0],[0,-96],[0,-96],[97,0],[0,-96],[0,-97],[0,-96],[-97,0],[-96,0],[0,-96],[0,-96],[0,-96],[0,-96],[96,0],[0,96],[97,0],[97,0],[0,-96],[96,0],[0,-96],[0,-96],[-96,0],[-97,0],[-97,0],[0,96],[-96,0],[0,-96],[0,-97],[96,0],[0,-96],[0,-96]],[[53372,107090],[-97,0],[0,96],[-97,0],[-96,0],[0,96],[-97,0],[0,97],[-97,0]],[[52888,107379],[0,96],[0,96],[97,0],[97,0],[96,0],[97,0]],[[53275,107571],[0,-96],[97,0],[0,-96],[96,0],[0,-97],[0,-96],[0,-96],[-96,0]],[[53662,107090],[0,96],[96,0],[0,-96],[-96,0]],[[51728,107571],[97,0],[0,96],[-97,0],[0,-96]],[[53275,107571],[0,96],[-97,0],[-96,0],[-97,0],[0,96],[-97,0],[-97,0],[0,96],[0,96],[0,97],[0,96],[97,0],[97,0],[97,0]],[[53082,108148],[0,-96],[96,0],[0,-97],[97,0],[97,0],[0,-96],[96,0],[0,-96],[0,-96],[0,-96],[-96,0],[-97,0]],[[51631,107859],[97,0],[0,96],[0,97],[0,96],[97,0],[0,96],[0,96],[-97,0],[-97,0],[0,96],[0,96],[-96,0],[0,96],[-97,0],[0,-96],[0,-96],[-97,0],[-97,0],[0,96],[97,0],[0,96],[-97,0],[-96,0],[0,-96],[0,-96],[0,-96],[96,0],[0,-96]],[[51244,108244],[-96,0],[0,-96],[0,-96],[96,0],[97,0],[0,96],[-97,0],[0,96]],[[51244,108244],[97,0],[0,96],[97,0],[0,-96],[97,0],[0,-96],[0,-96],[96,0],[0,-97],[0,-96]],[[50761,108244],[97,0],[96,0],[97,0],[0,96],[-97,0],[0,96],[0,96],[-96,0],[0,-96],[-97,0],[0,-96],[0,-96]],[[52308,108244],[97,0],[0,96],[-97,0],[0,-96]],[[53082,108148],[0,96],[96,0],[0,-96],[-96,0]],[[52888,108340],[-97,0],[0,96],[-96,0]],[[52695,108436],[0,96],[0,96],[96,0],[97,0],[97,0],[97,0],[0,-96],[96,0],[0,-96],[0,-96],[-96,0],[-97,0],[-97,0]],[[51825,108628],[96,0],[97,0],[0,96],[-97,0],[-96,0]],[[51825,108724],[0,97]],[[51825,108821],[96,0],[0,96],[-96,0],[0,-96]],[[51825,108821],[-97,0],[-97,0],[0,-97],[97,0],[97,0]],[[51825,108724],[0,-96]],[[51438,108917],[97,0],[0,96],[-97,0],[0,-96]],[[51728,109013],[97,0],[0,96],[-97,0],[0,-96]],[[44090,109109],[96,0],[0,96],[-96,0],[0,-96]],[[38385,108628],[-97,0],[-96,0],[0,96]],[[36645,109878],[0,96],[96,0],[0,96],[97,0],[97,0],[96,0],[0,96],[0,97],[-96,0],[0,96],[0,96],[0,96],[0,96],[0,96],[0,96],[0,96],[0,97]],[[36935,111032],[96,0],[0,-97],[97,0],[0,-96],[97,0],[0,-96],[96,0],[97,0],[0,96],[-97,0],[0,96]],[[37321,110935],[97,0],[97,0]],[[37515,110935],[0,-96],[0,-96],[97,0],[0,96],[96,0],[0,96],[0,97],[-96,0],[0,96]],[[37612,111128],[0,96],[0,96],[96,0],[0,96],[0,96],[97,0],[0,96],[0,97],[0,96],[97,0],[0,96],[0,96],[0,96],[96,0],[0,96],[0,96],[-96,0],[-97,0],[0,96],[0,97],[0,96],[0,96],[-97,0],[0,96],[0,96],[0,96],[-96,0],[0,96],[0,96],[0,97],[0,96],[0,96],[0,96],[0,96],[0,96],[0,96],[0,97],[96,0],[0,96],[0,96],[0,96],[97,0],[0,96],[0,96],[97,0],[0,96],[0,96],[96,0],[0,97],[97,0],[0,96],[0,96],[97,0],[0,96],[96,0],[97,0],[97,0],[96,0],[0,-96],[97,0],[97,0],[96,0],[97,0],[0,-96],[97,0],[97,0],[96,0],[0,96],[97,0],[0,96],[0,96],[97,0],[0,96],[0,96],[0,97],[96,0],[0,96],[0,96],[97,0],[0,96],[0,96],[0,96],[97,0],[0,96],[0,96],[96,0],[0,97],[0,96],[0,96],[97,0],[0,96],[0,96]],[[39932,116511],[97,0],[0,-96],[96,0],[0,-96],[97,0],[0,-96]],[[40222,116223],[-97,0],[0,-96],[97,0],[0,96]],[[40222,116223],[97,0],[0,-96],[96,0],[0,-97],[-96,0],[0,-96],[96,0],[97,0],[0,-96],[97,0],[0,-96],[97,0],[96,0],[97,0],[97,0],[96,0],[97,0],[97,0],[0,-96],[96,0],[0,-96],[97,0],[0,-96],[97,0],[0,-96],[96,0],[97,0],[0,-97],[97,0],[96,0],[97,0],[97,0],[97,0],[96,0],[97,0],[97,0],[96,0],[97,0],[0,97],[97,0],[0,-97],[96,0],[97,0],[97,0],[0,-96],[96,0],[97,0],[97,0],[0,-96],[96,0],[97,0],[97,0],[97,0],[96,0],[97,0],[0,-96],[97,0],[0,-96],[96,0],[97,0],[0,-96],[97,0],[0,-96],[96,0],[0,-97],[97,0],[0,-96],[0,-96],[97,0],[96,0],[0,-96],[97,0],[97,0],[96,0],[97,0],[0,-96],[97,0],[0,-96],[97,0]],[[45347,114108],[0,-96],[-97,0],[0,-96],[0,-97],[-97,0],[0,-96],[0,-96],[-97,0],[0,-96],[0,-96],[-96,0],[0,-96],[0,-96],[0,-97],[96,0],[0,-96],[0,-96],[0,-96],[0,-96],[97,0],[0,-96],[0,-96],[0,-96],[0,-97],[97,0],[0,-96],[0,-96],[0,-96],[0,-96],[97,0],[0,-96],[0,-96],[0,-96],[0,-97],[96,0],[0,-96],[0,-96],[0,-96],[0,-96],[97,0],[0,-96],[0,-96],[0,-97],[0,-96],[97,0],[0,-96]],[[43316,109590],[0,96],[-97,0],[0,-96],[97,0]],[[44283,110166],[97,0],[0,97],[96,0],[0,96],[-96,0],[-97,0],[-97,0],[-96,0],[-97,0],[0,-96],[97,0],[96,0],[97,0],[0,-97]],[[43896,110935],[97,0],[0,97],[-97,0],[0,-97]],[[43703,111032],[97,0],[0,96],[-97,0],[0,-96]],[[39642,111512],[97,0],[0,96],[-97,0],[0,-96]],[[42059,112762],[97,0],[0,96],[-97,0],[0,-96]],[[39449,114396],[96,0],[0,96],[-96,0]],[[39449,114492],[0,96],[-97,0]],[[39352,114588],[0,97],[-97,0],[0,-97],[97,0]],[[39352,114588],[0,-96],[97,0]],[[39449,114492],[0,-96]],[[53855,109013],[-97,0],[0,96],[-96,0],[0,96],[0,96],[0,96],[96,0],[97,0],[97,0],[0,-96],[96,0],[0,-96],[0,-96],[0,-96],[-96,0],[-97,0]],[[55789,109205],[0,-96],[-97,0],[0,96],[-97,0],[0,96],[-96,0],[0,96],[-97,0],[0,96],[0,97],[97,0],[96,0],[0,-97],[97,0],[0,-96],[97,0],[96,0],[0,-96],[0,-96],[-96,0]],[[50664,111801],[0,96],[-96,0],[0,96]],[[50568,111993],[96,0],[0,96],[97,0],[97,0],[0,96],[96,0],[97,0],[97,0],[0,-96],[0,-96],[96,0],[0,96],[0,96],[0,96],[0,96],[0,97],[-96,0],[0,96],[96,0],[97,0],[97,0],[0,-96],[97,0],[0,-97],[96,0],[0,-96],[97,0],[0,-96],[97,0],[96,0],[97,0],[97,0],[0,96],[96,0],[97,0],[0,96],[97,0],[96,0],[0,97],[0,96],[0,96],[97,0],[0,96],[97,0],[0,96],[96,0],[0,96],[97,0],[0,96],[97,0],[0,96],[0,97],[0,96],[-97,0],[0,96],[0,96],[0,96],[97,0],[0,96],[97,0],[0,96],[96,0],[0,97],[97,0],[97,0],[0,96],[96,0],[0,96],[0,96],[0,96]],[[53468,114300],[97,0],[97,0]],[[53662,114300],[0,-96],[96,0],[0,96],[-96,0]],[[53662,114300],[0,96],[-97,0],[0,96],[-97,0],[0,96],[-96,0],[0,97],[0,96],[-97,0],[0,96],[0,96],[-97,0],[0,96],[-96,0],[0,96],[-97,0],[-97,0],[0,96],[-97,0],[-96,0],[-97,0],[0,97],[0,96],[-97,0],[0,96],[0,96],[97,0],[0,96],[97,0],[0,96],[0,96],[0,96],[96,0],[0,97],[0,96],[97,0],[0,96],[97,0],[0,96],[97,0],[0,96],[0,96],[96,0],[0,96],[0,96],[97,0],[0,97],[0,96],[-97,0],[-96,0],[0,96],[-97,0],[0,96],[0,96],[-97,0],[0,96],[0,96],[97,0],[0,97],[0,96],[97,0],[0,96],[0,96],[0,96],[-97,0],[0,96],[0,96],[0,96],[0,97],[0,96],[97,0],[0,96],[0,96],[0,96],[96,0],[0,96],[97,0],[97,0]],[[53372,118818],[96,0],[0,-96],[97,0],[0,-96],[0,-96],[97,0],[0,-96],[96,0],[0,-96],[0,-97],[97,0],[0,-96],[97,0],[0,-96],[96,0],[0,-96],[0,-96],[97,0],[0,-96],[97,0],[0,-96],[0,-96],[96,0],[0,-97],[97,0]],[[54435,117472],[0,-96],[0,-96],[97,0],[0,-96],[97,0],[0,-96],[0,-96],[96,0],[0,-96],[97,0],[0,-97],[0,-96],[97,0],[0,-96],[0,-96],[96,0],[0,-96],[0,-96],[97,0],[0,-96],[0,-96],[97,0],[0,-97],[0,-96],[96,0],[0,-96],[97,0],[0,-96],[97,0],[0,-96],[0,-96],[0,-96],[0,-96],[96,0],[0,-97],[0,-96],[0,-96],[97,0],[0,-96],[0,-96],[97,0],[0,-96],[0,-96],[0,-97],[96,0],[0,-96],[0,-96],[97,0],[0,-96],[0,-96],[0,-96],[97,0],[0,-96],[0,-96]],[[56079,113916],[-97,0],[-97,0],[0,-97],[-96,0],[0,-96],[0,-96],[-97,0],[-97,0],[-96,0],[0,96],[0,96],[0,97],[0,96],[96,0],[0,96],[-96,0],[0,96],[-97,0],[-97,0],[0,96],[-96,0],[0,96],[0,96],[-97,0],[0,-96],[-97,0],[0,96],[-96,0],[0,-96],[0,-96],[0,-96],[0,-96],[0,-96],[96,0],[0,-96],[97,0],[0,-97],[-97,0],[0,-96],[-96,0],[0,-96],[-97,0],[-97,0],[0,-96],[97,0],[97,0],[0,-96],[0,-96],[96,0],[0,-96],[0,-97],[-96,0],[0,-96],[0,-96],[96,0],[0,-96],[97,0],[0,-96],[0,-96],[0,-96],[97,0],[0,-96],[0,-97],[-97,0],[0,-96],[0,-96],[97,0],[0,-96],[96,0],[0,-96],[0,-96],[-96,0],[0,-96]],[[55209,111801],[-97,0],[0,-96],[0,-97],[97,0],[96,0],[0,-96],[0,-96],[97,0],[0,-96],[97,0],[0,-96],[96,0],[0,-96],[0,-96],[-96,0],[-97,0],[-97,0],[0,-97],[-96,0]],[[55209,110935],[0,97],[0,96],[-97,0],[0,96],[-97,0],[0,-96],[0,-96],[-96,0],[0,-97],[96,0],[97,0],[97,0]],[[55209,110935],[0,-96],[0,-96],[96,0],[97,0],[0,-96],[0,-96],[-97,0],[0,-96],[-96,0],[0,96],[-97,0],[0,96],[-97,0],[0,-96],[0,-96],[0,-96],[0,-96]],[[55015,110263],[-96,0],[-97,0]],[[54822,110263],[0,96],[0,96],[-97,0],[0,96],[-96,0],[0,96],[-97,0],[0,96],[0,96],[-97,0],[0,-96],[0,-96],[-97,0],[0,-96],[-96,0],[0,-96],[0,-96],[-97,0],[-97,0],[0,96],[-96,0],[0,96],[-97,0]],[[53855,110551],[0,96],[-97,0],[0,-96],[97,0]],[[53855,110551],[0,-96],[-97,0],[-96,0],[0,96],[-97,0],[-97,0],[0,96],[-96,0],[-97,0],[0,-96],[97,0],[0,-96],[96,0],[0,-96],[97,0],[0,-96],[97,0],[96,0],[97,0],[97,0],[0,-97],[0,-96],[-97,0],[0,-96],[0,-96],[0,-96],[0,-96],[0,-96],[0,-97],[-97,0],[-96,0],[0,97],[-97,0]],[[53565,109590],[0,96],[-97,0],[0,-96],[97,0]],[[53565,109590],[0,-97],[0,-96],[0,-96],[-97,0]],[[54048,109493],[0,97],[97,0],[0,-97],[-97,0]],[[54725,109686],[-96,0],[0,96],[-97,0],[-97,0],[-97,0],[0,96],[0,96],[0,96],[0,96],[0,97],[0,96],[97,0],[97,0],[0,-96],[97,0],[96,0],[97,0]],[[54822,110263],[0,-97],[0,-96],[-97,0],[0,-96],[97,0],[97,0],[0,-96],[0,-96],[0,-96],[-97,0],[-97,0]],[[55112,109782],[-97,0],[0,96],[0,96],[0,96],[0,96],[0,97]],[[55015,110263],[97,0],[0,-97],[97,0],[0,-96],[96,0],[0,96],[0,97],[0,96],[97,0],[97,0],[0,-96],[96,0],[97,0],[0,-97],[0,-96],[-97,0],[0,-96],[0,-96],[-96,0],[-97,0],[-97,0],[-96,0],[0,-96],[-97,0]],[[55982,110455],[-97,0],[0,96],[0,96],[0,96],[0,96],[97,0],[0,96],[97,0]],[[56079,110935],[0,-96],[97,0],[0,96],[-97,0]],[[56079,110935],[0,97],[-97,0],[0,96],[0,96],[97,0],[97,0],[0,96],[-97,0],[-97,0],[0,96],[-97,0],[0,96],[0,96],[0,97],[97,0],[97,0],[0,96],[-97,0],[0,96],[0,96],[0,96],[97,0],[97,0],[96,0],[0,-96],[97,0],[0,-96],[97,0],[0,-96],[96,0],[0,-96],[0,-97],[-96,0],[0,-96]],[[56466,111512],[-97,0],[0,-96],[0,-96],[-97,0],[0,-96],[0,-96],[97,0],[97,0]],[[56466,111128],[0,-96],[0,-97],[0,-96],[-97,0],[-97,0],[0,-96],[0,-96],[97,0],[0,-96],[0,-96],[-97,0],[-96,0],[-97,0],[-97,0]],[[56466,110455],[0,96],[96,0],[0,-96],[-96,0]],[[56949,110455],[-97,0],[0,96],[0,96],[0,96],[0,96],[97,0],[97,0],[0,-96],[0,-96],[0,-96],[0,-96],[-97,0]],[[57239,111032],[-97,0],[0,96],[0,96],[-96,0],[0,96],[-97,0],[-97,0],[0,96],[0,96],[97,0],[0,96],[97,0],[0,97],[96,0],[97,0],[0,-97],[0,-96],[0,-96],[97,0],[0,-96],[0,-96],[0,-96],[0,-96],[-97,0]],[[53952,111224],[96,0],[97,0],[97,0]],[[54242,111224],[96,0],[0,96]],[[54338,111320],[97,0],[0,-96],[97,0],[0,96],[97,0],[0,96],[96,0],[97,0],[0,96],[-97,0],[0,96],[-96,0],[-97,0],[-97,0],[0,97],[0,96],[0,96],[97,0],[0,96],[-97,0],[-97,0],[0,-96],[-96,0],[-97,0],[-97,0],[0,-96]],[[54048,111801],[-96,0],[0,-96],[0,-97],[96,0],[0,-96]],[[54048,111512],[-96,0],[0,-96]],[[53952,111416],[0,-96],[0,-96]],[[56466,111128],[0,96],[0,96],[0,96],[0,96]],[[56466,111512],[96,0],[97,0],[97,0],[0,-96],[0,-96],[0,-96],[-97,0],[0,-96],[-97,0],[-96,0]],[[54048,111416],[0,96]],[[54048,111512],[97,0],[0,-96],[-97,0]],[[53468,111608],[97,0],[0,97],[0,96],[0,96]],[[53565,111897],[97,0]],[[53662,111897],[0,-96],[96,0],[0,96],[-96,0]],[[53662,111897],[0,96],[0,96],[-97,0],[-97,0],[-96,0],[0,96],[-97,0],[-97,0],[0,-96],[97,0],[0,-96],[97,0],[96,0],[97,0],[0,-96]],[[53565,111897],[-97,0],[-96,0],[0,-96],[96,0],[0,-96],[0,-97]],[[54145,111608],[0,97]],[[54145,111705],[97,0],[0,-97],[-97,0]],[[54048,111705],[0,96]],[[54048,111801],[97,0],[0,-96]],[[54145,111705],[-97,0]],[[55209,111801],[96,0],[0,-96],[-96,0],[0,96]],[[52985,112089],[97,0],[0,96],[-97,0],[0,-96]],[[55305,112185],[0,96],[97,0],[0,-96],[-97,0]],[[52598,112377],[97,0],[0,97],[-97,0],[0,-97]],[[56176,112377],[-97,0],[0,97],[0,96],[97,0],[0,96],[0,96],[0,96],[96,0],[0,-96],[97,0],[0,-96],[0,-96],[0,-96],[0,-97],[-97,0],[-96,0]],[[54629,112570],[96,0],[0,96],[-96,0],[0,-96]],[[55209,112762],[0,96],[96,0],[0,-96],[-96,0]],[[56659,113146],[97,0],[0,-96]],[[56756,113050],[-97,0],[0,96]],[[53952,113243],[96,0],[0,96],[-96,0]],[[53952,113339],[0,96],[0,96],[-97,0],[0,-96],[0,-96],[97,0]],[[53952,113339],[0,-96]],[[56079,113916],[97,0],[0,-97]],[[56176,113819],[-97,0],[0,97]],[[53372,114300],[0,96],[96,0],[0,-96]],[[53468,114300],[-96,0]],[[54145,117376],[97,0],[0,96],[-97,0],[0,-96]],[[24365,117761],[0,96],[0,96],[-96,0],[0,96],[0,96],[0,96],[0,97],[-97,0],[0,96],[0,96],[0,96],[0,96],[-97,0],[0,96],[0,96],[0,96],[0,97],[0,96],[-96,0],[0,96],[0,96],[96,0],[0,96],[97,0],[0,96],[97,0],[0,96],[0,97],[96,0],[0,96],[97,0],[0,96],[97,0],[0,96],[96,0],[0,96],[97,0],[0,96],[97,0],[0,96],[96,0],[0,96],[97,0],[0,97],[0,96],[97,0],[0,96],[0,96],[96,0],[0,96],[0,96],[97,0],[0,96],[0,97],[97,0],[0,96],[0,96],[97,0],[0,96],[0,96],[96,0],[0,96],[0,96],[97,0],[0,96],[97,0],[0,97],[0,96],[96,0],[0,96],[0,96],[97,0],[0,96],[0,96],[97,0],[0,96],[0,96],[96,0],[0,97],[0,96],[97,0],[0,96],[0,96],[97,0],[0,96],[0,96],[96,0],[0,96],[0,97],[97,0],[0,96],[0,96],[97,0],[0,96],[0,96],[96,0],[0,96],[0,96],[97,0],[0,96],[97,0],[0,97],[0,96],[97,0],[0,96],[96,0],[0,96],[97,0],[0,96],[97,0],[0,96],[96,0],[0,96],[97,0],[0,96],[97,0],[96,0],[0,97],[0,96],[97,0],[0,96],[97,0],[0,96],[96,0],[97,0],[0,96],[97,0],[0,96],[0,96],[0,97],[0,96],[0,96],[0,96],[0,96],[0,96],[0,96],[0,96],[0,97],[0,96],[0,96],[0,96],[0,96],[0,96]],[[28233,126893],[96,0],[97,0],[0,-96],[97,0],[0,-96],[97,0],[0,-96],[96,0],[0,-96],[97,0],[97,0],[0,-96],[96,0],[0,-97],[97,0],[0,-96],[97,0],[0,-96],[96,0],[97,0],[0,-96],[97,0],[0,-96],[96,0],[0,-96],[97,0],[97,0],[0,-96],[96,0],[0,-96],[97,0],[97,0],[0,-97],[97,0],[0,-96],[96,0],[97,0],[0,-96],[97,0],[96,0],[0,-96],[97,0],[0,-96],[97,0],[96,0],[0,-96],[97,0],[97,0],[0,-96],[96,0],[0,-97],[97,0],[0,-96],[97,0],[0,-96],[96,0],[0,-96],[97,0],[0,-96],[97,0],[0,-96],[97,0],[0,-96],[96,0],[0,-96],[97,0],[0,-97],[97,0],[0,-96],[96,0],[0,-96],[97,0],[0,-96],[97,0],[0,-96],[96,0],[0,-96],[97,0],[0,-96],[97,0],[0,-96],[96,0],[0,-97],[97,0],[0,-96],[97,0],[0,-96],[0,-96],[97,0],[0,-96],[96,0],[0,-96],[97,0],[0,-96],[0,-97],[97,0],[0,-96],[96,0],[0,-96],[97,0],[0,-96],[97,0],[0,-96],[0,-96],[96,0],[0,-96],[97,0],[97,0],[0,-96],[96,0],[97,0],[97,0],[0,-97],[96,0],[97,0],[97,0],[97,0],[0,-96],[96,0],[97,0],[97,0],[0,-96],[96,0],[97,0],[97,0],[0,-96],[96,0],[97,0],[97,0],[0,-96],[96,0],[97,0],[97,0],[0,-96],[96,0],[97,0],[0,-96],[97,0],[97,0],[0,-96],[96,0],[97,0],[0,-97],[97,0],[96,0],[0,-96],[97,0],[0,-96],[97,0],[96,0],[0,-96],[97,0],[97,0],[0,-96],[96,0],[97,0],[0,-96],[97,0],[96,0],[0,-96],[97,0],[97,0],[0,-97],[97,0],[96,0],[0,-96],[97,0],[0,-96],[97,0],[96,0],[0,-96],[97,0],[97,0],[0,-96],[96,0],[0,-96],[97,0],[0,-96],[0,-96],[0,-97],[97,0],[0,-96],[0,-96],[96,0],[0,-96],[0,-96],[0,-96],[97,0],[0,-96],[0,-97],[0,-96],[97,0],[0,-96],[0,-96],[0,-96],[0,-96],[0,-96],[-97,0],[0,-96],[0,-97],[0,-96],[0,-96],[0,-96],[0,-96],[0,-96],[97,0],[0,-96],[96,0],[0,-96],[97,0],[0,-97],[97,0],[0,-96],[97,0],[0,-96],[96,0],[0,-96],[97,0],[0,-96],[97,0],[0,-96],[96,0],[0,-96],[97,0],[0,-97],[97,0],[0,-96],[96,0],[0,-96],[97,0],[0,-96]],[[37612,111128],[-97,0],[0,96],[0,96],[-97,0],[0,-96],[-97,0],[-96,0],[0,96],[-97,0],[-97,0],[0,-96],[-96,0],[0,96],[-97,0],[-97,0],[0,96],[0,96],[-96,0],[0,96],[0,97],[-97,0],[0,96],[97,0],[0,96],[-97,0],[-97,0],[-96,0],[-97,0],[-97,0]],[[36161,111897],[0,96],[0,96],[-96,0],[0,96],[0,96],[-97,0],[0,96],[-97,0],[0,-96],[0,-96],[0,-96],[97,0],[0,-96],[0,-96],[97,0],[96,0]],[[36161,111897],[0,-96],[-96,0],[0,-96],[0,-97],[0,-96],[96,0],[0,-96],[97,0],[97,0],[0,-96],[96,0],[0,96],[0,96],[97,0],[0,-96],[97,0],[0,-96],[-97,0],[0,-96],[97,0],[0,-96],[96,0],[97,0],[97,0],[0,-96]],[[36258,110359],[97,0],[96,0],[97,0],[0,96],[-97,0],[-96,0],[-97,0],[0,-96]],[[36258,111032],[97,0],[96,0],[0,96],[-96,0],[-97,0],[0,-96]],[[37321,110935],[0,97],[97,0],[97,0],[0,-97]],[[34808,111128],[96,0],[0,96],[-96,0],[0,-96]],[[37225,111608],[96,0],[0,97],[97,0],[0,96],[-97,0],[-96,0],[-97,0]],[[37128,111801],[0,96],[-97,0],[0,96]],[[37031,111993],[97,0],[0,96],[-97,0],[0,-96]],[[37031,111993],[-96,0],[-97,0],[0,-96],[-97,0],[0,-96],[97,0],[97,0],[96,0],[97,0]],[[37128,111801],[0,-96],[97,0],[0,-97]],[[34614,112666],[97,0],[97,0],[0,96],[0,96],[96,0],[0,96],[0,96],[0,96],[0,97],[97,0],[0,96],[0,96],[97,0],[96,0],[97,0],[0,96],[-97,0],[0,96],[0,96],[97,0],[0,96],[97,0],[0,97],[-97,0],[0,96],[97,0],[0,96],[-97,0],[0,96],[-97,0],[0,96],[-96,0],[-97,0],[0,96],[0,96],[0,96],[-97,0],[-96,0],[-97,0],[0,97],[-97,0],[0,96],[-96,0],[0,96],[-97,0],[-97,0],[0,-96],[-97,0],[-96,0],[-97,0],[0,-96],[97,0],[0,-97],[0,-96],[96,0],[0,-96],[97,0],[0,-96],[0,-96],[97,0],[0,-96],[97,0],[0,-96],[96,0],[0,-96],[97,0],[0,-97],[0,-96]],[[34711,113723],[-97,0],[0,-96],[-96,0],[0,-96],[0,-96],[0,-96],[96,0],[0,-96],[97,0],[0,-97],[97,0],[0,-96],[-97,0],[0,-96],[-97,0],[-96,0],[0,-96],[96,0],[0,-96],[0,-96]],[[35484,112762],[97,0],[0,96],[-97,0],[0,-96]],[[34227,113531],[97,0],[0,96],[-97,0],[0,-96]],[[34808,113531],[-97,0],[0,96],[0,96]],[[34711,113723],[97,0],[96,0],[0,-96],[0,-96],[-96,0]],[[35098,113916],[-97,0],[0,96],[0,96],[97,0],[96,0],[0,-96],[0,-96],[-96,0]],[[35871,114973],[97,0],[0,96],[0,96],[0,96],[-97,0],[0,97],[-97,0],[-96,0],[-97,0],[-97,0],[0,-97],[97,0],[0,-96],[97,0],[96,0],[0,-96],[97,0],[0,-96]],[[36838,114973],[97,0],[96,0],[0,96],[-96,0],[-97,0],[0,-96]],[[32680,115069],[97,0],[97,0],[97,0],[0,96],[96,0],[97,0],[97,0],[96,0],[0,96],[0,97],[-96,0],[-97,0],[0,96],[-97,0],[0,-96],[0,-97],[-96,0],[-97,0],[-97,0],[0,97],[-97,0],[-96,0],[0,-97],[96,0],[0,-96],[0,-96]],[[35001,115069],[97,0],[96,0],[0,96],[0,96],[-96,0],[0,97],[-97,0],[-97,0]],[[34904,115358],[0,96],[0,96],[-96,0],[0,96],[-97,0],[0,-96],[0,-96],[97,0],[0,-96],[96,0]],[[34904,115358],[0,-97],[97,0],[0,-96],[0,-96]],[[33647,115261],[97,0],[0,97],[-97,0],[0,-97]],[[34131,115742],[96,0],[97,0],[97,0],[97,0],[96,0],[97,0],[0,96],[0,96],[0,96],[0,97],[-97,0],[0,96],[-96,0],[0,96],[-97,0],[0,96],[-97,0],[-97,0],[0,96],[-96,0],[-97,0],[-97,0],[0,-96],[0,-96],[97,0],[0,-96],[0,-96],[97,0],[0,-97],[0,-96],[96,0],[0,-96],[-96,0],[0,-96]],[[35484,115838],[97,0],[0,96],[-97,0],[0,-96]],[[33164,116511],[97,0],[0,96],[96,0],[97,0],[97,0],[0,-96],[96,0],[97,0],[97,0],[0,96],[-97,0],[0,96],[0,96],[-97,0],[0,97],[-96,0],[0,96],[-97,0],[0,96],[-97,0],[-96,0]],[[33261,117088],[0,96],[0,96],[-97,0],[0,96],[-97,0],[0,96],[-96,0],[-97,0]],[[32874,117472],[0,97],[-97,0],[0,96],[0,96],[-97,0],[0,96],[0,96],[-96,0],[0,96],[-97,0],[0,96],[-97,0],[-96,0],[-97,0]],[[32197,118145],[0,96],[-97,0],[-96,0],[0,-96],[96,0],[97,0]],[[32197,118145],[0,-96],[97,0],[96,0],[0,-96],[97,0],[0,-96],[97,0],[0,-96],[0,-96],[0,-96],[96,0],[0,-97],[97,0],[97,0]],[[32874,117472],[0,-96],[97,0],[0,-96],[96,0],[0,-96],[97,0],[0,-96],[97,0]],[[33261,117088],[0,-96],[0,-96],[96,0],[0,-97],[-96,0],[0,-96],[-97,0],[0,-96],[0,-96]],[[32874,116703],[97,0],[96,0],[0,96],[-96,0],[-97,0],[0,-96]],[[35871,117472],[97,0],[0,97],[-97,0],[0,-97]],[[36258,118049],[97,0],[0,96],[-97,0],[0,-96]],[[31810,118241],[97,0],[0,97],[-97,0]],[[31810,118338],[0,96],[-96,0]],[[31714,118434],[0,96],[-97,0],[-97,0],[0,96],[-97,0],[0,-96],[-96,0],[0,-96],[96,0],[97,0],[97,0],[97,0]],[[31714,118434],[0,-96],[96,0]],[[31810,118338],[0,-97]],[[35678,118241],[96,0],[0,97],[-96,0],[0,-97]],[[33937,118530],[97,0],[0,96],[-97,0],[0,-96]],[[33647,118626],[97,0],[0,96],[-97,0],[0,-96]],[[37708,118722],[97,0],[0,96],[0,96],[-97,0],[0,96],[-96,0],[-97,0],[0,-96],[97,0],[0,-96],[96,0],[0,-96]],[[36838,118914],[97,0],[0,96]],[[36935,119010],[96,0],[97,0],[0,97],[-97,0],[-96,0],[0,-97]],[[36935,119010],[-97,0],[0,-96]],[[29103,119010],[97,0],[0,97],[-97,0],[0,-97]],[[37321,119010],[97,0],[0,97],[-97,0],[0,-97]],[[31907,119107],[97,0],[96,0],[0,96],[0,96],[0,96],[-96,0],[0,96],[-97,0],[0,96],[-97,0],[-96,0],[0,96],[-97,0]],[[31617,119683],[0,97],[-97,0],[0,-97],[97,0]],[[31617,119683],[0,-96],[0,-96],[97,0],[0,-96],[96,0],[0,-96],[97,0],[0,-96],[0,-96]],[[34131,119107],[96,0],[0,96],[-96,0],[0,-96]],[[30167,119203],[96,0],[0,96],[-96,0],[0,-96]],[[28233,119587],[96,0],[0,96],[-96,0]],[[28233,119683],[0,97],[-97,0],[0,-97],[97,0]],[[28233,119683],[0,-96]],[[34518,119780],[96,0],[0,96],[-96,0],[0,-96]],[[31230,119876],[97,0],[0,96],[-97,0]],[[31230,119972],[0,96],[-97,0],[0,-96],[97,0]],[[31230,119972],[0,-96]],[[30940,120260],[97,0],[0,96],[-97,0]],[[30940,120356],[0,96],[-97,0]],[[30843,120452],[0,97],[-96,0],[0,-97],[96,0]],[[30843,120452],[0,-96],[97,0]],[[30940,120356],[0,-96]],[[33841,120260],[96,0],[0,96],[0,96],[97,0],[0,97],[-97,0],[0,96],[-96,0],[0,96],[-97,0],[0,96],[-97,0],[-96,0]],[[33551,120837],[0,96],[-97,0],[-97,0],[0,-96],[97,0],[97,0]],[[33551,120837],[0,-96],[0,-96],[0,-96],[96,0],[97,0],[0,-97],[97,0],[0,-96],[0,-96]],[[28039,120549],[97,0],[0,96],[-97,0],[0,-96]],[[31230,120837],[97,0],[96,0],[0,96],[-96,0],[-97,0],[0,-96]],[[32874,121318],[97,0],[96,0],[0,96],[0,96],[0,96],[0,96],[-96,0],[0,-96],[-97,0],[0,-96],[0,-96],[0,-96]],[[32680,121606],[97,0],[0,96],[-97,0],[0,-96]],[[32294,122279],[96,0],[0,96],[-96,0],[0,-96]],[[27266,122952],[97,0],[96,0],[0,96],[-96,0],[-97,0],[0,-96]],[[29876,123336],[97,0],[0,97],[-97,0],[0,-97]],[[27943,123625],[96,0],[97,0],[0,96],[97,0],[96,0],[0,96],[-96,0],[-97,0],[-97,0],[-96,0],[-97,0],[-97,0],[0,96],[-96,0],[-97,0],[-97,0],[0,-96],[97,0],[97,0],[0,-96],[96,0],[97,0],[97,0],[0,-96]],[[28910,123625],[96,0],[97,0],[97,0],[0,96],[-97,0],[-97,0],[-96,0],[0,-96]],[[28716,123721],[97,0],[0,96],[-97,0],[0,-96]],[[29393,124105],[97,0],[96,0],[0,97],[-96,0],[-97,0]],[[29393,124202],[0,96],[-97,0]],[[29296,124298],[0,96],[-96,0],[0,-96],[96,0]],[[29296,124298],[0,-96],[97,0]],[[29393,124202],[0,-97]],[[28813,124394],[97,0],[0,96],[-97,0],[0,-96]],[[28329,124874],[97,0],[97,0],[97,0],[96,0],[0,97],[0,96],[0,96],[-96,0],[-97,0],[-97,0],[-97,0],[-96,0],[0,-96],[0,-96],[96,0],[0,-97]],[[45347,114108],[0,96],[96,0],[0,96],[0,96],[97,0],[0,96],[0,96],[97,0],[0,97],[0,96],[96,0],[0,96],[0,96],[97,0],[0,96],[0,96],[97,0],[0,96]],[[45927,115261],[96,0],[0,-96],[97,0],[97,0],[0,-96],[96,0],[0,-96],[97,0],[97,0],[0,-96],[96,0],[97,0],[0,-96],[97,0],[97,0],[0,-96],[96,0],[97,0],[0,-97],[97,0],[96,0],[0,-96],[97,0],[0,-96],[97,0],[96,0],[0,-96],[97,0],[97,0],[0,-96],[96,0],[0,-96],[97,0],[97,0],[0,-96],[96,0],[0,-96],[97,0],[97,0],[0,-97],[97,0],[0,-96],[96,0],[97,0],[0,-96],[97,0],[0,-96],[96,0],[0,-96],[97,0],[97,0],[0,-96],[96,0],[0,-96],[97,0],[0,-97],[97,0],[96,0],[0,-96],[97,0],[0,-96],[97,0],[0,-96],[96,0],[0,-96],[97,0],[0,-96],[97,0],[0,-96],[97,0],[0,-96],[96,0],[0,-97],[97,0],[0,-96],[97,0],[0,-96],[96,0],[0,-96],[97,0],[0,-96],[97,0]],[[47087,112666],[97,0],[0,96],[-97,0],[0,-96]],[[53952,111416],[96,0]],[[54338,111320],[-96,0],[0,-96]],[[45927,115261],[0,97],[96,0],[0,96],[0,96],[0,96],[97,0],[0,96],[0,96],[0,96],[97,0],[0,96],[0,97],[96,0],[0,96],[0,96],[0,96],[97,0],[0,96],[0,96],[0,96],[97,0],[0,96],[0,97],[96,0],[0,96],[0,96],[0,96],[97,0],[0,96],[0,96],[0,96],[97,0],[0,97],[0,96],[97,0],[0,96],[0,96],[0,96],[96,0],[0,96],[0,96],[97,0],[0,96],[0,97],[0,96],[97,0],[0,96],[-97,0],[0,96],[97,0],[0,96],[96,0],[0,96],[0,96],[97,0],[0,96],[0,97],[97,0],[96,0],[0,96],[97,0],[97,0],[0,96],[96,0],[97,0],[0,96],[97,0],[96,0],[0,96],[97,0],[97,0],[97,0],[0,-96],[96,0],[0,-96],[97,0],[0,-96],[97,0],[96,0],[0,-96],[97,0],[0,-97],[97,0],[0,-96],[96,0],[0,-96],[97,0],[0,-96],[97,0],[0,-96],[96,0],[97,0]],[[49504,118626],[0,-96],[97,0]],[[49601,118530],[0,-96],[96,0],[0,96],[97,0],[0,96],[97,0],[97,0],[0,96],[96,0],[0,96],[97,0],[0,96],[97,0],[0,96],[96,0],[0,97],[97,0],[0,96],[97,0],[0,96],[96,0],[0,96],[97,0],[0,96],[97,0],[0,96],[96,0],[0,96],[97,0],[0,97],[97,0],[96,0],[0,96],[97,0],[97,0],[0,96],[97,0],[96,0],[0,96],[97,0],[97,0],[0,96],[96,0],[97,0],[0,96],[97,0],[96,0],[0,96],[97,0],[97,0]],[[52405,120356],[0,-96],[96,0],[0,-96],[0,-96],[97,0],[0,-96],[97,0],[0,-96],[0,-96],[96,0],[0,-97],[97,0],[0,-96],[0,-96],[97,0],[0,-96],[97,0],[0,-96],[96,0],[0,-96],[0,-96],[97,0],[0,-97],[97,0],[0,-96],[0,-96]],[[51921,113435],[97,0],[0,96],[-97,0]],[[51921,113531],[0,96],[97,0],[97,0]],[[52115,113627],[0,-96],[0,-96],[96,0],[97,0],[0,96],[-97,0],[0,96]],[[52211,113627],[97,0],[0,96],[-97,0]],[[52211,113723],[0,96],[-96,0],[0,97],[-97,0],[0,96],[0,96],[-97,0],[0,-96],[0,-96],[0,-97],[-96,0],[0,-96],[0,-96],[0,-96],[96,0]],[[51921,113531],[0,-96]],[[52115,113627],[0,96],[96,0]],[[52211,113723],[0,-96]],[[52211,113627],[-96,0]],[[50664,115165],[97,0],[0,96],[-97,0],[0,-96]],[[52308,116030],[97,0],[0,97],[-97,0],[0,-97]],[[50278,116799],[96,0],[0,97],[-96,0]],[[50278,116896],[0,96],[0,96],[-97,0],[0,-96],[0,-96],[97,0]],[[50278,116896],[0,-97]],[[52695,116799],[96,0],[0,97],[-96,0],[0,-97]],[[51341,117184],[97,0],[0,96],[-97,0],[0,-96]],[[61493,112089],[0,-96],[-96,0],[0,96],[-97,0],[-97,0],[0,96],[0,96],[0,96],[0,97],[97,0],[0,96],[0,96],[97,0],[0,-96],[0,-96],[0,-97],[0,-96],[96,0],[0,-96],[97,0],[0,-96],[-97,0]],[[60913,113531],[-96,0],[0,96],[0,96],[0,96],[-97,0],[0,97],[0,96],[0,96],[97,0],[96,0],[0,96],[97,0],[0,-96],[97,0],[96,0],[0,96],[97,0],[97,0]],[[61397,114204],[0,-96],[0,-96],[0,-96],[0,-97],[-97,0],[0,-96],[0,-96],[0,-96],[-97,0],[-96,0],[-97,0],[-97,0]],[[62750,113531],[0,96],[97,0],[0,-96],[-97,0]],[[61397,114204],[0,96],[-97,0],[-97,0],[0,96],[-96,0],[-97,0],[0,96],[0,96],[0,97],[0,96],[-97,0],[0,96],[-96,0],[0,96],[-97,0],[0,-96],[0,-96],[0,-96],[0,-97],[0,-96],[-97,0],[-97,0],[-96,0],[0,-96],[0,-96],[-97,0],[-97,0]],[[60236,114300],[0,96],[97,0],[0,96],[-97,0],[0,96],[0,97],[0,96],[0,96],[0,96],[0,96],[0,96],[0,96],[0,97],[-96,0],[0,96],[-97,0],[0,96],[0,96],[-97,0],[0,96],[-96,0],[0,96],[-97,0],[0,96],[-97,0],[0,96],[0,97],[-96,0],[0,96],[-97,0],[0,96],[0,96],[-97,0],[0,96],[-96,0],[0,96],[-97,0],[0,96],[0,96],[-97,0],[0,97],[-97,0],[0,96],[-96,0],[0,96]],[[58883,117088],[96,0],[0,96],[97,0],[97,0],[0,96],[97,0],[0,96],[96,0],[0,96],[97,0],[97,0],[0,97],[96,0],[0,96],[97,0],[97,0],[0,96],[96,0],[0,96],[97,0],[0,96],[97,0],[96,0],[0,-96],[0,-96],[97,0],[0,96],[97,0],[96,0],[0,96],[97,0],[0,96],[0,96],[-97,0],[0,96],[97,0],[0,97],[97,0],[0,96],[97,0],[0,96],[96,0],[97,0],[0,96]],[[61010,118626],[97,0],[96,0],[97,0],[0,-96],[0,-96],[0,-96],[97,0],[0,-97],[0,-96],[0,-96],[96,0],[0,-96],[0,-96],[0,-96],[0,-96],[97,0],[0,-96],[0,-97],[97,0],[0,-96],[96,0],[0,-96],[0,-96],[97,0],[0,-96],[97,0],[0,-96],[96,0],[0,-96],[0,-97],[0,-96],[0,-96],[97,0],[0,-96],[0,-96],[97,0],[0,-96],[97,0],[96,0],[0,-96],[0,-96],[0,-97],[97,0],[0,-96],[0,-96],[97,0],[0,-96],[0,-96],[0,-96],[0,-96],[96,0],[0,-96]],[[62750,115358],[-96,0],[-97,0]],[[62557,115358],[0,96],[-97,0],[0,-96],[97,0]],[[62557,115358],[0,-97],[0,-96],[97,0],[0,-96],[96,0],[0,96]],[[62750,115165],[97,0],[0,-96],[0,-96],[-97,0],[-96,0],[-97,0],[-97,0],[0,-96],[-96,0],[0,96],[-97,0],[0,-96],[0,-96],[97,0],[0,-96],[-97,0],[-97,0],[0,-97],[-97,0],[-96,0]],[[61977,114588],[0,97],[-97,0],[0,-97],[97,0]],[[61977,114588],[0,-96],[-97,0],[0,-96],[-97,0],[-96,0],[-97,0],[0,-96],[0,-96],[-97,0],[-96,0]],[[59463,117184],[97,0],[0,96],[-97,0],[0,-96]],[[57723,112762],[0,-96],[-97,0],[0,96],[-97,0],[0,96],[0,96],[-97,0],[0,96],[-96,0],[0,96],[-97,0],[0,97],[0,96],[0,96],[0,96],[0,96],[97,0],[96,0],[97,0],[97,0],[97,0]],[[57723,113627],[0,-96],[0,-96],[0,-96],[96,0],[0,-96],[97,0],[0,-97],[0,-96],[0,-96],[-97,0],[0,-96],[0,-96],[-96,0]],[[56659,113146],[-97,0],[0,97],[0,96],[0,96],[0,96],[0,96],[0,96],[0,96]],[[56562,113819],[97,0],[97,0],[0,-96],[96,0],[0,-96],[97,0],[0,-96],[0,-96],[97,0],[0,-96],[0,-96],[0,-97],[0,-96],[-97,0],[-97,0],[-96,0]],[[58303,113146],[-97,0],[0,97],[-97,0],[0,96],[0,96],[0,96],[0,96],[-96,0],[-97,0],[-97,0],[-96,0]],[[57723,113627],[0,96],[-97,0],[-97,0],[0,96],[-97,0],[0,97],[-96,0],[-97,0],[0,96],[-97,0],[-96,0],[-97,0],[0,96],[0,96],[0,96],[0,96],[-97,0],[0,96],[-96,0],[0,96],[-97,0],[0,97],[-97,0],[0,-97],[-96,0],[0,97],[0,96],[-97,0]],[[56369,114781],[0,96],[-97,0],[0,-96],[97,0]],[[56369,114781],[0,-96],[0,-97],[0,-96],[97,0],[0,-96],[0,-96],[0,-96],[0,-96],[0,-96],[96,0],[0,-96],[0,-97]],[[56562,113819],[-96,0],[0,-96],[0,-96],[0,-96],[0,-96],[-97,0],[-97,0],[0,96],[0,96],[0,96],[0,96],[-96,0]],[[54435,117472],[0,97],[97,0],[0,96],[0,96],[0,96],[97,0],[96,0],[0,96],[0,96],[97,0],[0,96],[97,0],[0,96],[0,97],[96,0],[0,96],[0,96],[97,0],[0,96],[97,0],[0,-96],[96,0],[97,0],[0,-96],[97,0],[96,0],[97,0],[0,-96],[97,0],[96,0],[0,-97],[97,0],[97,0],[0,-96],[97,0],[96,0],[0,-96],[97,0],[97,0],[96,0],[97,0],[97,0],[96,0],[0,-96],[0,-96],[97,0],[0,-96],[97,0],[96,0],[0,96],[0,96],[0,96],[0,96],[97,0],[97,0],[96,0],[97,0],[97,0],[97,0],[96,0],[97,0],[97,0],[96,0],[97,0]],[[58206,118145],[0,-96],[0,-96],[0,-96],[0,-96],[0,-96],[0,-96],[97,0],[0,-97],[96,0],[0,-96],[97,0],[97,0],[0,-96],[96,0],[0,-96],[97,0],[0,-96],[97,0]],[[60236,114300],[-96,0],[0,96],[0,96],[-97,0],[0,96],[-97,0],[0,-96],[0,-96],[0,-96],[-96,0],[-97,0],[0,-96],[0,-96],[0,-96],[-97,0],[0,-96],[0,-97],[-96,0],[-97,0],[0,97],[-97,0],[0,96],[0,96],[0,96],[-96,0],[0,96],[0,96],[-97,0],[0,-96],[0,-96],[-97,0],[-97,0],[-96,0],[0,96],[-97,0],[0,96],[-97,0]],[[58689,114396],[0,96],[-96,0],[0,-96],[96,0]],[[58689,114396],[0,-96],[0,-96],[97,0],[0,-96],[97,0],[0,-96],[96,0],[97,0],[0,-96],[-97,0],[-96,0],[0,-97],[96,0],[97,0],[0,-96],[97,0],[0,-96],[97,0],[0,-96],[0,-96],[-97,0],[-97,0],[0,-96],[-97,0],[-96,0],[0,96],[-97,0],[0,96],[-97,0],[0,96],[-96,0],[-97,0],[0,-96],[97,0],[0,-96],[0,-96],[-97,0],[-97,0],[0,-96],[0,-97],[-96,0]],[[58496,113723],[97,0],[0,96],[-97,0],[0,-96]],[[59560,114396],[96,0],[97,0],[0,96],[0,96],[-97,0],[-96,0],[0,-96],[0,-96]],[[58206,114685],[97,0],[0,96],[96,0],[0,-96],[97,0],[0,96],[0,96],[-97,0],[0,96],[-96,0],[0,96],[-97,0],[0,96],[-97,0],[0,-96],[0,-96],[97,0],[0,-96],[0,-96],[0,-96]],[[56079,114973],[97,0],[0,96],[-97,0],[0,-96]],[[56176,116799],[96,0],[0,97],[-96,0],[0,-97]],[[28233,126893],[0,96],[0,97],[0,96],[-97,0],[0,96],[0,96],[-97,0],[0,96],[0,96],[-96,0],[0,96],[-97,0],[0,96],[0,97],[-97,0],[0,96],[0,96],[-96,0],[0,96],[0,96],[-97,0],[0,96],[0,96],[-97,0],[0,96],[-96,0],[0,97],[0,96],[-97,0],[0,96],[0,96],[-97,0],[0,96],[0,96],[-96,0],[0,96],[-97,0],[0,97],[0,96],[-97,0],[0,96],[0,96],[0,96],[97,0],[0,96],[0,96],[0,96],[97,0],[0,97],[0,96],[0,96],[0,96],[96,0],[0,96],[97,0],[0,96],[97,0],[96,0],[97,0],[97,0],[96,0],[97,0],[0,96],[97,0],[96,0],[97,0],[97,0],[0,97],[0,96],[96,0],[0,96],[0,96],[97,0],[0,96],[0,96],[97,0],[0,96],[0,96],[97,0],[0,97],[0,96],[96,0],[0,96],[0,96],[0,96],[97,0],[0,96],[0,96],[0,96],[0,97],[97,0],[0,96],[0,96],[0,96],[0,96],[96,0],[0,96],[0,96],[0,97],[0,96],[0,96],[97,0],[0,96],[0,96],[0,96],[0,96],[97,0],[0,96],[0,97],[0,96],[0,96],[96,0],[0,96],[0,96],[0,96],[0,96],[0,96],[97,0],[0,97],[0,96]],[[29393,134584],[97,0],[96,0],[97,0],[0,-96],[97,0],[96,0],[0,-97],[97,0],[97,0],[0,-96],[0,-96],[97,0],[96,0],[0,-96],[97,0],[0,-96],[97,0],[96,0],[0,-96],[0,-96],[97,0],[0,-96],[97,0],[96,0],[0,-97],[97,0],[97,0],[96,0]],[[31133,133622],[0,-96],[97,0],[0,-96],[97,0],[0,-96],[96,0],[0,-96],[0,-96],[97,0],[97,0],[0,-96],[97,0],[0,-96],[0,-97],[0,-96],[96,0],[0,-96],[97,0],[0,-96],[97,0],[96,0],[0,-96],[97,0],[0,-96],[0,-96],[0,-97],[-97,0],[-96,0]],[[32004,132180],[0,97],[0,96],[-97,0],[-97,0]],[[31810,132373],[0,96],[-96,0],[0,-96],[96,0]],[[31810,132373],[0,-96],[0,-97],[97,0],[97,0]],[[32004,132180],[0,-96],[96,0],[97,0],[0,-96],[0,-96],[0,-96],[97,0],[96,0],[0,96],[0,96],[0,96],[97,0],[97,0],[96,0],[97,0],[97,0],[97,0],[96,0],[0,-96],[0,-96],[0,-96],[97,0],[97,0],[0,-96],[96,0],[97,0],[0,96],[97,0],[0,-96],[96,0],[0,-96],[97,0],[97,0],[96,0],[0,-96],[97,0],[97,0],[96,0],[97,0],[0,-97],[0,-96],[97,0],[97,0],[96,0],[97,0],[97,0],[96,0],[97,0]],[[35001,131315],[97,0]],[[35098,131315],[0,-96],[0,-96],[96,0],[0,-96],[0,-96],[97,0],[0,96],[97,0],[96,0]],[[35484,131027],[0,-96]],[[35484,130931],[0,-96],[97,0]],[[35581,130835],[97,0],[0,-96],[96,0],[0,-97],[0,-96],[97,0],[0,-96],[97,0],[97,0],[0,-96],[96,0],[97,0],[0,-96],[0,-96]],[[36258,130162],[0,-96],[97,0]],[[36355,130066],[0,-97],[96,0],[0,-96],[97,0],[0,-96],[97,0],[0,-96],[96,0],[0,-96],[97,0],[97,0],[0,-96],[96,0],[0,96],[97,0],[97,0],[96,0],[97,0]],[[37418,129585],[0,-96],[97,0]],[[37515,129489],[97,0],[96,0],[0,96]],[[37708,129585],[97,0]],[[37805,129585],[97,0],[0,-96],[96,0],[97,0]],[[38095,129489],[0,-96],[97,0]],[[38192,129393],[0,-96],[96,0],[0,-97],[97,0],[97,0],[0,-96]],[[38482,129104],[0,-96],[96,0]],[[38578,129008],[0,-96],[0,-96],[97,0],[0,-96]],[[38675,128720],[0,-96],[97,0]],[[38772,128624],[96,0],[97,0],[97,0],[0,-97],[97,0],[96,0],[0,-96],[97,0],[97,0],[0,-96],[96,0],[0,-96]],[[39545,128239],[0,-96],[97,0]],[[39642,128143],[0,-96]],[[39642,128047],[0,-96],[0,-96],[97,0],[0,-97],[0,-96],[96,0],[0,-96],[97,0],[0,-96],[97,0],[96,0],[97,0],[0,-96],[0,-96],[97,0]],[[40319,127278],[0,-96],[96,0],[0,-96],[0,-97],[97,0],[0,-96],[97,0],[0,-96],[97,0],[0,96],[96,0],[0,96],[97,0],[97,0],[96,0],[97,0],[97,0],[96,0],[0,-96],[97,0],[0,-96],[97,0],[0,-96],[0,-96],[96,0],[0,96],[97,0],[97,0],[0,-96],[96,0],[0,-96],[97,0],[0,-96],[-97,0],[-96,0],[-97,0],[0,96],[-97,0],[0,-96],[0,-97],[97,0],[97,0],[96,0],[97,0],[0,-96],[97,0],[97,0],[0,-96],[96,0],[0,-96],[97,0],[0,96]],[[42446,126124],[97,0],[0,-96],[0,-96],[96,0],[0,-96],[0,-96],[0,-96],[97,0],[0,-97],[0,-96],[0,-96],[97,0],[0,-96],[96,0],[97,0],[0,-96],[97,0],[0,-96],[96,0],[0,-96],[97,0],[97,0],[0,-97],[96,0],[0,-96],[97,0],[97,0],[0,-96],[97,0],[0,-96],[96,0],[97,0],[0,-96],[97,0],[0,-96],[96,0],[97,0],[0,-96],[97,0],[0,-96],[96,0],[97,0],[0,-97],[97,0],[0,-96],[96,0],[97,0],[0,-96],[97,0],[0,-96],[96,0],[97,0],[0,-96],[97,0],[97,0],[0,-96],[96,0],[0,-96],[97,0],[97,0],[0,-96],[96,0],[97,0],[0,-97],[97,0],[96,0],[0,-96],[97,0],[0,-96],[97,0],[96,0],[0,-96],[97,0],[97,0],[0,-96],[96,0],[0,-96],[97,0],[0,-96],[97,0],[97,0],[0,-97],[96,0],[0,-96],[97,0],[0,-96],[97,0],[96,0],[0,-96],[97,0],[0,-96],[97,0],[96,0],[0,-96],[97,0],[0,-96],[97,0],[0,-96],[96,0],[97,0],[0,-97],[0,-96],[97,0],[0,-96],[0,-96],[96,0],[0,-96],[0,-96],[97,0],[0,-96],[0,-96],[97,0],[0,-97],[0,-96],[97,0],[0,-96],[0,-96],[96,0],[0,-96],[0,-96],[97,0],[0,-96],[0,-97],[0,-96],[97,0],[0,-96],[0,-96],[96,0],[0,-96],[0,-96],[97,0],[0,-96],[0,-96],[97,0],[0,-97],[0,-96],[96,0],[0,-96],[0,-96],[97,0],[0,-96],[0,-96],[97,0],[0,-96],[0,-97],[96,0],[0,-96],[0,-96],[97,0],[0,-96],[0,-96]],[[49504,118626],[97,0],[0,-96]],[[41479,121414],[97,0],[0,96],[-97,0],[0,-96]],[[41866,121510],[96,0],[0,96],[-96,0],[0,-96]],[[38482,121606],[96,0],[97,0],[0,96],[-97,0],[0,96],[-96,0],[0,96],[-97,0],[0,-96],[0,-96],[97,0],[0,-96]],[[41672,121606],[97,0],[0,96],[-97,0],[0,-96]],[[38772,121894],[96,0],[0,97],[-96,0],[0,-97]],[[38095,122087],[97,0],[0,96],[-97,0],[0,-96]],[[40996,122087],[96,0],[97,0],[97,0],[0,96],[0,96],[-97,0],[-97,0],[-96,0],[-97,0],[0,96],[-97,0],[0,96],[0,96],[0,96],[0,97],[0,96],[-96,0],[0,-96],[-97,0],[-97,0],[0,-97],[0,-96],[97,0],[0,-96],[0,-96],[-97,0],[0,-96],[97,0],[0,-96],[97,0],[96,0],[97,0],[97,0],[0,-96]],[[37805,122279],[97,0],[0,96],[-97,0],[0,-96]],[[39932,122567],[97,0],[96,0],[97,0],[0,96],[-97,0],[0,97],[-96,0],[-97,0]],[[39932,122760],[0,96],[-97,0],[0,-96],[97,0]],[[39932,122760],[0,-97],[0,-96]],[[43413,122760],[96,0],[0,96],[-96,0],[0,-96]],[[34518,122952],[96,0],[0,96],[-96,0],[0,-96]],[[39739,122952],[96,0],[0,96],[-96,0],[0,-96]],[[39545,123336],[97,0],[0,97],[0,96],[-97,0],[-96,0]],[[39449,123529],[0,96],[-97,0],[0,-96],[97,0]],[[39449,123529],[0,-96],[96,0],[0,-97]],[[38965,123529],[97,0],[0,96],[-97,0],[0,-96]],[[38578,123625],[97,0],[0,96],[-97,0],[0,-96]],[[35291,123721],[97,0],[0,96],[-97,0],[0,-96]],[[34614,123817],[97,0],[0,96],[-97,0],[0,-96]],[[38095,123817],[97,0],[0,96],[-97,0]],[[38095,123913],[0,96],[-97,0],[0,-96],[97,0]],[[38095,123913],[0,-96]],[[34227,123913],[97,0],[0,96],[-97,0],[0,-96]],[[37612,124009],[96,0],[0,96],[-96,0],[0,-96]],[[34034,124105],[97,0],[0,97],[-97,0],[0,-97]],[[37418,125067],[97,0],[0,96],[0,96],[0,96],[0,96],[0,96],[-97,0],[0,97],[-97,0],[0,96],[0,96],[-96,0],[0,96],[-97,0],[0,96],[-97,0],[0,-96],[-96,0],[-97,0],[-97,0],[-96,0],[-97,0],[-97,0],[-96,0],[-97,0],[0,96],[-97,0],[-96,0],[0,-96],[-97,0],[-97,0],[-97,0],[0,-96],[97,0],[97,0],[97,0],[96,0],[97,0],[97,0],[96,0],[97,0],[97,0],[96,0],[97,0],[0,-96],[97,0],[96,0],[0,-96],[97,0],[97,0],[0,-97],[0,-96],[96,0],[0,-96],[0,-96],[97,0],[0,-96],[0,-96]],[[30070,126509],[97,0],[0,96],[-97,0],[0,-96]],[[36161,126509],[97,0],[0,96],[-97,0]],[[36161,126605],[0,96],[-96,0],[0,-96],[96,0]],[[36161,126605],[0,-96]],[[36451,127758],[97,0],[0,97],[-97,0],[0,-97]],[[28910,128431],[96,0],[97,0],[97,0],[96,0],[0,96],[0,97],[97,0],[0,96],[-97,0],[-96,0],[0,96],[0,96],[-97,0],[0,96],[97,0],[0,96],[96,0],[97,0],[97,0]],[[29490,129104],[0,-96],[96,0],[97,0],[0,96],[-97,0],[-96,0]],[[29490,129104],[0,96],[-97,0],[-97,0],[-96,0],[0,97],[-97,0],[-97,0],[-96,0],[-97,0],[-97,0],[-96,0],[-97,0],[-97,0],[-97,0],[-96,0],[-97,0],[-97,0],[0,-97],[97,0],[0,-96],[0,-96],[97,0],[0,-96],[96,0],[97,0],[97,0],[0,-96],[97,0],[0,96],[0,96],[0,96],[96,0],[97,0],[0,-96],[97,0],[0,-96],[0,-96],[-97,0],[0,-96],[97,0],[0,-96],[0,-97],[0,-96]],[[28426,129681],[97,0],[0,96],[97,0],[96,0],[97,0],[97,0],[0,96],[96,0],[0,96],[97,0],[97,0],[96,0],[97,0],[0,97],[97,0],[96,0],[97,0],[97,0],[96,0],[0,96],[97,0],[0,96],[0,96],[0,96],[-97,0],[0,-96],[-96,0],[-97,0],[0,-96],[-97,0],[-96,0],[0,-96],[-97,0],[-97,0],[0,-96],[-96,0],[-97,0],[-97,0],[-96,0],[-97,0],[-97,0],[-96,0],[0,96],[-97,0],[-97,0],[0,96],[-97,0],[-96,0],[-97,0],[0,-96],[0,-96],[97,0],[96,0],[0,-97],[0,-96],[-96,0],[0,-96],[96,0],[97,0],[0,-96]],[[30167,130835],[96,0],[0,96],[-96,0],[0,-96]],[[29490,130931],[96,0],[97,0],[97,0],[96,0],[97,0],[0,96],[0,96],[-97,0],[-96,0],[-97,0],[0,-96],[-97,0],[-96,0],[0,-96]],[[31133,131123],[97,0],[0,96],[-97,0],[0,-96]],[[35291,131219],[97,0],[0,-96]],[[35388,131123],[-97,0],[0,96]],[[29296,131700],[97,0],[0,96],[-97,0],[0,-96]],[[62750,115358],[0,-97],[0,-96]],[[58206,118145],[0,96],[0,97],[0,96],[0,96],[0,96],[0,96],[0,96],[0,96],[0,96],[-97,0],[0,97],[-96,0],[0,96],[0,96],[-97,0],[0,96],[0,96],[-97,0],[0,96],[-96,0],[0,96],[0,97],[-97,0],[0,96],[0,96]],[[57626,119972],[97,0],[0,96]],[[57723,120068],[96,0],[97,0],[0,96],[0,96],[-97,0],[0,96],[-96,0],[0,-96],[-97,0],[0,96],[-97,0],[0,96],[0,97],[-97,0],[0,96],[0,96],[-96,0],[0,96],[96,0],[0,96],[-96,0],[0,96],[0,96],[0,97],[0,96],[-97,0],[0,96],[0,96],[0,96],[0,96],[-97,0],[0,96],[0,96],[0,97],[0,96],[-96,0],[0,96],[0,96],[0,96],[0,96],[-97,0],[0,96],[0,96],[0,97],[0,96],[-97,0],[0,96],[0,96],[0,96],[0,96],[-96,0],[0,96]],[[56756,123336],[0,97],[96,0],[97,0],[97,0],[0,96],[96,0],[97,0],[97,0],[0,96],[0,96],[96,0],[0,-96],[97,0],[97,0],[97,0],[0,96],[96,0],[97,0],[97,0],[0,96],[96,0],[97,0],[97,0],[0,96],[0,96],[-97,0],[0,96],[0,97],[-97,0],[0,96],[0,96],[0,96],[-96,0],[0,96],[0,96],[0,96],[-97,0],[0,96],[0,97],[-97,0],[0,96],[0,96],[0,96],[-96,0],[0,96],[0,96],[0,96],[-97,0],[0,97],[0,96],[-97,0],[0,96],[0,96],[0,96],[-97,0],[0,96],[0,96],[0,96],[-96,0],[0,97],[0,96],[-97,0],[0,96],[0,96],[0,96],[97,0],[96,0],[97,0],[97,0],[97,0],[0,-96],[96,0],[97,0],[97,0],[96,0],[0,-96],[97,0],[0,96],[97,0],[96,0],[97,0],[97,0],[0,-96],[96,0],[97,0],[97,0],[96,0],[97,0],[97,0],[97,0],[96,0],[0,-96],[97,0],[97,0],[96,0],[97,0],[97,0],[96,0]],[[59946,126509],[97,0],[0,-96],[97,0],[0,-97],[96,0],[0,-96],[97,0],[0,-96],[0,-96],[97,0],[0,-96],[0,-96],[96,0],[0,-96],[0,-96],[0,-97],[0,-96],[0,-96],[0,-96],[0,-96],[-96,0],[-97,0]],[[60333,125163],[0,96],[-97,0],[0,-96],[97,0]],[[60333,125163],[0,-96],[-97,0],[0,-96],[-96,0],[0,-97],[96,0],[0,-96],[0,-96],[0,-96],[97,0],[0,-96],[0,-96],[0,-96],[0,-96],[0,-97],[0,-96],[0,-96],[0,-96],[0,-96],[0,-96],[0,-96],[0,-96],[97,0],[0,-97],[0,-96],[0,-96],[0,-96],[0,-96],[-97,0],[0,-96],[0,-96],[0,-97],[-97,0],[0,-96],[-96,0],[0,-96],[0,-96],[0,-96],[0,-96],[-97,0],[0,-96],[-97,0],[0,-96],[-96,0],[0,-97],[96,0],[0,-96],[-96,0],[0,-96],[-97,0],[0,-96],[-97,0],[0,-96],[0,-96],[0,-96],[0,-96],[97,0],[0,-97],[0,-96],[97,0],[0,-96],[0,-96],[96,0],[0,-96],[0,-96],[-96,0],[0,-96],[0,-97],[0,-96],[0,-96],[0,-96],[0,-96],[0,-96],[0,-96],[96,0],[0,-96],[0,-97],[97,0],[0,-96],[0,-96],[97,0],[0,-96],[0,-96],[0,-96],[96,0],[0,-96],[97,0],[0,-97],[0,-96],[0,-96],[97,0],[96,0],[97,0],[0,-96],[97,0],[97,0],[96,0],[97,0],[0,-96]],[[57723,121222],[96,0],[0,96],[-96,0],[0,-96]],[[52405,120356],[0,96],[96,0],[97,0],[0,97],[97,0],[96,0],[0,96],[97,0],[0,96],[97,0],[0,96],[0,96],[0,96],[0,96],[0,97],[0,96],[0,96],[0,96],[0,96],[0,96],[-97,0],[0,96],[0,96],[0,97],[0,96],[0,96],[0,96],[0,96],[-97,0],[0,96],[-96,0],[0,96],[-97,0],[-97,0],[0,96],[-96,0],[0,97],[-97,0],[0,96],[-97,0],[0,96],[0,96],[0,96],[0,96],[97,0],[0,96],[0,97],[0,96],[97,0],[0,96],[0,96],[0,96],[0,96],[96,0],[0,96],[0,96],[0,97],[0,96],[0,96],[97,0],[0,96],[97,0],[96,0],[0,96],[-96,0],[0,96],[0,96]],[[52695,124778],[96,0],[97,0],[97,0],[0,-96],[97,0],[96,0],[97,0],[0,-96],[97,0],[96,0],[0,-96],[97,0],[97,0],[96,0],[97,0],[0,96],[97,0],[0,-96],[96,0],[0,-96],[97,0],[0,-96],[97,0],[0,-96],[96,0],[97,0],[97,0],[0,-97],[97,0],[96,0],[97,0],[0,-96],[97,0],[96,0],[0,-96],[97,0],[97,0],[96,0],[0,-96],[97,0],[97,0]],[[55499,123817],[0,-96],[96,0],[97,0],[0,-96],[97,0],[96,0],[97,0],[0,-96],[97,0],[97,0],[0,-96],[96,0],[97,0],[0,-97],[97,0],[96,0],[97,0],[97,0]],[[57723,120068],[-97,0],[0,-96]],[[55499,123817],[0,96],[96,0],[0,-96],[-96,0]],[[42446,126124],[0,96],[0,96],[-97,0],[0,97],[-96,0],[0,96],[-97,0],[0,96],[-97,0],[0,96],[-97,0],[0,96],[-96,0],[-97,0],[0,96],[-97,0],[-96,0],[0,96],[-97,0],[0,97],[-97,0],[-96,0],[0,96],[-97,0],[0,-96],[-97,0],[-96,0],[-97,0],[0,96],[-97,0],[-96,0],[0,-96],[-97,0],[-97,0],[0,96],[0,96],[-97,0],[-96,0]],[[40319,127278],[0,96],[0,96],[0,96],[0,96],[-97,0],[0,96],[-97,0],[-96,0],[0,97],[-97,0],[0,96],[-97,0],[0,96],[-96,0],[-97,0]],[[39642,128143],[0,96],[-97,0]],[[38772,128624],[0,96],[-97,0]],[[38578,129008],[0,96],[-96,0]],[[38192,129393],[0,96],[-97,0]],[[37805,129585],[0,96],[-97,0],[0,-96]],[[37515,129489],[0,96],[-97,0]],[[36355,130066],[0,96],[-97,0]],[[35581,130835],[0,96],[-97,0]],[[35484,131027],[0,96],[-96,0]],[[35291,131219],[-97,0],[0,96],[-96,0]],[[35001,131315],[0,96],[-97,0],[-96,0],[0,97],[-97,0],[0,96],[-97,0],[-96,0],[-97,0],[-97,0],[0,96],[-97,0],[0,96],[-96,0],[-97,0],[-97,0],[0,96],[-96,0],[-97,0],[0,96],[-97,0],[0,96],[-96,0],[-97,0],[-97,0],[0,96],[-96,0],[-97,0],[0,97],[-97,0],[-96,0],[0,96],[-97,0],[-97,0],[0,96],[-97,0],[0,96],[-96,0],[0,96],[-97,0],[-97,0],[-96,0],[-97,0],[0,96],[-97,0],[0,96],[-96,0],[0,97],[-97,0],[0,96],[-97,0],[0,96],[-96,0],[0,96],[-97,0],[0,96],[-97,0],[0,96],[-97,0],[0,96],[-96,0],[0,96],[-97,0],[-97,0]],[[29393,134584],[0,96],[0,96],[97,0],[0,96],[96,0],[0,96],[97,0],[0,96],[97,0],[0,97],[96,0],[0,96],[97,0],[97,0],[0,96],[97,0],[0,96],[96,0],[0,96],[97,0],[0,96],[97,0],[0,96],[96,0],[0,96],[97,0],[97,0],[0,97],[96,0],[0,96],[97,0],[0,96],[97,0],[0,96],[96,0],[0,96],[97,0],[0,96],[0,96],[97,0],[0,97],[0,96],[96,0],[0,96],[0,96],[97,0],[0,96],[97,0],[97,0],[96,0],[0,-96],[97,0],[97,0],[0,-96],[96,0],[97,0],[0,-96],[97,0],[96,0],[0,-96],[97,0],[97,0],[0,-97],[96,0],[97,0],[0,-96],[97,0],[97,0],[0,-96],[96,0],[97,0],[0,-96],[97,0],[0,-96],[96,0],[97,0],[0,-96],[97,0],[0,-96],[96,0],[97,0],[0,-97],[97,0],[0,-96],[96,0],[0,-96],[97,0],[97,0]],[[34131,135641],[0,-96],[0,-96],[96,0],[97,0],[0,-96],[97,0],[0,-96],[97,0],[96,0],[0,-96],[97,0],[97,0],[0,-97],[96,0],[0,-96],[97,0],[97,0],[0,-96],[96,0],[97,0],[0,-96],[97,0],[0,-96],[96,0],[97,0],[0,-96],[97,0],[0,-96],[96,0],[97,0],[0,-97],[97,0],[97,0],[0,-96],[96,0],[97,0],[0,96],[97,0],[96,0],[97,0],[97,0],[96,0],[97,0],[97,0],[96,0],[97,0],[97,0],[96,0],[97,0],[97,0],[97,0],[96,0],[97,0],[97,0],[96,0],[97,0],[97,0],[96,0],[97,0],[0,97],[97,0],[96,0],[97,0],[97,0],[96,0],[97,0]],[[38965,134488],[0,-97],[97,0],[97,0],[96,0],[0,97]],[[39255,134488],[97,0],[97,0],[96,0],[97,0],[97,0]],[[39739,134488],[96,0],[0,96]],[[39835,134584],[97,0],[97,0],[96,0],[97,0],[97,0],[96,0],[97,0],[0,-96],[97,0],[97,0],[0,-97],[96,0],[97,0],[97,0],[96,0],[97,0],[97,0],[0,-96],[96,0],[97,0],[97,0],[96,0]],[[41672,134295],[0,-96],[97,0],[0,96]],[[41769,134295],[97,0],[96,0],[0,-96],[97,0],[0,-96],[97,0],[97,0],[0,-96],[96,0]],[[42349,134007],[0,-96],[97,0],[0,96]],[[42446,134007],[97,0],[0,-96],[96,0],[0,-96],[97,0],[0,-96],[97,0],[0,-97],[96,0],[97,0],[97,0],[0,97],[96,0],[97,0],[0,-97],[97,0],[96,0],[0,-96],[97,0],[97,0],[0,-96],[97,0],[96,0],[0,96],[97,0],[97,0],[96,0],[0,96],[97,0],[0,-96],[97,0],[0,-96],[96,0],[0,-96],[97,0],[0,-96],[97,0],[96,0],[0,-96],[97,0],[97,0],[96,0],[97,0],[0,-96],[97,0],[97,0],[0,-96],[96,0],[97,0],[0,-97],[97,0],[96,0],[0,-96],[97,0],[0,-96],[97,0],[0,-96],[96,0],[97,0],[0,-96],[0,-96],[97,0],[96,0],[0,-96],[97,0],[0,-97],[97,0],[0,-96],[96,0],[97,0],[0,-96],[97,0],[0,-96],[97,0],[0,-96],[96,0],[0,-96],[97,0],[0,-96],[97,0],[96,0],[0,-96],[97,0],[0,-97],[97,0],[0,-96],[96,0],[97,0],[97,0],[0,-96],[96,0],[97,0],[97,0],[96,0],[97,0],[97,0],[97,0],[96,0],[0,96],[97,0],[97,0],[96,0],[0,-96],[97,0],[97,0],[96,0],[97,0],[97,0],[96,0],[97,0],[97,0],[96,0],[97,0],[97,0],[97,0],[0,-96],[96,0],[97,0],[97,0],[96,0],[97,0],[97,0],[96,0],[0,-96],[97,0],[0,-96],[97,0],[96,0],[0,-96],[97,0],[0,-96],[0,-97],[-97,0],[0,-96],[97,0],[0,-96],[97,0],[0,-96],[96,0],[0,-96]],[[51244,130258],[0,-96],[0,-96],[0,-97],[-96,0],[0,-96],[0,-96],[0,-96],[-97,0],[0,-96],[0,-96],[-97,0],[0,-96],[0,-96],[0,-97],[0,-96],[97,0],[0,-96],[0,-96],[97,0],[0,-96],[0,-96],[96,0],[0,-96],[97,0],[0,-97],[0,-96],[97,0],[0,-96],[0,-96],[97,0],[0,-96],[0,-96],[96,0],[0,-96],[0,-96],[97,0],[0,-97],[0,-96],[97,0],[0,-96],[0,-96],[96,0],[0,-96],[0,-96],[97,0],[0,-96],[0,-96],[97,0],[0,-97],[0,-96],[96,0],[0,-96],[97,0],[0,-96],[0,-96],[97,0],[0,-96],[0,-96],[96,0],[0,-97],[0,-96],[97,0],[0,-96],[0,-96],[97,0],[0,-96],[0,-96],[96,0],[0,-96],[0,-96],[0,-97],[0,-96],[0,-96],[0,-96],[-96,0],[0,-96],[0,-96],[0,-96],[0,-97],[0,-96]],[[46120,127086],[97,0],[0,96],[96,0],[0,96],[0,96],[0,96],[-96,0],[-97,0],[0,96],[-97,0],[0,96],[97,0],[0,96],[-97,0],[-96,0],[0,-96],[0,-96],[0,-96],[96,0],[0,-96],[0,-96],[0,-96],[97,0],[0,-96]],[[43123,128335],[96,0],[0,96],[-96,0],[0,-96]],[[38868,129200],[97,0],[0,97],[-97,0],[0,-97]],[[38675,129873],[97,0],[96,0],[97,0],[0,96],[-97,0],[-96,0],[0,97],[-97,0],[-97,0],[0,96],[-96,0],[-97,0],[-97,0],[-96,0],[-97,0]],[[38095,130162],[0,96],[-97,0],[0,96],[-96,0],[-97,0],[0,96],[-97,0],[-96,0],[-97,0],[-97,0],[0,-96],[97,0],[97,0],[96,0],[0,-96],[97,0],[97,0],[0,-96],[96,0],[97,0]],[[38095,130162],[0,-96],[97,0],[0,-97],[96,0],[97,0],[97,0],[96,0],[97,0],[0,-96]],[[37031,130546],[97,0],[0,96],[-97,0]],[[37031,130642],[0,97],[-96,0],[-97,0],[-97,0],[0,-97],[97,0],[97,0],[96,0]],[[37031,130642],[0,-96]],[[40802,130835],[97,0],[0,96],[-97,0],[0,-96]],[[37902,132084],[96,0],[97,0],[0,96],[-97,0],[-96,0],[0,-96]],[[37321,132469],[97,0],[0,96],[0,96],[-97,0],[0,-96],[0,-96]],[[33261,133430],[96,0],[0,96],[-96,0],[0,-96]],[[31617,133622],[97,0],[0,97],[0,96],[-97,0],[-97,0],[0,-96],[97,0],[0,-97]],[[32004,133815],[96,0],[0,96],[-96,0],[0,-96]],[[31230,134103],[97,0],[96,0],[0,96],[-96,0],[0,96],[-97,0],[-97,0]],[[31133,134295],[0,96],[-96,0],[0,-96],[96,0]],[[31133,134295],[0,-96],[97,0],[0,-96]],[[30070,134488],[97,0],[0,96],[-97,0],[0,-96]],[[32971,134488],[96,0],[0,96],[-96,0],[0,-96]],[[32874,134680],[97,0],[0,96],[-97,0],[0,-96]],[[32777,134968],[97,0],[0,96],[-97,0],[0,-96]],[[32777,135257],[97,0],[0,96],[-97,0]],[[32777,135353],[0,96],[-97,0],[0,96],[-96,0],[-97,0],[0,-96],[97,0],[0,-96],[96,0],[97,0]],[[32777,135353],[0,-96]],[[31133,135545],[97,0],[97,0],[96,0],[0,96],[-96,0],[0,96],[-97,0],[-97,0],[-96,0],[-97,0],[-97,0],[0,-96],[97,0],[97,0],[96,0],[0,-96]],[[32197,135641],[97,0],[0,96],[-97,0],[0,-96]],[[32100,135833],[97,0],[0,97],[0,96]],[[32197,136026],[97,0],[0,96],[-97,0],[0,-96]],[[32197,136026],[-97,0],[-96,0],[-97,0]],[[31907,136026],[0,96],[-97,0]],[[31810,136122],[0,96],[-96,0],[0,96],[0,96],[0,96],[0,97],[-97,0],[-97,0],[0,-97],[97,0],[0,-96],[0,-96],[0,-96],[0,-96],[97,0],[96,0]],[[31810,136122],[0,-96],[97,0]],[[31907,136026],[0,-96],[97,0],[96,0],[0,-97]],[[51244,130258],[97,0],[0,96],[0,96],[97,0],[0,96],[0,96],[0,97],[97,0],[0,96],[0,96],[96,0],[0,96],[0,96],[0,96],[97,0],[0,96],[0,96],[0,97],[0,96],[97,0],[0,96],[0,96],[0,96],[0,96],[96,0],[0,96],[0,96],[0,97],[97,0],[0,96],[0,96],[0,96],[97,0],[0,96],[0,96],[0,96],[96,0],[0,97],[0,96],[97,0],[0,96],[0,96],[0,96],[97,0],[0,96],[96,0],[0,96],[0,96],[0,97],[0,96],[97,0],[0,96],[0,96],[97,0],[0,96],[0,96],[0,96],[96,0],[0,96],[0,97],[0,96],[97,0],[0,96],[97,0],[0,96],[97,0],[0,96],[96,0],[0,96],[97,0],[0,96],[97,0],[0,97],[96,0],[0,96],[97,0],[97,0],[0,96],[96,0],[0,96],[97,0],[0,96],[97,0],[0,96],[96,0],[0,96],[97,0],[0,96],[97,0],[0,97],[0,96],[0,96],[96,0],[0,96],[0,96],[97,0],[0,96],[0,96],[0,97],[97,0],[0,96],[0,96],[0,96],[97,0],[0,96],[0,96],[96,0],[0,96],[0,96],[0,97],[97,0],[0,96],[0,96],[97,0],[0,96],[0,96],[0,96],[96,0],[0,96],[0,96],[97,0],[0,97],[0,96],[0,96],[97,0],[0,96],[0,96],[96,0],[0,96],[0,96],[0,97],[97,0],[0,96],[0,96],[97,0],[0,96],[0,96],[0,96],[96,0],[0,96],[0,96]],[[55595,139486],[97,0],[0,-96],[97,0],[0,-96],[96,0],[0,-96],[0,-96],[0,-96],[97,0],[0,-96],[0,-96],[97,0],[0,-97],[0,-96],[0,-96],[97,0],[0,-96],[96,0],[0,-96],[97,0],[97,0],[0,-96],[96,0],[0,-96],[97,0],[0,-97],[97,0],[96,0],[0,-96],[0,-96],[97,0],[0,-96],[97,0],[0,-96],[96,0],[97,0],[97,0],[0,-96],[96,0],[0,-96],[97,0],[0,-96],[0,-97],[-97,0],[0,-96],[0,-96],[0,-96],[-96,0],[0,-96],[-97,0],[0,-96],[0,-96],[-97,0],[-96,0],[0,-96],[-97,0],[0,-97],[0,-96],[0,-96],[0,-96],[0,-96],[0,-96],[0,-96],[0,-97],[0,-96],[97,0],[0,-96],[0,-96],[0,-96],[0,-96],[0,-96],[0,-96],[0,-97],[96,0],[0,-96],[-96,0],[0,-96],[96,0],[0,-96],[0,-96],[0,-96],[97,0],[0,-96],[0,-97],[0,-96],[0,-96],[97,0],[0,-96],[96,0],[0,-96],[97,0],[0,-96],[0,-96],[0,-96],[0,-97],[0,-96],[0,-96],[0,-96],[-97,0],[0,-96],[0,-96],[-96,0]],[[57336,133142],[0,96],[-97,0],[0,-96],[97,0]],[[57336,133142],[0,-96],[0,-96],[0,-97],[0,-96],[-97,0],[0,-96],[0,-96],[-97,0],[0,-96],[-96,0],[0,-96],[96,0],[0,-96],[0,-97],[97,0],[97,0],[0,-96],[96,0],[97,0],[0,96],[97,0],[97,0],[96,0],[97,0],[97,0],[96,0],[0,-96],[97,0],[97,0],[0,96],[96,0],[97,0],[0,-96],[97,0],[96,0],[0,-96],[0,-96],[0,-96],[0,-96],[0,-96],[-96,0],[0,-96],[0,-97],[0,-96],[96,0],[0,-96],[0,-96],[97,0],[97,0],[0,-96],[0,-96],[-97,0],[0,-96],[0,-96],[0,-97],[0,-96],[0,-96],[0,-96],[-97,0],[-96,0],[0,-96],[-97,0],[-97,0],[0,-96],[-96,0],[-97,0],[0,-96],[-97,0],[0,-97],[0,-96],[0,-96],[0,-96],[97,0],[0,-96],[97,0],[0,-96],[0,-96],[0,-96],[0,-97],[-97,0],[0,-96],[0,-96],[97,0],[0,-96],[96,0],[0,-96],[97,0],[0,-96],[97,0],[0,-96],[0,-97],[96,0],[0,-96],[97,0],[0,-96],[0,-96],[0,-96],[97,0],[0,-96],[96,0],[0,-96],[0,-96],[97,0],[0,-97],[97,0],[0,-96],[0,-96],[97,0],[0,-96],[96,0],[97,0],[0,-96],[0,-96],[97,0],[0,-96],[96,0],[0,-96],[97,0],[0,-97],[97,0],[0,-96],[0,-96],[0,-96],[0,-96],[96,0],[0,-96]],[[52501,130258],[97,0],[0,96],[-97,0],[0,-96]],[[42446,134007],[-97,0]],[[41769,134295],[-97,0]],[[39835,134584],[-96,0],[0,-96]],[[39255,134488],[-96,0],[-97,0],[-97,0]],[[34131,135641],[0,96],[96,0],[0,96],[0,97],[97,0],[0,96],[0,96],[0,96],[97,0],[0,96],[0,96],[0,96],[97,0],[0,97],[0,96],[0,96],[96,0],[0,96],[0,96],[0,96],[97,0],[0,96],[0,96],[97,0],[0,97],[0,96],[0,96],[96,0],[0,96],[0,96],[0,96],[97,0],[0,96],[0,96],[0,97],[0,96],[0,96],[-97,0],[0,96],[0,96],[0,96],[0,96],[0,97],[0,96],[0,96],[-96,0],[0,96],[0,96],[0,96],[0,96],[0,96],[0,97],[-97,0],[0,96],[0,96],[0,96],[0,96],[0,96],[0,96],[0,96],[0,97],[0,96],[0,96],[0,96],[0,96],[0,96],[0,96],[0,97],[0,96],[0,96],[0,96],[0,96],[0,96],[0,96],[0,96],[97,0],[96,0],[0,97],[97,0],[97,0],[0,96],[96,0],[97,0],[0,96],[97,0],[96,0],[0,96],[97,0],[97,0],[0,96],[96,0],[97,0],[97,0],[0,-96],[97,0],[0,-96],[96,0],[97,0],[0,-96],[97,0],[0,-96],[96,0],[0,-97],[97,0],[0,-96],[97,0],[0,-96],[96,0],[0,-96],[97,0],[97,0],[0,96],[96,0],[97,0],[97,0],[96,0],[97,0],[97,0],[97,0],[0,96],[96,0],[97,0],[97,0],[96,0],[97,0],[97,0],[96,0],[97,0],[0,-96],[97,0],[96,0],[97,0],[0,-96],[97,0],[96,0],[0,-96],[97,0],[97,0],[97,0],[0,-96],[96,0],[97,0],[97,0],[0,-96],[96,0],[97,0],[0,-96],[97,0],[96,0],[97,0],[0,-97],[97,0],[96,0],[97,0],[0,-96],[97,0],[96,0],[0,-96],[97,0],[97,0],[97,0],[0,-96],[96,0],[97,0],[97,0],[0,-96],[96,0],[97,0],[0,-96],[97,0],[96,0],[97,0],[0,-96],[97,0],[96,0],[0,-97],[97,0],[97,0],[96,0],[97,0],[0,97],[0,96],[97,0],[0,96],[0,96],[97,0],[0,96],[96,0],[0,96],[97,0],[0,96],[0,97],[97,0],[0,96],[96,0],[0,96],[97,0],[0,96],[0,96],[97,0],[0,96],[96,0],[0,96],[0,96],[-96,0],[-97,0],[0,97],[-97,0],[-96,0],[0,96],[-97,0],[-97,0],[0,96],[-96,0],[-97,0],[0,96],[-97,0],[-97,0],[0,96],[-96,0],[0,96],[0,96],[96,0],[0,97],[97,0],[0,96],[97,0],[0,96],[97,0],[0,96],[96,0],[0,96],[0,96],[97,0],[0,96],[0,96],[97,0],[0,97],[96,0],[0,96],[0,96],[97,0],[0,96],[0,96],[97,0],[0,96],[0,96],[0,96],[96,0],[0,97],[0,96],[0,96],[0,96],[97,0],[0,96],[0,96],[0,96],[0,97],[97,0],[0,96],[0,96],[0,96],[0,96],[0,96],[0,96],[0,96],[0,97],[0,96],[-97,0],[0,96],[0,96],[0,96],[0,96],[0,96],[0,97],[-97,0],[0,96],[0,96],[0,96],[-96,0],[0,96],[-97,0],[0,96],[-97,0],[0,96],[-96,0],[0,96],[-97,0],[0,97],[-97,0],[0,96],[-96,0],[0,96],[-97,0],[0,96],[0,96],[-97,0],[0,96],[-97,0],[0,96],[-96,0],[0,96],[96,0],[97,0],[0,97],[97,0],[97,0],[96,0],[97,0],[97,0],[96,0],[0,96],[97,0],[97,0],[96,0],[97,0],[97,0],[0,96],[96,0],[97,0],[97,0],[96,0],[97,0],[97,0],[0,96],[97,0],[96,0],[0,-96],[97,0],[97,0],[0,-96],[96,0],[97,0],[97,0],[96,0],[0,-96],[97,0],[0,-97],[97,0],[96,0],[0,-96],[97,0],[0,-96],[97,0],[0,-96],[96,0],[0,-96],[97,0],[0,-96],[97,0],[0,-96],[97,0],[0,-96],[-97,0],[0,-97],[0,-96],[-97,0],[0,-96],[0,-96],[97,0],[0,-96],[97,0],[0,-96],[96,0],[97,0],[97,0],[96,0],[97,0],[0,-96],[97,0],[0,-96],[96,0],[97,0],[0,-97],[0,-96],[97,0],[96,0],[0,-96],[97,0],[0,-96],[97,0],[0,-96],[96,0],[0,-96],[97,0],[97,0],[0,-96],[97,0],[0,-97],[0,-96],[0,-96],[96,0],[0,-96],[97,0],[97,0],[96,0],[97,0],[97,0],[0,-96],[0,-96],[0,-96],[96,0],[0,-96],[0,-97],[0,-96],[0,-96],[0,-96],[97,0],[97,0],[0,-96],[96,0],[97,0],[97,0],[96,0],[0,-96],[97,0],[97,0],[97,0],[0,-96],[96,0],[0,-97],[97,0],[0,-96],[97,0],[0,-96],[96,0],[0,-96],[0,-96],[0,-96],[0,-96],[97,0],[97,0],[96,0],[97,0],[0,96],[97,0],[96,0],[0,-96],[97,0],[97,0],[0,-96],[96,0],[0,-97],[97,0],[0,-96],[97,0],[97,0],[0,-96],[0,-96],[96,0],[0,-96],[0,-96],[0,-96],[0,-96],[97,0],[0,-97],[97,0],[96,0],[97,0],[97,0],[96,0],[0,-96],[97,0],[0,96],[97,0],[96,0],[97,0],[0,97],[97,0],[96,0],[97,0],[97,0],[97,0],[0,-97],[0,-96],[96,0],[0,96],[97,0],[97,0],[0,-96],[96,0],[0,-96],[97,0],[0,-96],[97,0],[96,0],[97,0],[97,0],[0,-96],[96,0],[0,96],[97,0],[97,0],[0,-96],[96,0],[0,-96],[97,0],[97,0],[0,-96],[97,0],[0,-97],[0,-96],[96,0],[0,96],[97,0],[97,0],[96,0],[97,0],[0,-96],[0,-96],[0,-96],[97,0],[96,0],[0,-96],[97,0],[0,-96],[97,0],[96,0],[97,0],[0,-96],[97,0],[0,-96],[96,0],[97,0],[0,-97],[97,0],[97,0],[0,-96],[0,-96],[0,-96],[0,-96],[96,0],[0,-96],[97,0],[0,-96],[97,0],[96,0],[0,-97],[0,-96],[0,-96],[0,-96],[0,-96],[97,0],[0,-96],[0,-96],[-97,0],[0,-96],[97,0],[0,-97],[0,-96],[0,-96],[0,-96],[97,0],[0,96],[96,0],[0,96],[97,0],[97,0],[0,96],[96,0]],[[43800,134584],[96,0],[97,0],[0,96],[0,96],[-97,0],[0,96],[-96,0],[0,96],[-97,0],[0,96],[-97,0],[-97,0],[0,-96],[97,0],[0,-96],[0,-96],[97,0],[0,-96],[97,0],[0,-96]],[[45637,134968],[96,0],[97,0],[97,0],[0,96],[0,97],[-97,0],[0,96],[0,96],[-97,0],[0,-96],[0,-96],[0,-97],[-96,0],[0,-96]],[[36838,138044],[97,0],[0,97],[-97,0],[0,-97]],[[42253,138525],[96,0],[0,96],[0,96],[0,97]],[[42349,138814],[97,0],[0,96],[-97,0],[0,-96]],[[42349,138814],[-96,0],[-97,0],[-97,0],[-97,0],[0,-97],[-96,0],[0,97],[-97,0],[-97,0],[-96,0],[0,96],[-97,0],[-97,0],[-96,0],[-97,0],[0,96],[-97,0],[-96,0],[-97,0],[-97,0],[-96,0],[-97,0],[0,96],[-97,0]],[[40512,139102],[0,96],[97,0],[0,96],[97,0],[96,0],[0,96],[-96,0],[-97,0],[-97,0],[0,96],[-97,0],[0,97],[-96,0],[-97,0],[-97,0],[0,96],[-96,0],[-97,0],[0,96],[-97,0],[-96,0],[-97,0],[-97,0],[-96,0],[-97,0],[-97,0],[0,96],[-96,0],[0,96],[-97,0],[0,96],[-97,0],[0,96],[-97,0],[-96,0],[-97,0],[0,96],[-97,0],[-96,0],[0,97],[-97,0],[-97,0],[0,96],[-96,0],[-97,0],[0,96],[-97,0],[0,96],[-96,0],[0,-96],[-97,0],[-97,0],[0,96],[0,96],[-96,0],[-97,0],[-97,0],[0,96],[-97,0],[-96,0],[-97,0],[0,96],[-97,0],[0,-96],[0,-96],[97,0],[0,-96],[-97,0],[0,-96],[97,0],[0,-96],[0,-96],[0,-97],[97,0],[0,-96],[96,0],[0,-96],[97,0],[0,-96],[97,0],[97,0],[0,-96],[96,0],[0,96],[97,0],[97,0],[96,0],[97,0],[97,0],[96,0],[0,96],[97,0],[97,0],[96,0],[97,0],[97,0],[0,-96],[96,0],[0,-96],[97,0],[0,-96],[97,0],[0,-96],[0,-96],[97,0],[0,-97],[96,0],[0,-96],[97,0],[97,0],[96,0],[0,-96],[97,0],[0,-96],[97,0],[96,0],[0,96],[97,0],[97,0],[0,96],[96,0],[97,0],[97,0],[96,0],[0,-96],[0,-96],[0,-96],[97,0]],[[40512,139102],[0,-96],[0,-96],[97,0],[0,-96],[97,0],[96,0],[0,96],[97,0],[97,0],[96,0],[0,-96],[97,0],[0,-97],[97,0],[96,0],[97,0],[97,0],[96,0],[97,0],[0,-96],[97,0],[96,0],[97,0],[97,0],[97,0],[0,-96]],[[40899,139390],[97,0],[96,0],[97,0],[97,0],[96,0],[0,96],[-96,0],[-97,0],[-97,0],[-96,0],[-97,0],[0,-96]],[[40899,139871],[97,0],[0,96],[-97,0],[0,-96]],[[35098,140544],[96,0],[0,96],[-96,0],[0,-96]],[[43993,144485],[97,0],[96,0],[0,96],[-96,0],[-97,0],[0,-96]],[[43703,144581],[97,0],[0,97],[-97,0]],[[43703,144678],[0,96],[0,96],[-97,0],[-97,0],[0,-96],[0,-96],[97,0],[97,0]],[[43703,144678],[0,-97]],[[37976,44554],[-188,315]],[[37788,44869],[-12,744]],[[37776,45613],[939,-86]],[[38715,45527],[250,-544]],[[38965,44983],[-113,-486]],[[38852,44497],[-876,57]],[[39641,44812],[-676,171]],[[38715,45527],[150,744],[701,544]],[[39566,46815],[976,85],[651,-1216]],[[41193,45684],[-1164,-787],[-388,-85]],[[40167,44168],[-163,-72]],[[40004,44096],[-350,243]],[[39654,44339],[-13,473]],[[41193,45684],[301,286],[964,-114]],[[42458,45856],[-789,-544],[-663,-815]],[[41006,44497],[-839,-329]],[[40818,43138],[75,300],[325,-644],[714,-100],[-50,-715],[-1027,672],[-37,487]],[[41444,43882],[676,-287],[188,-729],[-852,28],[-12,988]],[[37763,44511],[25,358]],[[37976,44554],[300,-486]],[[38276,44068],[-488,-458]],[[37788,43610],[-25,901]],[[36787,43295],[-464,558],[326,143],[138,-701]],[[39904,42064],[75,-228]],[[39979,41836],[-526,-659],[-551,43]],[[38902,41220],[-575,873]],[[38327,42093],[-13,301]],[[38314,42394],[1590,-330]],[[37813,40476],[-488,487]],[[37325,40963],[200,386]],[[37525,41349],[-12,830]],[[37513,42179],[814,-86]],[[38902,41220],[-300,-372]],[[38602,40848],[-789,-372]],[[36849,42150],[664,29]],[[37525,41349],[-676,801]],[[41106,41464],[-388,-888]],[[40718,40576],[-1640,-615]],[[39078,39961],[-476,887]],[[39979,41836],[1127,-372]],[[39904,42064],[113,144]],[[40017,42208],[413,143]],[[40430,42351],[688,-372]],[[41118,41979],[-12,-515]],[[37763,44511],[-538,-286],[-301,501]],[[36924,44726],[-638,114],[175,572]],[[36461,45412],[88,945]],[[36549,46357],[1227,-744]],[[35760,41964],[839,-429],[-789,-830],[-638,158]],[[35172,40863],[-288,515]],[[34884,41378],[137,830]],[[35021,42208],[739,-244]],[[39654,44339],[-238,-329]],[[39416,44010],[-426,215]],[[38990,44225],[-138,272]],[[39416,44010],[-176,-443]],[[39240,43567],[-338,214]],[[38902,43781],[88,444]],[[38902,43781],[-125,-71]],[[38777,43710],[-501,358]],[[39503,42923],[514,-715]],[[38314,42394],[576,801]],[[38890,43195],[350,372]],[[39240,43567],[263,-644]],[[38777,43710],[-238,-129],[226,-257]],[[38765,43324],[125,-115]],[[38890,43209],[-238,-315]],[[38652,42894],[-864,716]],[[35760,41964],[250,544],[839,-358]],[[37325,40963],[-388,-601],[388,-386],[88,-988],[-401,-586]],[[37012,38402],[-576,901],[-876,-29]],[[35560,39274],[-438,616],[50,973]],[[39503,42923],[551,172],[376,-744]],[[38777,43710],[-12,-386]],[[38890,43195],[0,14]],[[39491,43696],[601,-129],[-376,-301],[-225,430]],[[40167,44168],[350,-387],[-438,-71],[-75,386]],[[39566,46815],[-351,586]],[[39215,47401],[238,844]],[[39453,48245],[852,244],[388,400],[87,1374]],[[40780,50263],[-137,515]],[[40643,50778],[425,157],[201,1059]],[[41269,51994],[901,-215],[638,487],[426,-1789],[413,-686],[889,-659],[-563,-1044],[551,-143],[-251,-701],[-851,57],[-626,-372],[-338,-1073]],[[36549,46357],[225,501]],[[36774,46858],[851,-72]],[[37625,46786],[1590,615]],[[39078,39961],[-739,-2518]],[[38339,37443],[-576,1087]],[[37763,38530],[-150,1446],[200,500]],[[36461,45412],[-513,-171]],[[35948,45241],[-614,672]],[[35334,45913],[702,1088],[-126,200]],[[35910,47201],[689,57]],[[36599,47258],[175,-400]],[[34658,55099],[201,1946]],[[34859,57045],[1352,14]],[[36211,57059],[0,-572]],[[36211,56487],[-689,-573],[-125,-686],[-739,-129]],[[36599,47258],[62,429],[777,129],[175,429],[939,-114],[901,114]],[[34884,51550],[-50,-858],[-526,-186],[-351,-916],[-12,-815]],[[33945,48775],[-551,-587],[-401,415],[-651,-129]],[[32342,48474],[-288,415],[38,759],[-538,414],[200,1159],[-100,873]],[[31654,52094],[851,472],[113,487]],[[32618,53053],[1051,-158],[514,444]],[[34183,53339],[939,-830],[-238,-959]],[[34183,53339],[-25,1288],[500,472]],[[36211,56487],[313,-759]],[[36524,55728],[1302,902],[438,-286],[75,-687],[601,-744]],[[38940,54913],[-751,-387],[-200,-987],[-651,29],[-326,-1860]],[[37012,51708],[-826,-372],[-476,815],[-826,-601]],[[35910,47201],[-500,57],[-1465,1517]],[[37012,51708],[613,43],[238,-787],[439,-444],[838,215],[238,-286],[1265,329]],[[32843,45355],[-238,1131],[-701,1130]],[[31904,47616],[438,858]],[[35334,45913],[351,-901],[-438,-558]],[[35247,44454],[-1327,858],[-689,-329],[-388,372]],[[38940,54913],[926,-787],[539,-129],[350,773],[776,-730],[-313,-1459],[51,-587]],[[25945,39174],[238,1188],[501,400]],[[26684,40762],[638,229]],[[27322,40991],[639,-128],[776,-1317],[-977,-758]],[[27760,38788],[-926,787],[-276,-630]],[[26558,38945],[-613,229]],[[35723,38616],[-1378,430],[-913,901]],[[33432,39947],[-614,658],[250,1016]],[[33068,41621],[1378,-29],[438,-214]],[[35560,39274],[163,-658]],[[34095,36327],[-626,-372]],[[33469,35955],[-363,-715]],[[33106,35240],[-864,86]],[[32242,35326],[-350,500],[-802,258],[-989,14]],[[30101,36098],[-676,1274]],[[29425,37372],[1127,-544],[714,400],[-238,773]],[[31028,38001],[1452,859],[250,529],[702,558]],[[35723,38616],[-76,-1101],[363,-415]],[[36010,37100],[-212,-444]],[[35798,36656],[-1703,-329]],[[34095,36327],[50,-644]],[[34145,35683],[-676,272]],[[30389,41449],[2104,515]],[[32493,41964],[575,-343]],[[31028,38001],[-714,444],[589,343],[100,916],[-589,744],[-25,1001]],[[29425,37372],[-488,286]],[[28937,37658],[-638,887]],[[28299,38545],[-539,243]],[[27322,40991],[38,387]],[[27360,41378],[976,386]],[[28336,41764],[714,-773],[1339,458]],[[31766,44239],[614,-729],[113,-1546]],[[28336,41764],[-25,272]],[[28311,42036],[-1177,329]],[[27134,42365],[777,815]],[[27911,43180],[763,-171],[676,157],[-175,758]],[[29175,43924],[2591,315]],[[31766,44239],[739,172]],[[32505,44411],[626,-272]],[[33131,44139],[714,-801]],[[33845,43338],[413,43],[-63,873],[739,-172],[263,-530],[-176,-1344]],[[37012,38402],[-676,-430]],[[36336,37972],[-326,-872]],[[22052,29831],[-226,-443],[-826,157],[-826,-129]],[[20174,29416],[-376,158]],[[19798,29574],[626,2604]],[[20424,32178],[1127,-72]],[[21551,32106],[150,-973]],[[21701,31133],[-25,-801],[376,-501]],[[22340,27728],[237,1045]],[[22577,28773],[1215,-244],[713,-357]],[[24505,28172],[238,-844],[626,-301],[150,-773]],[[25519,26254],[-463,-314],[-225,-701]],[[24831,25239],[-1590,57]],[[23241,25296],[-238,544]],[[23003,25840],[-138,987],[-525,901]],[[28123,29402],[-75,-558]],[[28048,28844],[501,-1817]],[[28549,27027],[-839,-558],[-1427,529]],[[26283,26998],[-526,-114],[-238,-630]],[[24505,28172],[63,1016]],[[24568,29188],[751,329],[188,1101],[601,-357],[901,472]],[[27009,30733],[789,-615],[325,-716]],[[21701,31133],[639,444],[1276,-515],[339,-1159]],[[23955,29903],[613,-715]],[[22577,28773],[-525,1058]],[[27009,30733],[-87,1059],[863,271],[564,444]],[[28349,32507],[1064,-587]],[[29413,31920],[363,-644],[789,-343],[-326,-801]],[[30239,30132],[-688,57]],[[29551,30189],[-889,-758],[-539,-29]],[[25845,35054],[-726,272]],[[25119,35326],[12,1087],[-363,916]],[[24768,37329],[576,486]],[[25344,37815],[38,730]],[[25382,38545],[563,629]],[[28937,37658],[-501,-315],[-413,-787],[-425,-1431],[-1528,458],[-225,-529]],[[31967,31391],[814,-801],[-276,-716],[-75,-1273]],[[32430,28601],[-776,-186],[-326,1187],[-525,-186],[-564,716]],[[29413,31920],[75,830],[1365,-300],[1114,-1059]],[[23955,29903],[550,358],[-450,2804]],[[24055,33065],[425,343],[-87,1732],[726,186]],[[25845,35054],[826,-945],[889,-157],[163,-773],[350,-243]],[[28073,32936],[276,-429]],[[32242,35326],[-2666,372],[-38,-659],[876,315],[839,-43],[801,-357],[1102,-916],[-413,-687],[-601,-229]],[[32142,33122],[-876,129]],[[31266,33251],[-1503,844],[-939,57],[-751,-1216]],[[31266,33251],[1828,-1145]],[[33094,32106],[-188,-500],[-939,-215]],[[24330,37500],[438,-171]],[[24055,33065],[-964,243],[-714,-472]],[[22377,32836],[-163,1130]],[[22214,33966],[-576,787]],[[21638,34753],[376,458],[75,701]],[[22089,35912],[501,301],[325,829],[902,759],[513,-301]],[[22377,32836],[-463,-773],[-363,43]],[[20424,32178],[726,901]],[[21150,33079],[852,358]],[[22002,33437],[212,529]],[[22202,25782],[-88,644],[-1114,-71],[-626,-401]],[[20374,25954],[-213,1087],[-713,401],[838,1002]],[[20286,28444],[101,-458],[1214,-29],[739,-229]],[[23003,25840],[-801,-58]],[[16042,22821],[-112,-616],[1026,-1201]],[[16956,21004],[-475,-458],[-789,114],[-764,-214]],[[14928,20446],[-213,1073],[-563,128],[588,1174],[1302,0]],[[15855,27084],[-651,-272]],[[15204,26812],[-163,1016]],[[15041,27828],[413,1202]],[[15454,29030],[563,-14],[476,-444]],[[16493,28572],[-638,-1488]],[[16493,28572],[626,201],[263,486],[0,830]],[[17382,30089],[576,-72]],[[17958,30017],[-125,-858],[-451,-1145]],[[17382,28014],[-25,-772]],[[17357,27242],[-676,-286],[-826,128]],[[11248,18900],[262,573]],[[11510,19473],[401,901]],[[11911,20374],[576,730]],[[12487,21104],[451,86]],[[12938,21190],[1865,2618]],[[14803,23808],[626,28],[213,444]],[[15642,24280],[363,-286],[37,-1173]],[[14928,20446],[-200,-573],[350,-1345]],[[15078,18528],[-375,-872]],[[14703,17656],[-376,143],[-50,744],[-864,457],[-1114,-114],[-839,-672]],[[11460,18214],[-212,686]],[[18546,23522],[739,-501]],[[19285,23021],[-564,-272],[51,-930]],[[18772,21819],[-927,-587],[-889,-228]],[[15642,24280],[1164,215],[1039,-15],[188,-758],[513,-200]],[[14803,23808],[188,1559]],[[14991,25367],[213,1445]],[[17357,27242],[188,-1030]],[[17545,26212],[626,57],[162,1116],[388,715],[564,372],[513,1102]],[[20174,29416],[112,-972]],[[20374,25954],[-1114,-415],[-651,-1402],[-63,-615]],[[22202,25782],[-739,-1058],[113,-601]],[[21576,24123],[-175,-2018]],[[21401,22105],[-626,587],[-852,-86],[-638,415]],[[18258,16482],[-263,143]],[[17995,16625],[-638,1574],[-676,243]],[[16681,18442],[-513,-128],[-1090,214]],[[18772,21819],[338,-1001],[-263,-1417]],[[18847,19401],[-276,0]],[[18571,19401],[-75,-1545],[363,-444]],[[18859,17412],[-601,-930]],[[19435,19430],[-588,-29]],[[21401,22105],[-213,-1888]],[[21188,20217],[-1365,-372]],[[19823,19845],[-388,-415]],[[25782,23679],[251,-215],[-100,-958]],[[25933,22506],[-601,14],[50,-1273],[-238,-744],[388,-630]],[[25532,19873],[-901,358]],[[24631,20231],[-1803,-487]],[[22828,19744],[-927,-515]],[[21901,19229],[-87,530],[-626,458]],[[21576,24123],[1377,-845],[1227,43],[350,-243],[1252,601]],[[24831,25239],[1377,-1002]],[[26208,24237],[-426,-558]],[[25532,19873],[37,-501],[1177,-872]],[[26746,18500],[626,-988],[-175,-600],[-1765,-258]],[[25432,16654],[-1002,-157],[-363,-501],[-538,0]],[[23529,15996],[-276,1001],[489,458],[-438,759],[-101,858],[-375,672]],[[23203,14608],[-350,701],[75,501],[601,186]],[[25432,16654],[250,-672]],[[25682,15982],[-62,-330]],[[25620,15652],[-1077,-286],[375,-686],[0,-730],[-338,-444]],[[24580,13506],[-187,601],[-551,472],[-639,29]],[[21951,11131],[-237,-214]],[[21714,10917],[-1265,400]],[[20449,11317],[-426,544]],[[20023,11861],[-50,1001]],[[19973,12862],[451,101],[-188,1058],[288,272]],[[20524,14293],[488,-443],[564,601],[1627,157]],[[24580,13506],[-150,-1273]],[[24430,12233],[-1890,-286]],[[22540,11947],[-589,-816]],[[19973,12862],[-914,387],[51,729],[-263,845],[-601,314]],[[18246,15137],[12,1345]],[[19435,19430],[63,-458],[713,-329],[138,-1059],[288,-258],[-726,-1259],[588,-829],[25,-945]],[[15254,13606],[1039,229],[588,916],[463,-544],[902,930]],[[20023,11861],[-425,71]],[[19598,11932],[-1615,501],[-714,57],[-701,-414]],[[16568,12076],[-1853,-401]],[[14715,11675],[626,844],[-87,1087]],[[12950,13707],[551,486],[1615,-143],[138,-444]],[[14715,11675],[-776,-186]],[[13939,11489],[-701,243]],[[13238,11732],[113,887]],[[13351,12619],[-401,1088]],[[12950,13707],[-426,858]],[[12524,14565],[-137,1645]],[[12387,16210],[2153,544],[163,902]],[[28537,20617],[651,-329]],[[29188,20288],[-113,-1259],[826,-715],[-463,-687]],[[29438,17627],[-776,-43],[-776,1087],[-1140,-171]],[[25532,19873],[588,530],[1978,28],[439,186]],[[28724,10545],[-1202,-58]],[[27522,10487],[-1176,1317]],[[26346,11804],[601,987]],[[26947,12791],[1439,-286],[714,-387]],[[29100,12118],[-376,-1573]],[[31416,15309],[488,-687],[614,-214]],[[32518,14408],[-50,-830],[-752,-2075],[101,-357],[-551,-1517],[-463,386],[12,1703],[-138,1588],[739,2003]],[[29425,22978],[-876,-1273],[-12,-1088]],[[26208,24237],[776,-572],[1127,443],[388,-572],[926,-558]],[[31203,19244],[488,-229]],[[31691,19015],[-713,-1359],[-88,-1045]],[[30890,16611],[-1202,501]],[[29688,17112],[-250,515]],[[29188,20288],[1014,200],[676,-1316],[325,72]],[[26984,13492],[-37,-701]],[[26346,11804],[-551,586],[-501,-200]],[[25294,12190],[-864,43]],[[25682,15982],[989,-544],[-250,-673],[25,-1030],[538,-243]],[[26984,13492],[676,100],[401,930],[651,-272],[363,873],[-100,1016],[713,973]],[[30890,16611],[-438,-2203]],[[30452,14408],[-438,-115],[-301,-1345],[-613,-830]],[[29425,22978],[489,515]],[[29914,23493],[964,-57],[250,687],[426,-72]],[[31554,24051],[676,-1001],[-388,-1231],[-777,-944],[-87,-930],[225,-701]],[[29914,23493],[-489,744],[-601,515],[276,572],[-276,1417],[-275,286]],[[32430,28601],[113,-873],[-939,-272],[-376,-558],[939,-987],[25,-529],[-501,-616],[-137,-715]],[[31416,15309],[488,1273],[589,201],[338,1187],[663,1245],[388,1932],[539,686],[413,-486],[-426,-544],[100,-873],[-438,-786],[-275,-1074],[-326,-300],[-263,-1688],[-275,-86],[-413,-1588]],[[42408,27184],[588,215],[651,859],[413,-845],[464,988],[813,-158],[802,959],[325,-544],[-476,-300],[-75,-701],[-889,-787],[-12,-673],[-739,172],[-225,-2447],[275,-515],[739,-329],[-163,-458],[-814,-286],[-375,-644],[62,-872],[-1539,-1145],[-364,-572],[-37,-1417],[-1014,-429],[350,1202],[13,1216],[-451,329],[38,1703],[-438,2031],[75,415],[763,716],[1240,2317]],[[20249,9228],[-388,-57]],[[19861,9171],[-776,329]],[[19085,9500],[-176,816]],[[18909,10316],[13,930],[676,686]],[[20449,11317],[413,-973],[-613,-1116]],[[28724,10545],[-238,-945],[-926,-1645],[-964,1102]],[[26596,9057],[-1189,-129]],[[25407,8928],[-263,1130],[-589,615],[739,1517]],[[25407,8928],[-1064,-429]],[[24343,8499],[-151,457],[-776,-186]],[[23416,8770],[-626,272]],[[22790,9042],[-263,1846],[-576,243]],[[22790,9042],[-225,-272],[-2053,-28]],[[20512,8742],[-263,486]],[[20512,8742],[238,-944]],[[20750,7798],[-351,-759]],[[20399,7039],[-701,487]],[[19698,7526],[300,415]],[[19998,7941],[-137,1230]],[[11147,5451],[-538,115]],[[10609,5566],[-576,858]],[[10033,6424],[238,572]],[[10271,6996],[513,1045]],[[10784,8041],[226,157]],[[11010,8198],[525,-672],[889,-229]],[[12424,7297],[-613,-1016],[-689,-286],[25,-544]],[[12099,2933],[-964,0]],[[11135,2933],[-100,129]],[[11035,3062],[-38,500]],[[10997,3562],[-12,444]],[[10985,4006],[964,-186],[150,-887]],[[11035,3062],[-438,229]],[[10597,3291],[-13,114]],[[10584,3405],[413,157]],[[9833,1917],[1039,200]],[[10872,2117],[350,-472]],[[11222,1645],[-976,-958]],[[10246,687],[-526,-15],[113,1245]],[[18909,10316],[-588,-272],[-338,-1016],[-801,-529],[-726,214]],[[16456,8713],[-163,687],[87,1130]],[[16380,10530],[827,458],[250,730],[476,28],[213,-1545],[763,115]],[[11160,9643],[526,1030]],[[11686,10673],[613,630],[939,429]],[[13939,11489],[-451,-472],[-25,-558],[-500,-458]],[[12963,10001],[-451,100],[-463,-615]],[[12049,9486],[-889,157]],[[10271,6996],[-563,1388]],[[9708,8384],[413,200],[663,-543]],[[10271,4249],[-401,1102]],[[9870,5351],[739,215]],[[11147,5451],[451,-515]],[[11598,4936],[-476,-458]],[[11122,4478],[-851,-229]],[[11122,4478],[-137,-472]],[[10584,3405],[-313,844]],[[10872,2117],[263,816]],[[12099,2933],[225,-515],[651,-344]],[[12975,2074],[-425,-500],[-1328,71]],[[12975,2074],[426,573]],[[13401,2647],[789,-587]],[[14190,2060],[-26,-1144]],[[14164,916],[-350,-430],[-664,29]],[[13150,515],[-237,458],[62,1101]],[[13689,3892],[313,472]],[[14002,4364],[300,-158],[726,530],[814,-329]],[[15842,4407],[-125,-287],[488,-915],[-726,-687]],[[15479,2518],[-1289,-458]],[[13401,2647],[288,1245]],[[14002,4364],[100,586],[-426,329]],[[13676,5279],[-50,415],[513,1002]],[[14139,6696],[702,-158]],[[14841,6538],[1264,-1802]],[[16105,4736],[-263,-329]],[[12600,7268],[463,-14],[400,772]],[[13463,8026],[914,-443],[-238,-887]],[[13676,5279],[-801,-57],[125,1116],[-400,930]],[[16994,4478],[-200,-1273],[588,-129],[-463,-1488]],[[16919,1588],[-714,-129],[-476,401],[-250,658]],[[16105,4736],[889,-258]],[[19698,7526],[-476,-172]],[[19222,7354],[-325,1889],[188,257]],[[16380,10530],[-363,0],[-200,916],[-851,-186],[-251,415]],[[12963,10001],[250,-1316],[-188,-387]],[[13025,8298],[-663,229],[-313,959]],[[11010,8198],[-75,687],[-439,358]],[[10496,9243],[664,400]],[[13025,8298],[438,-272]],[[12600,7268],[-176,29]],[[9708,8384],[-251,301]],[[9457,8685],[1039,558]],[[9094,10688],[-751,729]],[[8343,11417],[-37,430],[588,357],[1039,-243]],[[9933,11961],[238,-830]],[[10171,11131],[-1077,-443]],[[9833,1917],[-150,744]],[[9683,2661],[914,630]],[[11598,4936],[2091,-1044]],[[9870,5351],[-538,501]],[[9332,5852],[-325,973]],[[9007,6825],[1026,-401]],[[9007,6825],[-338,987],[-739,958]],[[7930,8770],[1127,830]],[[9057,9600],[125,-43]],[[9182,9557],[275,-872]],[[7930,8770],[-426,1746]],[[7504,10516],[1553,-916]],[[16919,1588],[676,-901]],[[17595,687],[-914,-158]],[[16681,529],[-889,573],[-1628,-186]],[[13150,515],[-926,-429]],[[12224,86],[-1978,601]],[[17570,4478],[-576,0]],[[14841,6538],[463,888],[551,-86],[513,758],[88,615]],[[19222,7354],[-688,-715],[-889,-1417]],[[17645,5222],[-75,-744]],[[17570,4478],[976,-2332]],[[18546,2146],[-951,-1459]],[[9182,9557],[363,473]],[[9545,10030],[-451,658]],[[10171,11131],[1214,-200],[301,-258]],[[12387,16210],[-1427,43],[-251,744],[-463,358]],[[10246,17355],[-526,286],[626,816],[401,-115],[501,558]],[[12524,14565],[-1852,-1016],[-401,-458]],[[10271,13091],[-238,1016],[-1014,0],[-638,1517]],[[8381,15624],[813,758],[752,186],[300,787]],[[9933,11961],[338,1130]],[[9607,21018],[764,-258]],[[10371,20760],[25,-973],[413,101],[701,-415]],[[8381,15624],[25,529],[-1515,1173],[87,630]],[[6978,17956],[1152,186],[376,1874],[1101,1002]],[[6978,17956],[-425,558],[-213,1030],[-651,916]],[[5689,20460],[288,858]],[[5977,21318],[1302,358]],[[7279,21676],[163,-758],[601,515],[1039,71]],[[9082,21504],[525,-486]],[[4775,24123],[388,0]],[[5163,24123],[1114,100],[464,286]],[[6741,24509],[325,-415],[-25,-1044],[363,-644],[-125,-730]],[[5977,21318],[-50,358]],[[5927,21676],[-1014,300],[-313,888],[175,1259]],[[7680,25797],[701,-1202]],[[8381,24595],[-1190,214],[-450,-300]],[[6741,24509],[-939,257],[-263,544]],[[5539,25310],[137,43]],[[5676,25353],[714,444]],[[6390,25797],[1290,0]],[[6227,26297],[163,-500]],[[5676,25353],[51,873],[500,71]],[[3373,26254],[188,-143],[-251,-672],[-162,544],[225,271]],[[4024,28558],[300,315]],[[4324,28873],[38,958]],[[4362,29831],[338,744]],[[4700,30575],[651,-271]],[[5351,30304],[250,-1145]],[[5601,29159],[-375,-687],[-1202,86]],[[3573,28644],[-588,-458],[-363,1087],[839,573],[563,-344],[-451,-858]],[[4462,30132],[-1552,-415],[-914,944],[1690,801],[601,158],[350,-458],[-175,-1030]],[[2860,31577],[300,43]],[[3160,31620],[-713,-530]],[[2447,31090],[413,487]],[[1720,33995],[689,257]],[[2409,34252],[200,-343]],[[2609,33909],[-450,-944]],[[2159,32965],[-451,14]],[[1708,32979],[12,1016]],[[5063,33637],[-1740,-501]],[[3323,33136],[-175,873],[-539,-100]],[[2409,34252],[288,1145],[401,744],[651,157],[287,1388]],[[4036,37686],[664,-715]],[[4700,36971],[451,-615],[-489,-930],[-12,-816],[413,-973]],[[1119,37972],[1065,115],[488,472]],[[2672,38559],[288,-200],[826,372]],[[3786,38731],[250,-1045]],[[1720,33995],[-263,1030],[238,343],[-651,1660],[75,944]],[[4888,42064],[1076,-1573],[439,-1374],[-313,-1116],[-589,-615]],[[5501,37386],[-801,-415]],[[3786,38731],[376,1330],[425,644],[-50,1088],[351,271]],[[5501,37386],[764,-43],[400,-458]],[[6665,36885],[138,-658],[-288,-615]],[[6515,35612],[-238,-301],[-375,-1788]],[[5902,33523],[-839,114]],[[6165,28973],[463,86],[776,958]],[[7404,30017],[351,-286]],[[7755,29731],[-163,-1001]],[[7592,28730],[-463,-315],[-188,-801],[-801,-344]],[[6140,27270],[-777,-71]],[[5363,27199],[689,1230],[113,544]],[[6227,26297],[-87,973]],[[7592,28730],[451,-129],[-514,-1087],[413,-1288]],[[7942,26226],[-262,-429]],[[9057,27084],[-101,1145],[-513,515],[276,501],[638,372]],[[9357,29617],[1164,186]],[[10521,29803],[-225,-658],[476,-244],[75,-729],[-326,-329]],[[10521,27843],[-676,-701]],[[9845,27142],[-788,-58]],[[9057,27084],[550,29]],[[9607,27113],[-425,-1359],[363,-487],[-676,-644]],[[8869,24623],[-488,-28]],[[7942,26226],[213,-129],[902,987]],[[8393,31119],[-163,758]],[[8230,31877],[101,759],[726,329]],[[9057,32965],[1164,-272]],[[10221,32693],[-326,-572],[151,-616]],[[10046,31505],[-238,101],[-1127,-558],[-288,71]],[[8368,30747],[25,372]],[[10046,31505],[187,-1187],[439,-472]],[[10672,29846],[-151,-43]],[[9357,29617],[-238,1073],[-751,57]],[[19097,37000],[351,-802]],[[19448,36198],[726,-214],[488,429]],[[20662,36413],[213,-472]],[[20875,35941],[-1014,-816],[-63,-887]],[[19798,34238],[-776,-1474]],[[19022,32764],[-538,15]],[[18484,32779],[350,715],[-188,1002]],[[18646,34496],[-300,644],[0,1030],[538,114],[213,716]],[[16881,38087],[13,1116]],[[16894,39203],[638,401]],[[17532,39604],[839,-458]],[[18371,39146],[300,-1774]],[[18671,37372],[-1089,-344]],[[17582,37028],[0,1030],[-701,29]],[[12587,25153],[75,-573],[927,-114],[813,258],[589,643]],[[12487,21104],[-426,830],[413,1430],[-788,415],[450,987]],[[12136,24766],[451,387]],[[4888,42064],[726,258],[1565,57],[163,-772],[851,-86],[213,-573]],[[8406,40948],[-301,-558],[-100,-1445],[125,-1130]],[[8130,37815],[-964,100],[-75,-830],[-426,-200]],[[8506,34438],[-1991,1174]],[[8130,37815],[664,-472]],[[8794,37343],[-388,-630]],[[8406,36713],[12,-615],[952,-544]],[[9370,35554],[-864,-1116]],[[6165,28973],[-564,186]],[[5351,30304],[-75,314],[964,1331]],[[6240,31949],[526,-444],[-376,-486],[288,-887],[726,-115]],[[8869,24623],[200,-829],[576,472],[488,-358],[526,143]],[[10659,24051],[-676,-1187],[225,-1088],[-601,-758]],[[10659,24051],[1189,1002],[288,-287]],[[13100,28358],[-863,-802],[-589,-171]],[[11648,27385],[-1127,458]],[[10672,29846],[1464,114]],[[12136,29960],[614,-629],[350,-973]],[[12287,32321],[250,-529],[826,-315]],[[13363,31477],[-1227,-1517]],[[10221,32693],[726,-587],[1340,215]],[[15078,34496],[-438,-830]],[[14640,33666],[-1640,-458]],[[13000,33208],[-400,672]],[[12600,33880],[262,201]],[[12862,34081],[276,1030],[1515,830]],[[14653,35941],[-188,-1102],[613,-343]],[[17557,34009],[1089,487]],[[18484,32779],[-188,-429],[-726,-58]],[[17570,32292],[-376,372],[363,1345]],[[16443,34825],[-163,200],[914,1803],[388,200]],[[18671,37372],[426,-372]],[[17557,34009],[-300,29],[-351,958],[-463,-171]],[[5539,25310],[-551,-257],[175,-930]],[[4775,24123],[63,715],[-1102,816]],[[3736,25654],[-13,472],[476,500]],[[4199,26626],[501,458],[663,115]],[[4199,26626],[-613,558]],[[3586,27184],[438,1374]],[[3323,33136],[-376,-887]],[[2947,32249],[-738,15]],[[2209,32264],[-50,701]],[[2447,31090],[-38,444],[538,429]],[[2947,31963],[-87,-386]],[[2947,31963],[0,286]],[[5902,33523],[451,-673],[-113,-901]],[[4700,30575],[225,430]],[[4925,31005],[-438,944],[-501,200],[-826,-529]],[[1119,37972],[-225,802]],[[894,38774],[63,1101]],[[957,39875],[488,802],[839,186],[475,-1016],[-87,-1288]],[[8506,34438],[-814,-715]],[[7692,33723],[-363,-801]],[[7329,32922],[1728,43]],[[8230,31877],[-550,-457],[-651,801],[-789,-272]],[[8368,30747],[-413,-286],[-200,-730]],[[9607,27113],[238,29]],[[11648,27385],[-62,-429],[663,-859],[-63,-615],[401,-329]],[[13100,28358],[689,-215],[451,-486],[801,171]],[[10083,40090],[-701,-1202],[-113,-830]],[[9269,38058],[-475,-715]],[[8406,40948],[601,-143],[388,644],[688,-472],[0,-887]],[[14653,35941],[889,100],[-564,1230],[113,344]],[[15091,37615],[1239,-372],[551,844]],[[16443,34825],[-438,-530],[-927,201]],[[9057,32965],[826,901],[663,100]],[[10546,33966],[1315,2104],[613,-272],[-538,-1689]],[[11936,34109],[664,-229]],[[13000,33208],[-864,-444],[151,-443]],[[14640,33666],[864,-644]],[[15504,33022],[-163,-372],[-1389,-658],[-589,-515]],[[17570,32292],[-1002,-872]],[[16568,31420],[-688,-244]],[[15880,31176],[200,601],[-739,72],[163,1173]],[[19022,32764],[-664,-1101]],[[18358,31663],[-400,-1646]],[[17382,30089],[225,1130],[-1039,201]],[[15454,29030],[-338,1002],[764,1144]],[[12324,44425],[-1139,859]],[[11185,45284],[789,1087]],[[11974,46371],[1477,72]],[[13451,46443],[100,-830],[326,-229],[-301,-801]],[[13576,44583],[-889,171],[-363,-329]],[[7667,45799],[-1502,572],[-363,901]],[[5802,47272],[-351,1317],[601,572],[1027,-100],[1051,701],[551,758]],[[8681,50520],[188,-558],[-225,-844],[150,-944],[-651,-401],[-476,-1388],[0,-586]],[[9457,50992],[-413,516]],[[9044,51508],[200,558]],[[9244,52066],[-162,1516],[626,916],[0,1159],[-464,887],[38,515],[-601,1030],[-188,1588],[-526,1374],[1340,300],[1002,29]],[[10309,61380],[112,-544],[2404,-2661],[138,-730],[1176,-1874],[301,-858]],[[14440,54713],[363,-287]],[[14803,54426],[-313,-429],[-213,-1259],[-1026,-672],[-689,-101],[413,-658]],[[12975,51307],[-864,-672],[-851,-158],[-601,759],[-1202,-244]],[[17107,44411],[25,773]],[[17132,45184],[175,400],[1264,129],[914,-243]],[[19485,45470],[13,-630]],[[19498,44840],[-13,-901],[-488,-544],[-313,-787]],[[18684,42608],[-563,415],[200,930],[-551,-43],[-663,501]],[[13839,42866],[926,157]],[[14765,43023],[-575,-901]],[[14190,42122],[-351,744]],[[13651,48689],[1340,-86],[-50,-658]],[[14941,47945],[-927,-615],[-363,86]],[[13651,47416],[0,1273]],[[13451,46443],[200,973]],[[14941,47945],[350,-401]],[[15291,47544],[-576,-1073],[226,-1173],[-489,-715],[-876,0]],[[12324,44425],[-62,-1373]],[[12262,43052],[0,-802],[-301,-286]],[[11961,41964],[-964,100],[-150,401],[163,1159],[-338,429]],[[10672,44053],[-151,487],[276,729],[388,15]],[[4888,42064],[37,1159],[-175,473],[-350,2174],[287,530],[614,128],[501,744]],[[7667,45799],[75,-887],[-200,-601],[776,0],[388,-444]],[[8706,43867],[-300,-1273],[238,-873],[-238,-773]],[[11974,46371],[-927,1259],[-488,916],[-551,272],[88,1316],[-514,157],[-125,701]],[[12975,51307],[676,-2618]],[[15291,47544],[451,43]],[[15742,47587],[951,-2089],[439,-314]],[[17107,44411],[-101,-529],[-638,-387],[-63,-701]],[[16305,42794],[-1051,458]],[[15254,43252],[-489,-229]],[[13839,42866],[-300,386]],[[13539,43252],[-1277,-200]],[[18684,42608],[0,-114]],[[18684,42494],[-225,-1646]],[[18459,40848],[262,-644],[-350,-1058]],[[17532,39604],[-113,701],[-826,-58],[701,1374],[-187,987]],[[17107,42608],[-802,186]],[[16894,51894],[-88,844]],[[16806,52738],[1014,-258]],[[17820,52480],[388,-1559],[1202,-801]],[[19410,50120],[-138,-3778]],[[19272,46342],[213,-872]],[[15742,47587],[538,415],[301,1359],[375,158],[213,1431],[-275,944]],[[14803,54426],[663,-57]],[[15466,54369],[802,-1602]],[[16268,52767],[626,-873]],[[10672,44053],[-476,-343],[-1064,-100],[-426,257]],[[8681,50520],[363,988]],[[11961,41964],[626,-1931],[150,-1646],[-838,115],[-138,1059],[-977,772],[-701,-243]],[[20086,40290],[-63,973],[238,573]],[[20261,41836],[814,114],[213,658]],[[21288,42608],[388,-172],[363,-572],[513,-501]],[[22552,41363],[138,-715]],[[22690,40648],[-613,-501]],[[22077,40147],[-451,-14],[-864,-658]],[[20762,39475],[213,1116],[-889,-301]],[[18371,39146],[1027,329],[50,615],[638,200]],[[20762,39475],[38,-544]],[[20800,38931],[-363,-830],[-88,-844],[313,-844]],[[22077,40147],[1652,115],[651,744]],[[24380,41006],[188,-1102],[338,-272],[-88,-772],[564,-315]],[[24330,37500],[-175,744],[-1315,1216],[-2040,-529]],[[18684,42494],[1289,-158],[288,-500]],[[20837,44311],[-1339,529]],[[19410,50120],[1653,-244]],[[21063,49876],[87,-772],[789,-1660]],[[21939,47444],[175,-515]],[[22114,46929],[-1177,-200],[226,-644],[-351,-544],[25,-1230]],[[23103,50105],[501,-357]],[[23604,49748],[-701,-2089],[-964,-215]],[[21063,49876],[-151,973],[689,301],[426,-658],[763,86],[313,-473]],[[22765,41092],[-213,271]],[[21288,42608],[-288,472]],[[21000,43080],[1077,172],[350,887],[776,-200],[88,687]],[[23291,44626],[601,28],[75,-658],[1640,-258]],[[25607,43738],[225,-1130]],[[25832,42608],[-375,57],[-1452,-500],[788,-315],[726,286],[451,-558],[75,-758],[639,-58]],[[24380,41006],[-1615,86]],[[22690,40648],[75,444]],[[22089,35912],[225,487],[-588,643],[-313,-758],[-538,-343]],[[20837,44311],[-150,-644],[313,-587]],[[22114,46929],[226,-1416],[625,43],[326,-930]],[[26308,44826],[0,-1130],[-701,42]],[[23604,49748],[1002,-1388]],[[24606,48360],[738,-1631]],[[25344,46729],[-238,-544],[589,-257],[87,-1159],[526,57]],[[24606,48360],[688,1073],[801,-172]],[[26095,49261],[526,-529],[614,100],[225,-501]],[[27460,48331],[325,-572],[25,-887]],[[27810,46872],[-187,-472],[-689,-372],[-451,558],[-1139,143]],[[27460,48331],[976,530]],[[28436,48861],[551,-430],[388,-815]],[[29375,47616],[-62,-1116]],[[29313,46500],[-776,-272]],[[28537,46228],[-727,644]],[[28224,44311],[175,-458],[776,71]],[[27911,43180],[-702,1045]],[[27209,44225],[1015,86]],[[29225,44525],[-889,1374],[201,329]],[[29313,46500],[475,-1302],[-563,-673]],[[26609,51808],[613,-129]],[[27222,51679],[676,243]],[[27898,51922],[826,-672]],[[28724,51250],[126,-544]],[[28850,50706],[12,-801],[-526,-572]],[[28336,49333],[-1089,672],[-175,387],[-814,-344]],[[26258,50048],[-263,344],[614,1416]],[[32843,45355],[-463,43],[-576,-443],[-726,686],[-726,-1159]],[[30352,44482],[-1127,43]],[[29375,47616],[939,687],[1590,-687]],[[28436,48861],[-100,472]],[[28850,50706],[989,115],[1014,1216],[801,57]],[[26095,49261],[163,787]],[[29225,44525],[-1001,-214]],[[27209,44225],[-901,601]],[[27134,42365],[-1302,243]],[[16806,52738],[-188,1831],[38,1446],[513,243],[88,815]],[[17257,57073],[1840,201]],[[19097,57274],[175,-501],[751,-787]],[[20023,55986],[464,-1975],[0,-1116]],[[20487,52895],[-601,-486],[-726,257],[-1340,-186]],[[11385,64585],[1352,1731],[238,-887],[964,-1717],[263,-1373],[513,-630],[126,-658]],[[14841,61051],[287,-1846],[1565,0],[614,-601],[-426,-715],[376,-816]],[[10309,61380],[150,1016],[438,343],[488,1846]],[[24067,56544],[-275,-973],[-914,-887],[25,-458]],[[22903,54226],[-438,-458],[-1039,115],[-601,-973],[-338,-15]],[[20023,55986],[1027,-43],[901,-286],[927,973],[1189,-86]],[[19097,57274],[1027,729],[576,716]],[[20700,58719],[338,-515],[1690,686]],[[22728,58890],[876,-300],[588,401],[1465,271]],[[25657,59262],[200,-286],[-863,-543],[-639,-115],[-538,-529],[250,-1245]],[[22790,65815],[463,1202],[363,-987]],[[23616,66030],[2216,-3076],[151,-987],[400,-759]],[[26383,61208],[-350,-214],[-376,-1732]],[[22728,58890],[-388,415]],[[22340,59305],[-514,830],[213,673],[563,343]],[[22602,61151],[151,930],[-288,572],[238,1603],[87,1559]],[[19423,66831],[450,472]],[[19873,67303],[801,-314],[464,-959],[1652,-215]],[[22602,61151],[-1790,14],[-676,201],[-113,1116],[-788,1373],[-75,944],[-313,616],[187,958],[389,458]],[[17219,67375],[388,-673],[125,-1201],[539,-1932],[-50,-587],[788,-1230],[-1477,257],[-626,-758],[-951,57],[-1114,-257]],[[11385,64585],[-1364,2332],[-764,-43],[-1327,1746],[964,5708]],[[8894,74328],[1552,-486],[902,57],[1777,-2232],[689,358],[376,-558],[-852,-787],[1027,-1188],[964,-1688],[1890,-429]],[[23103,50105],[526,887],[150,859],[-75,1016]],[[23704,52867],[1202,-115],[989,-543]],[[25895,52209],[714,-401]],[[22340,59305],[-389,-257]],[[21951,59048],[-851,844],[-551,-72],[151,-1101]],[[17219,67375],[1114,-29]],[[18333,67346],[1090,-515]],[[29000,56515],[-501,-157]],[[28499,56358],[-889,-243],[-1001,-1302],[-489,-72]],[[26120,54741],[-338,744],[-538,0],[-926,630],[-251,429]],[[26383,61208],[927,-501]],[[27310,60707],[1101,-100]],[[28411,60607],[526,-1302],[864,-958]],[[29801,58347],[-388,-1159],[-413,-673]],[[23504,53124],[-601,1102]],[[26120,54741],[-763,-200],[-301,-587],[-851,-744],[-701,-86]],[[28499,56358],[-939,-1002],[-275,-944],[-864,-1874],[-526,-329]],[[23704,52867],[-200,257]],[[29914,53997],[-338,-215],[0,-786],[-726,-516],[-614,115],[-338,-673]],[[28499,56358],[701,-973],[714,-1388]],[[29914,53997],[626,-172]],[[30540,53825],[601,-758],[62,-587],[451,-386]],[[32217,58275],[-701,-172],[-864,301],[-851,-57]],[[28411,60607],[864,544],[1002,29],[275,429]],[[30552,61609],[1803,-458]],[[32355,61151],[-100,-1245],[375,-1001],[-413,-630]],[[29000,56515],[951,-186],[902,-787],[413,-758],[-726,-959]],[[27723,66445],[914,-744],[400,-916],[-701,-1359],[-1026,-2719]],[[23616,66030],[464,715],[738,401],[1052,229],[526,-558],[1327,-372]],[[27760,73985],[902,43]],[[28662,74028],[1364,-29]],[[30026,73999],[1428,-314],[575,-330],[2892,-286]],[[34921,73069],[-162,-1445],[-363,-658],[-176,-959]],[[34220,70007],[-513,186],[-977,-443],[-363,86],[-888,1302],[-389,915],[-3330,1932]],[[19873,67303],[150,1732],[839,1287],[1778,-300],[351,830],[-138,472],[1652,1302],[-87,815],[-363,916]],[[24055,74357],[776,687],[701,57],[2028,-916]],[[27560,74185],[801,-1616],[-75,-272],[551,-1975],[376,-300],[-201,-830],[1703,-1688]],[[30715,67504],[-1640,143],[-1352,-1202]],[[32355,61151],[1339,186]],[[33694,61337],[351,-587],[-288,-529],[601,-1044],[-150,-558],[576,-558],[-651,-630],[726,-386]],[[32618,53053],[-25,687],[-576,314],[726,1474],[-363,458],[-163,2289]],[[31115,65930],[238,458],[877,-787],[726,-29],[338,-372]],[[33294,65200],[100,-544],[638,-729],[-525,-1045],[187,-1545]],[[30552,61609],[776,873],[113,901],[-188,816],[138,715],[-276,1016]],[[30715,67504],[-25,-1317],[425,-257]],[[27560,74185],[200,-200]],[[34220,70007],[363,-386],[-12,-629],[676,-487],[-163,-916],[-1052,716],[-738,-1688],[363,-773],[-363,-644]],[[29200,78907],[113,-458],[851,-644],[-526,-958],[113,-945],[-250,-858],[-839,-1016]],[[24055,74357],[-827,-243],[-1064,615]],[[22164,74729],[-388,901],[-313,72]],[[21463,75702],[150,558]],[[21613,76260],[-200,1431]],[[21413,77691],[601,128]],[[22014,77819],[801,-100]],[[22815,77719],[2567,344]],[[25382,78063],[1815,915],[814,-186],[613,272],[576,-157]],[[33094,80638],[1289,-1373],[1277,-1818],[451,-429]],[[36111,77018],[-964,-701]],[[35147,76317],[-388,758],[-439,-171]],[[34320,76904],[-763,-630],[0,1603],[-489,186],[-913,1044],[-38,372],[977,1159]],[[33920,81253],[738,-386],[1215,86],[1389,-944]],[[37262,80009],[752,-301],[-489,-844]],[[37525,78864],[100,-658],[-751,-630],[-263,-815],[-500,257]],[[33094,80638],[338,544],[488,71]],[[34320,76904],[539,-472],[125,-845]],[[34984,75587],[-463,-529],[413,-644],[764,-200],[-777,-1145]],[[29200,78907],[488,1230]],[[29688,80137],[889,1202]],[[30577,81339],[1728,286]],[[32305,81625],[789,-987]],[[37150,84530],[1640,-744],[738,-487]],[[39528,83299],[251,-958],[-701,-1617],[-514,-100]],[[38564,80624],[-663,-730],[-639,115]],[[33920,81253],[-564,673],[-50,644],[2053,1073],[564,-100],[1014,414],[213,573]],[[32305,81625],[-2078,2404],[-2354,2046],[38,658],[-739,57]],[[27172,86790],[-63,730]],[[27109,87520],[88,515]],[[27197,88035],[-951,1173],[913,-157],[514,444],[751,-344],[563,86],[1152,515],[-213,1102],[38,772],[613,1445]],[[30577,93071],[589,-615]],[[31166,92456],[1978,-343]],[[33144,92113],[-363,-429],[287,-1803],[564,-1359],[-351,-272],[126,-844],[638,286],[313,-1631],[401,-658],[1352,-101],[1039,-772]],[[40530,91025],[476,86]],[[41006,91111],[1464,-1988],[13,-444],[551,-901]],[[43034,87778],[-150,-1503],[-539,-157],[-12,-887],[-789,-215],[-1014,-729],[-538,14],[-464,-1002]],[[33144,92113],[2140,-315]],[[35284,91798],[3130,1388]],[[38414,93186],[451,-415],[-200,-472],[338,-787]],[[39003,91512],[1264,-186],[263,-301]],[[24781,85889],[338,816],[1064,858],[926,-43]],[[29688,80137],[-425,1231],[212,701],[-475,687],[-977,143],[-839,-201],[-313,229],[-1877,-157],[-1002,787]],[[23992,83557],[-426,415],[-12,658],[526,773],[638,-616],[351,573],[-288,529]],[[22014,77819],[-213,1188],[-425,300],[137,744],[-188,916]],[[21325,80967],[764,86],[601,801],[275,759],[-37,930],[1064,14]],[[18371,97049],[551,-615],[2416,-644],[513,-1746],[426,-858],[-288,-215],[263,-1030],[501,-830],[-626,-572],[-63,-2132]],[[22064,88407],[-701,-86],[-275,-415],[-864,301],[137,-887],[-287,-487],[1139,-1545],[-63,-930],[-701,-43]],[[20449,84315],[-876,229],[-501,415],[-1452,501]],[[17620,85460],[-1277,343],[-1315,830],[176,701],[-188,2976],[-313,215],[-301,1144],[-75,2032]],[[14327,93701],[1991,-444]],[[16318,93257],[1214,-400],[964,2003]],[[18496,94860],[-125,2189]],[[24781,85889],[-1653,1288],[-1064,1230]],[[18371,97049],[-225,916],[-752,257]],[[17394,98222],[-1151,830],[2604,5022],[551,730]],[[19398,104804],[1752,-1531]],[[21150,103273],[301,-787],[751,-458],[438,-1145]],[[22640,100883],[864,-400],[463,-716],[138,-729],[839,-644],[751,200],[263,-1302],[1277,-830],[37,-787],[801,101],[2504,-2705]],[[17620,85460],[676,-1274],[-100,-372],[1051,-572]],[[19247,83242],[100,-529]],[[19347,82713],[-738,-272],[-551,229],[-1878,-201],[-1064,229],[-1202,-157],[-989,-687],[-2078,100],[-2792,-701]],[[8055,81253],[651,959],[-1014,2962],[1239,2117],[-250,1231],[701,787],[476,972],[1490,2290],[1039,801],[1465,443]],[[13852,93815],[475,-114]],[[21463,75702],[-1239,-1331],[-1077,186],[-1540,2075],[-188,1259],[-588,114],[-225,973],[-1077,-472],[-1102,816],[-87,-587],[488,-601],[-901,-171],[-13,457],[-688,573],[-676,243],[-326,-515],[-638,286],[-814,-14],[-751,658],[-1766,-43]],[[8255,79608],[-200,1645]],[[19347,82713],[251,-830]],[[19598,81883],[-38,-1631],[539,629]],[[20099,80881],[-176,1145]],[[19923,82026],[514,-229],[87,-630],[801,-200]],[[8894,74328],[-1089,3849],[450,1431]],[[19923,82026],[-213,1402]],[[19710,83428],[651,272],[88,615]],[[40530,91025],[488,773],[1840,-472],[1065,815]],[[43923,92141],[801,-615]],[[44724,91526],[426,-601],[-163,-1202],[250,-1101]],[[45237,88622],[50,-816],[-375,-286],[-476,830]],[[44436,88350],[-463,-487],[-939,-85]],[[38414,93186],[1803,787]],[[40217,93973],[1753,844]],[[41970,94817],[1064,-930]],[[43034,93887],[563,-601],[326,-1145]],[[41970,94817],[-626,858],[-501,2232],[1264,3806]],[[42107,101713],[376,-257]],[[42483,101456],[175,-716],[614,-457],[588,28],[926,-1159],[714,-572],[513,-115],[276,-643]],[[46289,97822],[-388,-1159],[350,-158],[-238,-1502],[-939,57],[-75,-558]],[[44999,94502],[-1001,-729],[-964,114]],[[49669,92513],[-476,172],[88,930],[-601,1173],[-701,558],[-864,1989]],[[47115,97335],[1227,-100],[626,429],[188,773],[613,300],[989,-973],[376,258],[400,-873]],[[51534,97149],[-1114,-1559],[-113,-1031]],[[50307,94559],[-638,-2046]],[[42107,101713],[-2566,1946]],[[39541,103659],[2892,2032]],[[42433,105691],[801,501]],[[43234,106192],[1152,-1674],[876,-315],[902,-1259],[-464,-587],[-263,-1545],[-863,887],[-1590,100],[-501,-343]],[[36749,106335],[488,1974],[-87,1088]],[[37150,109397],[601,-129],[713,-558],[551,0],[726,-716],[864,-372],[1164,-815],[-112,-501],[776,-615]],[[39541,103659],[-2166,2318],[-626,358]],[[20199,108295],[200,2590],[438,1287],[-438,3420]],[[20399,115592],[1941,114]],[[22340,115706],[2528,-3491],[4420,-2575],[551,-1173],[1940,-1574],[2879,-1374],[1252,-1259]],[[35910,104260],[-150,-1402],[-1602,-2103]],[[34158,100755],[-614,286],[-3943,2818],[-2216,3148],[-1778,887],[-3280,0],[-225,344],[-1027,-215],[-876,272]],[[36749,106335],[-839,-2075]],[[22340,115706],[250,29]],[[22590,115735],[1940,1502],[-87,673]],[[24443,117910],[1552,-573],[3343,-2561],[889,0],[4031,-3949],[2341,-744]],[[36599,110083],[551,-686]],[[21150,103273],[3518,-1173],[2178,-1832],[889,-1631],[1052,-744],[1214,-343],[463,-859]],[[30464,96691],[-375,-858],[1089,-2432],[488,-415],[-500,-530]],[[44999,94502],[664,-43],[0,-1116],[-213,-515],[363,-715],[-1089,-587]],[[35021,98451],[-300,-243],[-3305,-1016],[-63,-458],[-889,-43]],[[19398,104804],[200,1388],[576,572],[25,1531]],[[34158,100755],[-238,-186],[1101,-2118]],[[35021,98451],[1478,-1259],[763,157],[0,-543],[2955,-2833]],[[46289,97822],[826,-487]],[[49669,92513],[-301,-643]],[[49368,91870],[-701,-143],[-363,-501],[-87,-787],[-501,-358],[-1302,0]],[[46414,90081],[-1177,-1459]],[[43234,106192],[225,257]],[[43459,106449],[877,2003]],[[44336,108452],[4094,-1602],[2466,-229],[138,-401],[913,-458]],[[51947,105762],[-538,-1259],[-526,-243],[188,-544],[-776,-1287],[851,-58],[163,-1731],[976,-515],[263,-858],[413,-315],[-513,-1016],[-914,-787]],[[36599,110083],[513,100],[-150,759]],[[36962,110942],[588,329]],[[37550,111271],[551,1445],[-476,1030],[188,701],[514,572],[989,-243],[751,1774]],[[40067,116550],[375,-629],[1014,-158],[88,-329],[2504,-286],[613,-787],[726,-171]],[[45387,114190],[-375,-845],[601,-2518]],[[45613,110827],[-639,-973],[-1302,215],[-450,-973],[1114,-644]],[[24443,117910],[-338,1387],[1039,1231],[1515,3019],[1565,1545],[175,1603]],[[28399,126695],[1477,-1102],[1703,-1016],[2328,-2432],[2016,-644],[2441,-1402],[476,-1503],[-75,-715],[1302,-1331]],[[37550,111271],[-175,730],[-914,186],[-1177,1402],[188,572]],[[35472,114161],[-776,2189]],[[34696,116350],[-714,343],[-1514,1632]],[[32468,118325],[12,-487]],[[32480,117838],[588,-758],[76,-487],[688,-300],[1064,-1088],[-876,-429],[488,-672],[0,-1431],[576,644],[714,-987],[475,-1345]],[[36273,110985],[689,-43]],[[49719,118582],[-1152,830],[-1164,-472],[-1390,-3706]],[[46013,115234],[-626,-1044]],[[28399,126695],[-163,672],[-1189,2003],[338,930],[889,186],[450,887],[651,3105]],[[29375,134478],[238,229]],[[29613,134707],[1077,-601],[163,-558],[776,-57],[951,-1173],[1177,-229],[613,-601],[601,-58],[1953,-1788],[852,86],[738,-487],[1891,-2031],[701,-29],[1264,-858],[438,-988],[2204,-1416],[1402,-701],[1640,-1159],[1665,-3477]],[[56755,123533],[588,-2447],[426,-816],[-163,-372],[563,-973],[26,-815]],[[58195,118110],[-1816,-115],[-1277,501],[-701,-1116]],[[54401,117380],[-1139,1689]],[[53262,119069],[-814,1273]],[[52448,120342],[539,415],[-113,1588],[-626,715],[413,1875]],[[52661,124935],[3806,-1517],[288,115]],[[56091,113775],[-688,1688],[100,215],[-1102,1702]],[[58195,118110],[25,-572],[651,-501]],[[58871,117037],[1377,-1688],[112,-830]],[[60360,114519],[-701,-286]],[[59659,114233],[-989,314],[-338,-1173],[-1327,701],[-325,773],[-514,43]],[[56166,114891],[-75,-1116]],[[56755,123533],[1465,472],[-989,2861],[2704,-315]],[[59935,126551],[663,-901]],[[60598,125650],[-325,-644],[162,-1946],[-826,-1373],[288,-673],[-150,-944],[601,-1302]],[[60348,118768],[613,-186]],[[60961,118582],[-413,-200],[-1677,-1345]],[[52661,124935],[125,872],[-1765,3563],[351,987]],[[51372,130357],[1452,4221],[1302,1188],[1465,3691]],[[55591,139457],[613,-1102],[1114,-701],[138,-615],[-463,-243],[-88,-730],[188,-1516],[388,-573],[-388,-1531],[1627,-500],[13,-1474],[-501,-200],[0,-1102],[526,-687],[100,-544]],[[58858,127939],[1077,-1388]],[[29613,134707],[1703,1302]],[[31316,136009],[363,730],[1490,-730],[1076,-787]],[[34245,135222],[100,358]],[[34345,135580],[288,-444],[1428,-801],[2190,71],[1853,287],[614,-272],[1352,-272],[876,-415],[551,43],[976,-315],[1703,-858],[1402,-1231],[2930,-86],[864,-930]],[[52448,120342],[-1252,-587],[-1139,-1101],[-338,-72]],[[46013,115234],[3305,-1960],[1352,-1288]],[[50670,111986],[-826,-701],[213,-515],[-1014,-572],[-1114,658],[-939,343],[-1377,-372]],[[53387,109583],[-1302,844],[-1289,1187],[-126,372]],[[50670,111986],[514,730],[688,-429],[639,329],[425,672],[-175,344],[914,744],[-638,958],[-439,57],[138,1345],[576,58],[-275,2160],[225,115]],[[56091,113775],[-914,872]],[[55177,114647],[-425,-228],[-25,-1474],[350,-1717],[-576,157],[-212,-572],[-1240,-86],[614,-615],[-276,-529]],[[53387,109583],[-1214,-186],[-839,-587],[1052,-658],[-439,-630],[263,-1016],[-263,-744]],[[60961,118582],[489,-801]],[[61450,117781],[1327,-2862],[-1353,-286],[-413,286]],[[61011,114919],[-651,-400]],[[34345,135580],[789,2089]],[[35134,137669],[-426,2260],[13,1417],[1114,543],[839,-701],[1490,258],[3793,-1245],[1202,1531],[-1214,544],[1001,1345],[301,1402],[-188,1173],[-902,1188],[1828,357],[826,-129],[589,-500],[-263,-458],[651,-301]],[[45788,146353],[1715,-1316]],[[47503,145037],[100,-672],[789,-272],[1665,-1030],[125,-601],[1152,-15],[1440,-543]],[[52774,141904],[1790,-916]],[[54564,140988],[438,-658],[25,-801],[564,-72]],[[35021,42208],[564,600],[1051,-615],[576,286],[877,-200],[563,615]],[[38652,42894],[-976,859],[-752,973]],[[36461,45412],[38,1016],[588,401],[538,-43]],[[40780,50263],[489,1731]],[[41006,44497],[-401,28],[-814,-729],[-551,-229]],[[39240,43567],[1315,-1231],[563,-357]],[[41118,41979],[163,-573],[-563,-830]],[[40718,40576],[-626,-28],[-1027,-644],[-200,-1345],[-526,-1116]],[[37763,38530],[-751,-128]],[[35172,40863],[-388,1073],[237,272]],[[36211,57059],[313,-1331]],[[35948,45241],[-225,-787],[-476,0]],[[26684,40762],[676,616]],[[27360,41378],[2028,644],[-38,372],[-1039,-358]],[[29175,43924],[1565,215],[501,-86],[1264,358]],[[33131,44139],[326,501],[388,-1302]],[[36336,37972],[-75,-672],[-463,-644]],[[35798,36656],[-1415,-586],[-238,-387]],[[34145,35683],[-1039,-443]],[[30101,36098],[-826,1488],[-338,72]],[[28299,38545],[-1077,601],[-664,-201]],[[19798,29574],[714,2962],[638,543]],[[22002,33437],[563,744],[-927,572]],[[24330,37500],[1014,315]],[[32142,33122],[-12,-644],[964,-372]],[[29551,30189],[-1503,-1345]],[[26283,26998],[-1452,-1759]],[[23241,25296],[-901,2432]],[[22340,27728],[375,701],[-388,1259],[-1289,-472],[-1240,358]],[[26208,24237],[-275,-1731]],[[24631,20231],[-1703,-315],[-1027,-687]],[[19823,19845],[-62,-344],[-1190,-100]],[[18859,17412],[-313,-758],[-551,-29]],[[16681,18442],[-1840,-71],[-138,-715]],[[11460,18214],[-225,1030],[275,229]],[[11911,20374],[438,129],[589,687]],[[14803,23808],[-13,715],[351,429],[125,2290],[-225,1058],[413,730]],[[17382,28014],[163,-1802]],[[25432,16654],[188,-1002]],[[24430,12233],[-788,-215],[-1102,-71]],[[22540,11947],[-826,-1030]],[[20449,11317],[-851,615]],[[16568,12076],[-1352,-186],[-1277,-401]],[[13351,12619],[-551,1603],[-276,343]],[[31691,19015],[-513,-773],[-726,-3834]],[[27522,10487],[-338,229],[-938,1360],[-889,472],[-927,-315]],[[26596,9057],[-801,28],[-1452,-586]],[[23416,8770],[-2341,-114],[-563,86]],[[20750,7798],[375,-387],[-726,-372]],[[19998,7941],[-262,1488],[-651,71]],[[19085,9500],[-301,1188],[814,1244]],[[17645,5222],[37,-1459],[363,-229],[501,-1388]],[[18546,2146],[-1076,-1660],[-789,43]],[[12224,86],[-2191,744],[-350,1831]],[[9683,2661],[851,515],[63,830],[-677,801],[-162,945],[-426,100]],[[9332,5852],[-426,1502],[-976,1416]],[[7504,10516],[1678,-959]],[[9545,10030],[-589,1030],[-613,357]],[[5689,20460],[325,572],[-87,644]],[[4775,24123],[526,-143],[1440,529]],[[9082,21504],[864,-715],[425,-29]],[[3736,25654],[401,629],[-551,901]],[[3586,27184],[738,1689]],[[4362,29831],[563,1174]],[[3160,31620],[-951,644]],[[2209,32264],[-501,715]],[[894,38774],[238,272],[-175,829]],[[9269,38058],[-863,-1345]],[[9370,35554],[-1227,-1559],[-451,-272]],[[7329,32922],[1052,-14],[488,729],[1677,329]],[[11936,34109],[926,-28]],[[15091,37615],[951,-172],[614,129],[338,1116],[-100,515]],[[17532,39604],[513,0],[326,-458]],[[18671,37372],[727,-401],[50,-773]],[[19448,36198],[1427,-257]],[[19798,34238],[-1039,-2074],[-401,-501]],[[8681,50520],[563,1546]],[[14440,54713],[1026,-344]],[[16268,52767],[1014,-344],[538,57]],[[19272,46342],[226,-1502]],[[18684,42608],[-225,-1760]],[[17107,42608],[-476,-28],[-714,543],[-663,129]],[[14190,42122],[-651,1130]],[[13539,43252],[-539,-86],[-1039,-1202]],[[23103,50105],[1077,-1015],[426,-730]],[[24606,48360],[438,-701],[300,-930]],[[25607,43738],[351,-801],[-126,-329]],[[27222,51679],[388,329],[476,-515],[638,-243]],[[30352,44482],[-1177,-558]],[[18333,67346],[802,-229],[738,186]],[[22728,58890],[-101,673],[-676,-515]],[[27760,73985],[2266,14]],[[22164,74729],[-551,1531]],[[21413,77691],[1402,28]],[[22815,77719],[313,-314],[576,400],[1678,258]],[[29200,78907],[125,730],[1252,1702]],[[27172,86790],[25,1245]],[[31166,92456],[4118,-658]],[[39003,91512],[2003,-401]],[[38564,80624],[-1039,-1760]],[[35147,76317],[-163,-730]],[[13852,93815],[2466,-558]],[[18496,94860],[-138,2861],[-964,501]],[[19398,104804],[2078,-1903],[338,-859],[763,-543],[63,-616]],[[19247,83242],[351,-1359]],[[20099,80881],[-389,2547]],[[20399,115592],[2191,143]],[[42433,105691],[1026,758]],[[50307,94559],[-313,-1201],[-626,-1488]],[[46414,90081],[-1315,-1702],[-663,-29]],[[29375,134478],[1941,1531]],[[34245,135222],[889,2447]],[[45788,146353],[951,-787],[288,-529],[476,0]],[[52774,141904],[763,-501],[1027,-415]],[[58858,127939],[751,-830],[989,-1459]],[[60348,118768],[964,-200],[138,-787]],[[61011,114919],[-1352,-686]],[[56166,114891],[363,-1617],[-1352,1373]],[[35472,114161],[-225,687],[638,129],[-926,744],[-263,629]],[[32468,118325],[-1027,472],[-100,-301],[1139,-658]],[[36273,110985],[1277,286]]],"transform":{"scale":[10.34257800690566,10.402444135022238],"translate":[268000,6132999.999999999]},"objects":{"rutor":{"type":"GeometryCollection","geometries":[{"arcs":[[-113,-98,-101,-103,129,-107,-111,130,-104,-106,131,-90]],"type":"Polygon","properties":{"degurba":"Tätbefolkade områden","kn":"1280","ln":"12"}},{"arcs":[[-110,-144,-148,150,-141]],"type":"Polygon","properties":{"degurba":"Tätbefolkade områden","kn":"1231","ln":"12"}},{"arcs":[[-126,-115]],"type":"Polygon","properties":{"degurba":"Tätbefolkade områden","kn":"1281","ln":"12"}},{"arcs":[[[-300,-301,-297]],[[-299,-304,-257,-302]],[[-276,321,-278,322,-284,-305,-307,-259,-303,-298],[-280]]],"type":"MultiPolygon","properties":{"degurba":"Tätbefolkade områden","kn":"1283","ln":"12"}},{"arcs":[[[-1000,-1006,-1007,-972,-1013,-1008,-1011,-979,-981,-967,-1018,-1014,-1016,1059,1060,1061,1062,1063,-947,1064,-944,-907,-940,-1002,-1005,-896,-919,-998,-1001],[-943],[-984]],[[-1010,-968,-980]],[[-1012,-970,-1009]],[[-1017,-995,1065,-1023,-1019,-1020,-986,-1015]]],"type":"MultiPolygon","properties":{"degurba":"Tätbefolkade områden","kn":"1480","ln":"14"}},{"arcs":[[[-1027,-909,-945,-1065,-946,-1028,-1024,-899]],[[-1025,-1030,-901]],[[-941,-911,-1026,-1003]]],"type":"MultiPolygon","properties":{"degurba":"Tätbefolkade områden","kn":"1481","ln":"14"}},{"arcs":[[-891,-892,-893,-890]],"type":"Polygon","properties":{"degurba":"Tätbefolkade områden","kn":"1490","ln":"14"}},{"arcs":[[[-1063,-1121,-1122,-1118,-1116,-1102]],[[-1117,-1120,-1104]]],"type":"MultiPolygon","properties":{"degurba":"Tätbefolkade områden","kn":"1402","ln":"14"}},{"arcs":[[[-862,-1053,-1055,-873,1138,-866,-1051]],[[-1052,-1057,1139,-1054]]],"type":"MultiPolygon","properties":{"degurba":"Tätbefolkade områden","kn":"0680","ln":"06"}},{"arcs":[[-1195,-1021,-1066]],"type":"Polygon","properties":{"degurba":"Tätbefolkade områden","kn":"1440","ln":"14"}},{"arcs":[[-1303,-1483,-1306,-1484,-1485,-1482]],"type":"Polygon","properties":{"degurba":"Tätbefolkade områden","kn":"0580","ln":"05"}},{"arcs":[[-1528]],"type":"Polygon","properties":{"degurba":"Tätbefolkade områden","kn":"0581","ln":"05"}},{"arcs":[[[-1928,-1777,2045,-1929,-1931,-1936,-1932,-1934,-1781]],[[-1935,-1937,-1933]]],"type":"MultiPolygon","properties":{"degurba":"Tätbefolkade områden","kn":"0136","ln":"01"}},{"arcs":[[-1822,-1840,-1842]],"type":"Polygon","properties":{"degurba":"Tätbefolkade områden","kn":"0181","ln":"01"}},{"arcs":[[-2099,-2064,2150,2151,-2047,-2098]],"type":"Polygon","properties":{"degurba":"Tätbefolkade områden","kn":"0127","ln":"01"}},{"arcs":[[[-2048,-2152,-2157,-2154]],[[-2155,-2156,-2162,-2061,2175,2176,2177,-2050]],[[-2055,2178,2179,-2159,-2161,2180,-2153]],[[-2165,2181,-2166,-2158]],[[2182,2183,2184,-2060]]],"type":"MultiPolygon","properties":{"degurba":"Tätbefolkade områden","kn":"0126","ln":"01"}},{"arcs":[[[-1867,-2139,-1871,-1877,-1869,-2138]],[[-1870,-1876]]],"type":"MultiPolygon","properties":{"degurba":"Tätbefolkade områden","kn":"1880","ln":"18"}},{"arcs":[[[-2249,-2052,-2253,-2051,-2178,-2254,-2176,-2185,-2258,-2183,-2167,-2182,2304,-2257,-2260,2305,-2262,-2264,2306,-2266,2307,2308,2309,-2280,2310,2311,2312,2313,-2287,2314,-2288,-2291,2315,-2268,-2274,2316,2317,2318,2319,-2179,-2054],[-2255]],[[2320,-2276,2321,-2283,-2294,2322,2323,2324,-2304,2325,2326,2327,-2296,2328,2329,2330,2331]],[[2332,2333,2334,2335]],[[2336,2337,2338]],[[2339,2340,2341,2342,-2286]]],"type":"MultiPolygon","properties":{"degurba":"Tätbefolkade områden","kn":"0180","ln":"01"}},{"arcs":[[[-2406,-2412,-2404,-2355]],[[-2408,-2409,-2405]],[[-2317,-2273,2425,-2373,-2417,-2414,-2415,-2378,-2410,-2407,-2413,-2351]]],"type":"MultiPolygon","properties":{"degurba":"Tätbefolkade områden","kn":"0182","ln":"01"}},{"arcs":[[[-2427,-2431,-1977,-2430,-2433,-2435,-2432,-2428,-1968]],[[-2429,-2436,-1972,-2434]]],"type":"MultiPolygon","properties":{"degurba":"Tätbefolkade områden","kn":"0484","ln":"04"}},{"arcs":[[-2243,2473,-2239]],"type":"Polygon","properties":{"degurba":"Tätbefolkade områden","kn":"1780","ln":"17"}},{"arcs":[[-2348,-2335,2474,2475,2476,2477,2478,2479,2480,-2312]],"type":"Polygon","properties":{"degurba":"Tätbefolkade områden","kn":"0184","ln":"01"}},{"arcs":[[-2270,-2448,-2290,-2459,2485,-2450,2486,2487,2488]],"type":"Polygon","properties":{"degurba":"Tätbefolkade områden","kn":"0186","ln":"01"}},{"arcs":[[-2338,-2329,-2298,2493,-2475,-2334]],"type":"Polygon","properties":{"degurba":"Tätbefolkade områden","kn":"0183","ln":"01"}},{"arcs":[[[-2325,2552,-2323,2553,2554,-2299]],[[2555,2556,2557,2558,2559]]],"type":"MultiPolygon","properties":{"degurba":"Tätbefolkade områden","kn":"0123","ln":"01"}},{"arcs":[[[-2479,2561,-2341]],[[-2485,2562,2563,-2536,2564,-2478]],[[2565,2566,2567,-2534]]],"type":"MultiPolygon","properties":{"degurba":"Tätbefolkade områden","kn":"0162","ln":"01"}},{"arcs":[[[-2585,2600,2601,-2483]],[[-2327,-2589,2602,2603,-2590,2604,2605,2606,-2584]],[[2607,2608,2609]]],"type":"MultiPolygon","properties":{"degurba":"Tätbefolkade områden","kn":"0163","ln":"01"}},{"arcs":[[[-2717,-2567,-2576,-2718,-2719,-2722,-2720,-2721,-2724,-2653,2725,-2645,-2570,-2538]],[[-2723,-2654]]],"type":"MultiPolygon","properties":{"degurba":"Tätbefolkade områden","kn":"0160","ln":"01"}},{"arcs":[[[-2884,-2885,-2887,-2888,-2889,-2891,-2893,-2682,-2691,2898,-2689]],[[-2886,-2894,-2684,-2892,-2890]]],"type":"MultiPolygon","properties":{"degurba":"Tätbefolkade områden","kn":"1980","ln":"19"}},{"arcs":[[-2981,-2946,-2983,-2953,-2956,-2951,-2982,-2980]],"type":"Polygon","properties":{"degurba":"Tätbefolkade områden","kn":"0380","ln":"03"}},{"arcs":[[[-3734,-3748,-3732,-3750,-3735,-3736,-3749,-3752,-3745,-3747,-3727]],[[-3751,-3729,-3746]]],"type":"MultiPolygon","properties":{"degurba":"Tätbefolkade områden","kn":"2480","ln":"24"}},{"arcs":[[[-11,-2,15]],[[-14,-3,-10,16]],[[-4,-13,17]]],"type":"MultiPolygon","properties":{"degurba":"Medelbefolkade områden","kn":"1287","ln":"12"}},{"arcs":[[[-33,-36,61]],[[-38,-50,-41,62,-47]],[[-51]]],"type":"MultiPolygon","properties":{"degurba":"Medelbefolkade områden","kn":"1233","ln":"12"}},{"arcs":[[-20,63]],"type":"Polygon","properties":{"degurba":"Medelbefolkade områden","kn":"1286","ln":"12"}},{"arcs":[[-31]],"type":"Polygon","properties":{"degurba":"Medelbefolkade områden","kn":"1264","ln":"12"}},{"arcs":[[-79]],"type":"Polygon","properties":{"degurba":"Medelbefolkade områden","kn":"1263","ln":"12"}},{"arcs":[[[-88]],[[-93,-75,-95,-94,-44]],[[111,-96,-99,112,-89,-87]]],"type":"MultiPolygon","properties":{"degurba":"Medelbefolkade områden","kn":"1280","ln":"12"}},{"arcs":[[-69]],"type":"Polygon","properties":{"degurba":"Medelbefolkade områden","kn":"1270","ln":"12"}},{"arcs":[[-57,-59,-61,128]],"type":"Polygon","properties":{"degurba":"Medelbefolkade områden","kn":"1291","ln":"12"}},{"arcs":[[-85]],"type":"Polygon","properties":{"degurba":"Medelbefolkade områden","kn":"1265","ln":"12"}},{"arcs":[[[-140]],[[151,-137,-150,152]]],"type":"MultiPolygon","properties":{"degurba":"Medelbefolkade områden","kn":"1230","ln":"12"}},{"arcs":[[-151,-147,153,154,-153,-149,-135,-145,-142]],"type":"Polygon","properties":{"degurba":"Medelbefolkade områden","kn":"1231","ln":"12"}},{"arcs":[[[-124]],[[-128]]],"type":"MultiPolygon","properties":{"degurba":"Medelbefolkade områden","kn":"1281","ln":"12"}},{"arcs":[[[-162,-138,-152,-155]],[[-163,-165,166,-157]]],"type":"MultiPolygon","properties":{"degurba":"Medelbefolkade områden","kn":"1262","ln":"12"}},{"arcs":[[[-184,-182,-186,-159]],[[-181,-119]],[[-183]]],"type":"MultiPolygon","properties":{"degurba":"Medelbefolkade områden","kn":"1261","ln":"12"}},{"arcs":[[-176]],"type":"Polygon","properties":{"degurba":"Medelbefolkade områden","kn":"1285","ln":"12"}},{"arcs":[[-194]],"type":"Polygon","properties":{"degurba":"Medelbefolkade områden","kn":"1266","ln":"12"}},{"arcs":[[[245,-233,246,-226]],[[-229,-241,-236,247]],[[248,249,-239,-228]]],"type":"MultiPolygon","properties":{"degurba":"Medelbefolkade områden","kn":"1282","ln":"12"}},{"arcs":[[[-209]],[[-215,-211]],[[-213]],[[-212,-214]]],"type":"MultiPolygon","properties":{"degurba":"Medelbefolkade områden","kn":"1290","ln":"12"}},{"arcs":[[-223]],"type":"Polygon","properties":{"degurba":"Medelbefolkade områden","kn":"1267","ln":"12"}},{"arcs":[[[-253,-251,-250]],[[-252]],[[-272,296,-255]],[[-274,-277,297,298,299,-271]],[[300,301,-256]],[[302,-258,303]],[[-283,-261,304]],[[305,-262,-282]],[[-260,306]],[[-285]]],"type":"MultiPolygon","properties":{"degurba":"Medelbefolkade områden","kn":"1283","ln":"12"}},{"arcs":[[[368,-311,-309]],[[-310]]],"type":"MultiPolygon","properties":{"degurba":"Medelbefolkade områden","kn":"1083","ln":"10"}},{"arcs":[[[-361,369,-368]],[[-204,-362,-367]]],"type":"MultiPolygon","properties":{"degurba":"Medelbefolkade områden","kn":"1272","ln":"12"}},{"arcs":[[-269,-318]],"type":"Polygon","properties":{"degurba":"Medelbefolkade områden","kn":"1260","ln":"12"}},{"arcs":[[-374,401,-376,402,-371,-320]],"type":"Polygon","properties":{"degurba":"Medelbefolkade områden","kn":"1277","ln":"12"}},{"arcs":[[-328]],"type":"Polygon","properties":{"degurba":"Medelbefolkade områden","kn":"1276","ln":"12"}},{"arcs":[[-378]],"type":"Polygon","properties":{"degurba":"Medelbefolkade områden","kn":"1275","ln":"12"}},{"arcs":[[-293,412]],"type":"Polygon","properties":{"degurba":"Medelbefolkade områden","kn":"1293","ln":"12"}},{"arcs":[[[-354,-339,-337,413,-356,414],[-358]],[[-338]]],"type":"MultiPolygon","properties":{"degurba":"Medelbefolkade områden","kn":"1080","ln":"10"}},{"arcs":[[-391]],"type":"Polygon","properties":{"degurba":"Medelbefolkade områden","kn":"1082","ln":"10"}},{"arcs":[[-399]],"type":"Polygon","properties":{"degurba":"Medelbefolkade områden","kn":"1081","ln":"10"}},{"arcs":[[[-420,-423,-417]],[[436,-418,-422]]],"type":"MultiPolygon","properties":{"degurba":"Medelbefolkade områden","kn":"1284","ln":"12"}},{"arcs":[[-409]],"type":"Polygon","properties":{"degurba":"Medelbefolkade områden","kn":"1292","ln":"12"}},{"arcs":[[-427]],"type":"Polygon","properties":{"degurba":"Medelbefolkade områden","kn":"1060","ln":"10"}},{"arcs":[[-441]],"type":"Polygon","properties":{"degurba":"Medelbefolkade områden","kn":"1273","ln":"12"}},{"arcs":[[[-446,-449,-452]],[[-451,-454,-455,-447]]],"type":"MultiPolygon","properties":{"degurba":"Medelbefolkade områden","kn":"1278","ln":"12"}},{"arcs":[[-460]],"type":"Polygon","properties":{"degurba":"Medelbefolkade områden","kn":"1381","ln":"13"}},{"arcs":[[[-491,-489]],[[-490]]],"type":"MultiPolygon","properties":{"degurba":"Medelbefolkade områden","kn":"0765","ln":"07"}},{"arcs":[[-429,594,-434]],"type":"Polygon","properties":{"degurba":"Medelbefolkade områden","kn":"0840","ln":"08"}},{"arcs":[[[-526]],[[-527,-525,-535,-537,-532]]],"type":"MultiPolygon","properties":{"degurba":"Medelbefolkade områden","kn":"1380","ln":"13"}},{"arcs":[[-503,595,-505,596]],"type":"Polygon","properties":{"degurba":"Medelbefolkade områden","kn":"0880","ln":"08"}},{"arcs":[[-543]],"type":"Polygon","properties":{"degurba":"Medelbefolkade områden","kn":"0881","ln":"08"}},{"arcs":[[-571]],"type":"Polygon","properties":{"degurba":"Medelbefolkade områden","kn":"0781","ln":"07"}},{"arcs":[[-590,616,-588,-586]],"type":"Polygon","properties":{"degurba":"Medelbefolkade områden","kn":"0780","ln":"07"}},{"arcs":[[-610,-602]],"type":"Polygon","properties":{"degurba":"Medelbefolkade områden","kn":"1382","ln":"13"}},{"arcs":[[-523]],"type":"Polygon","properties":{"degurba":"Medelbefolkade områden","kn":"0764","ln":"07"}},{"arcs":[[[-694,-692]],[[-693]]],"type":"MultiPolygon","properties":{"degurba":"Medelbefolkade områden","kn":"1383","ln":"13"}},{"arcs":[[-646]],"type":"Polygon","properties":{"degurba":"Medelbefolkade områden","kn":"0683","ln":"06"}},{"arcs":[[[-717]],[[-716,-718]]],"type":"MultiPolygon","properties":{"degurba":"Medelbefolkade områden","kn":"0882","ln":"08"}},{"arcs":[[-686]],"type":"Polygon","properties":{"degurba":"Medelbefolkade områden","kn":"0662","ln":"06"}},{"arcs":[[-705,-706,-707,-704]],"type":"Polygon","properties":{"degurba":"Medelbefolkade områden","kn":"0685","ln":"06"}},{"arcs":[[[-773,794,-781,795]],[[-784]],[[796,-787,797,-775]]],"type":"MultiPolygon","properties":{"degurba":"Medelbefolkade områden","kn":"1384","ln":"13"}},{"arcs":[[-741]],"type":"Polygon","properties":{"degurba":"Medelbefolkade områden","kn":"0860","ln":"08"}},{"arcs":[[-764]],"type":"Polygon","properties":{"degurba":"Medelbefolkade områden","kn":"0665","ln":"06"}},{"arcs":[[[-755,-759,-753]],[[-754,-760]]],"type":"MultiPolygon","properties":{"degurba":"Medelbefolkade områden","kn":"1463","ln":"14"}},{"arcs":[[[-916,-923,-917,-776,-798]],[[996,-924,-928,997,-918,-922]],[[998,-933,999,-926]],[[1000,-927]],[[1001,-942,1002,1003,-897,1004]],[[-937,-939,-974,1005,-932]],[[-973,1006]],[[-952,-977,-955,-982,-983,-954]],[[1007,1008,-969,1009,1010]],[[-971,1011,1012]],[[1013,1014,-985,1015]],[[-953]],[[-966,-993,-996,1016,1017]],[[1018,-987,1019]],[[1020,1021,-988,1022]]],"type":"MultiPolygon","properties":{"degurba":"Medelbefolkade områden","kn":"1480","ln":"14"}},{"arcs":[[[-900,1023,1024],[-906]],[[-1004,1025,-910,1026,-898]],[[1027,-950,-914,1028,-902,1029]]],"type":"MultiPolygon","properties":{"degurba":"Medelbefolkade områden","kn":"1481","ln":"14"}},{"arcs":[[-793]],"type":"Polygon","properties":{"degurba":"Medelbefolkade områden","kn":"0682","ln":"06"}},{"arcs":[[-811]],"type":"Polygon","properties":{"degurba":"Medelbefolkade områden","kn":"0686","ln":"06"}},{"arcs":[[-662,-667,-669]],"type":"Polygon","properties":{"degurba":"Medelbefolkade områden","kn":"0980","ln":"09"}},{"arcs":[[[-864]],[[-863,1050,-865]],[[-861,1051,1052]],[[1053,-871,1054]],[[-860,1055,1056]],[[-858,1057,-879,-882,-874,-876,1058]]],"type":"MultiPolygon","properties":{"degurba":"Medelbefolkade områden","kn":"0680","ln":"06"}},{"arcs":[[-804]],"type":"Polygon","properties":{"degurba":"Medelbefolkade områden","kn":"0884","ln":"08"}},{"arcs":[[[-1037,-904]],[[-1046]],[[1066,-1041]]],"type":"MultiPolygon","properties":{"degurba":"Medelbefolkade områden","kn":"1401","ln":"14"}},{"arcs":[[[-1108,-1039]],[[-1107,-1042,-1067,-1040]],[[-1103,1115,1116]],[[1117,-1115,1118,-1105,1119]],[[-1062,-1111,1120]],[[-1110,-1112,1121]],[[-1060,-992,-1113,-1109]]],"type":"MultiPolygon","properties":{"degurba":"Medelbefolkade områden","kn":"1402","ln":"14"}},{"arcs":[[-889]],"type":"Polygon","properties":{"degurba":"Medelbefolkade områden","kn":"1490","ln":"14"}},{"arcs":[[1123,-1072,1124,-1074,-1069]],"type":"Polygon","properties":{"degurba":"Medelbefolkade områden","kn":"1407","ln":"14"}},{"arcs":[[-841,1125,-837]],"type":"Polygon","properties":{"degurba":"Medelbefolkade områden","kn":"0883","ln":"08"}},{"arcs":[[[-1134,-1136,-1132]],[[-1137]],[[-1138]]],"type":"MultiPolygon","properties":{"degurba":"Medelbefolkade områden","kn":"1441","ln":"14"}},{"arcs":[[-1036]],"type":"Polygon","properties":{"degurba":"Medelbefolkade områden","kn":"1491","ln":"14"}},{"arcs":[[[-965,1192,-963,1193,1194,-994]],[[1195,-1180,1196,1197]],[[1198,-1177,1199]]],"type":"MultiPolygon","properties":{"degurba":"Medelbefolkade områden","kn":"1440","ln":"14"}},{"arcs":[[-1182,-961,-1186,-959]],"type":"Polygon","properties":{"degurba":"Medelbefolkade områden","kn":"1482","ln":"14"}},{"arcs":[[-1168]],"type":"Polygon","properties":{"degurba":"Medelbefolkade områden","kn":"0643","ln":"06"}},{"arcs":[[-1192,-1163]],"type":"Polygon","properties":{"degurba":"Medelbefolkade områden","kn":"0642","ln":"06"}},{"arcs":[[-1147]],"type":"Polygon","properties":{"degurba":"Medelbefolkade områden","kn":"1489","ln":"14"}},{"arcs":[[-1227]],"type":"Polygon","properties":{"degurba":"Medelbefolkade områden","kn":"0687","ln":"06"}},{"arcs":[[-1205]],"type":"Polygon","properties":{"degurba":"Medelbefolkade områden","kn":"1442","ln":"14"}},{"arcs":[[1314,-1253]],"type":"Polygon","properties":{"degurba":"Medelbefolkade områden","kn":"1415","ln":"14"}},{"arcs":[[-1216]],"type":"Polygon","properties":{"degurba":"Medelbefolkade områden","kn":"1499","ln":"14"}},{"arcs":[[-1284]],"type":"Polygon","properties":{"degurba":"Medelbefolkade områden","kn":"1498","ln":"14"}},{"arcs":[[-1314]],"type":"Polygon","properties":{"degurba":"Medelbefolkade områden","kn":"0561","ln":"05"}},{"arcs":[[-1344,-1347,-1343,1441]],"type":"Polygon","properties":{"degurba":"Medelbefolkade områden","kn":"1488","ln":"14"}},{"arcs":[[-1355,1452]],"type":"Polygon","properties":{"degurba":"Medelbefolkade områden","kn":"1497","ln":"14"}},{"arcs":[[-1361]],"type":"Polygon","properties":{"degurba":"Medelbefolkade områden","kn":"0586","ln":"05"}},{"arcs":[[[-1383,-1385,-1391,-1389,-1386,1453]],[[-1390]]],"type":"MultiPolygon","properties":{"degurba":"Medelbefolkade områden","kn":"1484","ln":"14"}},{"arcs":[[-1419]],"type":"Polygon","properties":{"degurba":"Medelbefolkade områden","kn":"1496","ln":"14"}},{"arcs":[[[-1308,-1301]],[[-1304,1481]],[[-1307,1482,-1302]],[[1483,-1305,1484]],[[-1293,1485]]],"type":"MultiPolygon","properties":{"degurba":"Medelbefolkade områden","kn":"0580","ln":"05"}},{"arcs":[[-1379]],"type":"Polygon","properties":{"degurba":"Medelbefolkade områden","kn":"1485","ln":"14"}},{"arcs":[[-1446]],"type":"Polygon","properties":{"degurba":"Medelbefolkade områden","kn":"1487","ln":"14"}},{"arcs":[[-1452]],"type":"Polygon","properties":{"degurba":"Medelbefolkade områden","kn":"1495","ln":"14"}},{"arcs":[[[-1480,-1478]],[[-1479]]],"type":"MultiPolygon","properties":{"degurba":"Medelbefolkade områden","kn":"1472","ln":"14"}},{"arcs":[[-1472]],"type":"Polygon","properties":{"degurba":"Medelbefolkade områden","kn":"0584","ln":"05"}},{"arcs":[[-1423,-1527]],"type":"Polygon","properties":{"degurba":"Medelbefolkade områden","kn":"0582","ln":"05"}},{"arcs":[[[-1461,-1470,-1465,-1467]],[[-1460,-1468]]],"type":"MultiPolygon","properties":{"degurba":"Medelbefolkade områden","kn":"1494","ln":"14"}},{"arcs":[[-1502]],"type":"Polygon","properties":{"degurba":"Medelbefolkade områden","kn":"0583","ln":"05"}},{"arcs":[[[-1531,-1529]],[[-1534,-1532]],[[-1533]]],"type":"MultiPolygon","properties":{"degurba":"Medelbefolkade områden","kn":"0581","ln":"05"}},{"arcs":[[-1634,-1637,1648]],"type":"Polygon","properties":{"degurba":"Medelbefolkade områden","kn":"0481","ln":"04"}},{"arcs":[[-1591]],"type":"Polygon","properties":{"degurba":"Medelbefolkade områden","kn":"0562","ln":"05"}},{"arcs":[[-1575,-1578]],"type":"Polygon","properties":{"degurba":"Medelbefolkade områden","kn":"1493","ln":"14"}},{"arcs":[[-1617]],"type":"Polygon","properties":{"degurba":"Medelbefolkade områden","kn":"0480","ln":"04"}},{"arcs":[[-1736]],"type":"Polygon","properties":{"degurba":"Medelbefolkade områden","kn":"0488","ln":"04"}},{"arcs":[[-1678,-1680]],"type":"Polygon","properties":{"degurba":"Medelbefolkade områden","kn":"0192","ln":"01"}},{"arcs":[[-1665]],"type":"Polygon","properties":{"degurba":"Medelbefolkade områden","kn":"0483","ln":"04"}},{"arcs":[[-1760]],"type":"Polygon","properties":{"degurba":"Medelbefolkade områden","kn":"1486","ln":"14"}},{"arcs":[[-1756]],"type":"Polygon","properties":{"degurba":"Medelbefolkade områden","kn":"1492","ln":"14"}},{"arcs":[[-1740,-1748,-1904,-1749,-1751]],"type":"Polygon","properties":{"degurba":"Medelbefolkade områden","kn":"1861","ln":"18"}},{"arcs":[[-1849,-1810,1905,-1808]],"type":"Polygon","properties":{"degurba":"Medelbefolkade områden","kn":"0461","ln":"04"}},{"arcs":[[-1772]],"type":"Polygon","properties":{"degurba":"Medelbefolkade områden","kn":"0482","ln":"04"}},{"arcs":[[[-1906,-1809]],[[-1838,-1836]],[[-1837]]],"type":"MultiPolygon","properties":{"degurba":"Medelbefolkade områden","kn":"0181","ln":"01"}},{"arcs":[[-1905]],"type":"Polygon","properties":{"degurba":"Medelbefolkade områden","kn":"1881","ln":"18"}},{"arcs":[[[-1779]],[[-1778,1927,-1780]],[[1928,1929,-1800,1930]],[[1931,1932,-1782,1933]],[[-1799,-1804,1934,1935]],[[1936,-1803,1937,-1783]]],"type":"MultiPolygon","properties":{"degurba":"Medelbefolkade områden","kn":"0136","ln":"01"}},{"arcs":[[-1716]],"type":"Polygon","properties":{"degurba":"Medelbefolkade områden","kn":"1785","ln":"17"}},{"arcs":[[-1941]],"type":"Polygon","properties":{"degurba":"Medelbefolkade områden","kn":"0140","ln":"01"}},{"arcs":[[[-1911,2095,2096]],[[-1920,2097]],[[-1919,-2065,2098]],[[-1918,2099,-1924,-1927,2100,-2057]]],"type":"MultiPolygon","properties":{"degurba":"Medelbefolkade områden","kn":"0127","ln":"01"}},{"arcs":[[-2118,-1824,-2122,-2097,-2119,-1909,-1826]],"type":"Polygon","properties":{"degurba":"Medelbefolkade områden","kn":"0128","ln":"01"}},{"arcs":[[[-1873,-1865]],[[-1868,2137]],[[-1872,2138,-1866]]],"type":"MultiPolygon","properties":{"degurba":"Medelbefolkade områden","kn":"1880","ln":"18"}},{"arcs":[[-1886]],"type":"Polygon","properties":{"degurba":"Medelbefolkade områden","kn":"1862","ln":"18"}},{"arcs":[[[-2056,2152,-1801,-1798,-1930]],[[2153,2154,-2049]],[[-2063,2155,2156,-2151]],[[-2101,-1926,2157,-2058]],[[2158,2159,2160]],[[-2062,2161]],[[2162,2163,2164,-1925]],[[2165,2166,-2059]]],"type":"MultiPolygon","properties":{"degurba":"Medelbefolkade områden","kn":"0126","ln":"01"}},{"arcs":[[[-2181,2198,2199,2200,2201,-2133,-2136,2202,-2129,-2123,-1784,-1938,-1802]],[[-2124,-2131]]],"type":"MultiPolygon","properties":{"degurba":"Medelbefolkade områden","kn":"0138","ln":"01"}},{"arcs":[[[-2090,-2088]],[[-2089]],[[-2091]]],"type":"MultiPolygon","properties":{"degurba":"Medelbefolkade områden","kn":"0486","ln":"04"}},{"arcs":[[[-2320,-2250,-2180]],[[-2251,-2319,2343,2344]],[[2345,2346,-2305,-2164]],[[-2331,-2309]],[[-2330,-2337,-2339,-2333,-2278,-2310]],[[-2279,-2336,2347,-2311]]],"type":"MultiPolygon","properties":{"degurba":"Medelbefolkade områden","kn":"0180","ln":"01"}},{"arcs":[[[-2345,-2350,-2357,-2200,-2252]],[[-2356,2403,-2363,-1996,-2358]],[[-2354,2404,2405]],[[-2353,2406,2407]],[[2408,2409,-2377,-2385,2410,-2380,-2367,-2364,-2366,-2361,2411]],[[2412,-2352]],[[2413,-2379,2414]],[[-2372,2415,-2374,2416]]],"type":"MultiPolygon","properties":{"degurba":"Medelbefolkade områden","kn":"0182","ln":"01"}},{"arcs":[[-1897]],"type":"Polygon","properties":{"degurba":"Medelbefolkade områden","kn":"1781","ln":"17"}},{"arcs":[[[-2402,-2400,-1916,-2386,-1914]],[[-2399,-2346]]],"type":"MultiPolygon","properties":{"degurba":"Medelbefolkade områden","kn":"0125","ln":"01"}},{"arcs":[[-2146,-2149,-2147,2417,-2144]],"type":"Polygon","properties":{"degurba":"Medelbefolkade områden","kn":"1883","ln":"18"}},{"arcs":[[-2216,-2219,-2205,2418,-2212]],"type":"Polygon","properties":{"degurba":"Medelbefolkade områden","kn":"1761","ln":"17"}},{"arcs":[[[-1975,2426,-1967]],[[2427,-1969]],[[-1974,2428,2429,-1976,2430]],[[2431,-1970]],[[2432,2433,-1971,2434]],[[-1973,2435]]],"type":"MultiPolygon","properties":{"degurba":"Medelbefolkade områden","kn":"0484","ln":"04"}},{"arcs":[[[-2002]],[[-2001,-2383,-2003]]],"type":"MultiPolygon","properties":{"degurba":"Medelbefolkade områden","kn":"0120","ln":"01"}},{"arcs":[[-2175]],"type":"Polygon","properties":{"degurba":"Medelbefolkade områden","kn":"1984","ln":"19"}},{"arcs":[[[-2488,-2452,-2453,-2375,-2416,-2371]],[[-2487,-2449]],[[-2486,-2458,2489,2490,2491,-2460,-2464,2492,-2454,-2451]]],"type":"MultiPolygon","properties":{"degurba":"Medelbefolkade områden","kn":"0186","ln":"01"}},{"arcs":[[[-2474,-2242,-2240]],[[-2241]]],"type":"MultiPolygon","properties":{"degurba":"Medelbefolkade områden","kn":"1780","ln":"17"}},{"arcs":[[-2439]],"type":"Polygon","properties":{"degurba":"Medelbefolkade områden","kn":"1960","ln":"19"}},{"arcs":[[[-2562,-2565,-2535,2568,-2537,-2539,2569,2570,-2529,-2491,-2528,-2342]],[[2571,-2532,-2564,2572]],[[2573,2574,2575,-2566,-2533]]],"type":"MultiPolygon","properties":{"degurba":"Medelbefolkade områden","kn":"0162","ln":"01"}},{"arcs":[[[-2602,-2573,-2563,-2484]],[[-2607,-2605,-2595,-2574,-2572,-2601]],[[-2606]],[[-2587,-2610,-2603,-2588,-2302]],[[-2597,2610,2611,2612,2613,-2598,-2608,-2586]],[[-2609,-2600,2614,-2591,-2604]]],"type":"MultiPolygon","properties":{"degurba":"Medelbefolkade områden","kn":"0163","ln":"01"}},{"arcs":[[[-2548]],[[-2545,-2552,2637]]],"type":"MultiPolygon","properties":{"degurba":"Medelbefolkade områden","kn":"0187","ln":"01"}},{"arcs":[[[-2568,2716,-2569]],[[-2594,-2659,2717,-2575]],[[-2658,2718]],[[2719,-2656,2720]],[[-2657,2721]],[[-2655,2722,2723]],[[-2650,2724]]],"type":"MultiPolygon","properties":{"degurba":"Medelbefolkade områden","kn":"0160","ln":"01"}},{"arcs":[[-2747,-2750,-2746,-2549,-2544]],"type":"Polygon","properties":{"degurba":"Medelbefolkade områden","kn":"0117","ln":"01"}},{"arcs":[[[-2782,-2780,-2223]],[[-2781]]],"type":"MultiPolygon","properties":{"degurba":"Medelbefolkade områden","kn":"1715","ln":"17"}},{"arcs":[[-2446]],"type":"Polygon","properties":{"degurba":"Medelbefolkade områden","kn":"1884","ln":"18"}},{"arcs":[[-2643]],"type":"Polygon","properties":{"degurba":"Medelbefolkade områden","kn":"1983","ln":"19"}},{"arcs":[[[-2715]],[[-2716]]],"type":"MultiPolygon","properties":{"degurba":"Medelbefolkade områden","kn":"0139","ln":"01"}},{"arcs":[[-2791]],"type":"Polygon","properties":{"degurba":"Medelbefolkade områden","kn":"1763","ln":"17"}},{"arcs":[[-2613,-2795,-2792]],"type":"Polygon","properties":{"degurba":"Medelbefolkade områden","kn":"0114","ln":"01"}},{"arcs":[[-2725,-2847]],"type":"Polygon","properties":{"degurba":"Medelbefolkade områden","kn":"0115","ln":"01"}},{"arcs":[[[-2862]],[[-2861,-2867,-2863]],[[-2860,-2868,-2864,-2866]]],"type":"MultiPolygon","properties":{"degurba":"Medelbefolkade områden","kn":"0305","ln":"03"}},{"arcs":[[-2471]],"type":"Polygon","properties":{"degurba":"Medelbefolkade områden","kn":"1885","ln":"18"}},{"arcs":[[[-2688,2883]],[[-2687,2884]],[[-2686,2885,-2693,2886]],[[2887,-2695,2888]],[[-2694,2889,2890]],[[2891,-2683,2892]],[[-2685,2893]]],"type":"MultiPolygon","properties":{"degurba":"Medelbefolkade områden","kn":"1980","ln":"19"}},{"arcs":[[[-2774,-2772]],[[-2773]]],"type":"MultiPolygon","properties":{"degurba":"Medelbefolkade områden","kn":"1961","ln":"19"}},{"arcs":[[-2637]],"type":"Polygon","properties":{"degurba":"Medelbefolkade områden","kn":"0381","ln":"03"}},{"arcs":[[[-2702,-2880,2902]],[[-2883]]],"type":"MultiPolygon","properties":{"degurba":"Medelbefolkade områden","kn":"0191","ln":"01"}},{"arcs":[[[-2526,-2520]],[[-2525,-2521]],[[-2522,-2524,2903]]],"type":"MultiPolygon","properties":{"degurba":"Medelbefolkade områden","kn":"1784","ln":"17"}},{"arcs":[[-2928]],"type":"Polygon","properties":{"degurba":"Medelbefolkade områden","kn":"1907","ln":"19"}},{"arcs":[[-2874]],"type":"Polygon","properties":{"degurba":"Medelbefolkade områden","kn":"1782","ln":"17"}},{"arcs":[[-2935]],"type":"Polygon","properties":{"degurba":"Medelbefolkade områden","kn":"0330","ln":"03"}},{"arcs":[[[-2840]],[[-2841]]],"type":"MultiPolygon","properties":{"degurba":"Medelbefolkade områden","kn":"0188","ln":"01"}},{"arcs":[[[-2948,2979,-2932]],[[-2947,2980]],[[2981,-2952,-2955,-2944,-2933]],[[2982,-2945,-2954]],[[-2959,-2957]],[[-2958]]],"type":"MultiPolygon","properties":{"degurba":"Medelbefolkade områden","kn":"0380","ln":"03"}},{"arcs":[[-2979]],"type":"Polygon","properties":{"degurba":"Medelbefolkade områden","kn":"1981","ln":"19"}},{"arcs":[[-3011]],"type":"Polygon","properties":{"degurba":"Medelbefolkade områden","kn":"1982","ln":"19"}},{"arcs":[[-3021,3058,-3024]],"type":"Polygon","properties":{"degurba":"Medelbefolkade områden","kn":"2085","ln":"20"}},{"arcs":[[-3053,-3014]],"type":"Polygon","properties":{"degurba":"Medelbefolkade områden","kn":"2084","ln":"20"}},{"arcs":[[-3059,-3020,-2996,-3025]],"type":"Polygon","properties":{"degurba":"Medelbefolkade områden","kn":"2061","ln":"20"}},{"arcs":[[-3075]],"type":"Polygon","properties":{"degurba":"Medelbefolkade områden","kn":"2083","ln":"20"}},{"arcs":[[-3069]],"type":"Polygon","properties":{"degurba":"Medelbefolkade områden","kn":"0360","ln":"03"}},{"arcs":[[[-3131,-3127]],[[-3130,-3128]],[[-3129]]],"type":"MultiPolygon","properties":{"degurba":"Medelbefolkade områden","kn":"2081","ln":"20"}},{"arcs":[[-3164]],"type":"Polygon","properties":{"degurba":"Medelbefolkade områden","kn":"2104","ln":"21"}},{"arcs":[[[-3177,-3179,-3175]],[[-3176,-3178]]],"type":"MultiPolygon","properties":{"degurba":"Medelbefolkade områden","kn":"2080","ln":"20"}},{"arcs":[[-3111,3196]],"type":"Polygon","properties":{"degurba":"Medelbefolkade områden","kn":"2181","ln":"21"}},{"arcs":[[[-3155,-3152]],[[-3154,-3156,-3153]]],"type":"MultiPolygon","properties":{"degurba":"Medelbefolkade områden","kn":"2180","ln":"21"}},{"arcs":[[[-3203,-3207]],[[-3205]],[[-3204,-3206]],[[-3202,-3208]]],"type":"MultiPolygon","properties":{"degurba":"Medelbefolkade områden","kn":"2062","ln":"20"}},{"arcs":[[[-3280,-3278]],[[-3279]]],"type":"MultiPolygon","properties":{"degurba":"Medelbefolkade områden","kn":"2182","ln":"21"}},{"arcs":[[-3255]],"type":"Polygon","properties":{"degurba":"Medelbefolkade områden","kn":"2183","ln":"21"}},{"arcs":[[-3290]],"type":"Polygon","properties":{"degurba":"Medelbefolkade områden","kn":"2184","ln":"21"}},{"arcs":[[-3304]],"type":"Polygon","properties":{"degurba":"Medelbefolkade områden","kn":"2161","ln":"21"}},{"arcs":[[[-3357,-3355,-3353]],[[-3356]],[[-3354]],[[-3349,-3347,3373,-3360,-3362],[-3363]],[[-3348]]],"type":"MultiPolygon","properties":{"degurba":"Medelbefolkade områden","kn":"2281","ln":"22"}},{"arcs":[[[-3410,-3414,-3341]],[[-3409,-3415]],[[-3408,-3416]]],"type":"MultiPolygon","properties":{"degurba":"Medelbefolkade områden","kn":"2262","ln":"22"}},{"arcs":[[-3431]],"type":"Polygon","properties":{"degurba":"Medelbefolkade områden","kn":"2280","ln":"22"}},{"arcs":[[-3460,-3456]],"type":"Polygon","properties":{"degurba":"Medelbefolkade områden","kn":"2282","ln":"22"}},{"arcs":[[[-3510,3602,-3517,3603,-3507,-3505]],[[-3506]]],"type":"MultiPolygon","properties":{"degurba":"Medelbefolkade områden","kn":"2380","ln":"23"}},{"arcs":[[-3482]],"type":"Polygon","properties":{"degurba":"Medelbefolkade områden","kn":"2283","ln":"22"}},{"arcs":[[[-3598,-3591]],[[-3593]],[[-3597,-3602,-3594,-3592]],[[-3596,-3600]],[[-3601,-3595]]],"type":"MultiPolygon","properties":{"degurba":"Medelbefolkade områden","kn":"2284","ln":"22"}},{"arcs":[[[-3726,3743,-3724]],[[3744,3745,-3728,3746]],[[-3733,3747]],[[-3731,3748,3749]],[[-3730,3750,3751]]],"type":"MultiPolygon","properties":{"degurba":"Medelbefolkade områden","kn":"2480","ln":"24"}},{"arcs":[[[-3788,-3786]],[[-3787]]],"type":"MultiPolygon","properties":{"degurba":"Medelbefolkade områden","kn":"2481","ln":"24"}},{"arcs":[[[-3854,-3850]],[[-3853,-3851]],[[-3852]],[[-3855]]],"type":"MultiPolygon","properties":{"degurba":"Medelbefolkade områden","kn":"2482","ln":"24"}},{"arcs":[[[-3969,-3967]],[[-3968]]],"type":"MultiPolygon","properties":{"degurba":"Medelbefolkade områden","kn":"2581","ln":"25"}},{"arcs":[[[-4041,4166,-4045,-4039,-4053,-4055,-4051,-4052,-4054,-4038,4167,-4036]],[[-4048]],[[-4049,-4047]]],"type":"MultiPolygon","properties":{"degurba":"Medelbefolkade områden","kn":"2580","ln":"25"}},{"arcs":[[[-4178,-4173]],[[-4175,-4181]],[[-4177,-4179,-4174]],[[-4180,-4176]]],"type":"MultiPolygon","properties":{"degurba":"Medelbefolkade områden","kn":"2582","ln":"25"}},{"arcs":[[-4220]],"type":"Polygon","properties":{"degurba":"Medelbefolkade områden","kn":"2514","ln":"25"}},{"arcs":[[[-4199,-4197,4295]],[[-4198]]],"type":"MultiPolygon","properties":{"degurba":"Medelbefolkade områden","kn":"2583","ln":"25"}},{"arcs":[[-4334]],"type":"Polygon","properties":{"degurba":"Medelbefolkade områden","kn":"2523","ln":"25"}},{"arcs":[[-4378]],"type":"Polygon","properties":{"degurba":"Medelbefolkade områden","kn":"2584","ln":"25"}},{"arcs":[[[0,1,2,3,4,5,6,7,8]],[[9,10,11]],[[12,13,14]]],"type":"MultiPolygon","properties":{"degurba":"Glesbefolkade områden","kn":"1287","ln":"12"}},{"arcs":[[18,19,20,21,22,23,24,25]],"type":"Polygon","properties":{"degurba":"Glesbefolkade områden","kn":"1286","ln":"12"}},{"arcs":[[-8,26,27,28,-22,29],[30]],"type":"Polygon","properties":{"degurba":"Glesbefolkade områden","kn":"1264","ln":"12"}},{"arcs":[[[31,32,33]],[[34,35,36,37,38]],[[-6,39,40,41,42,43,44,45],[50]],[[46,47]],[[48,49]]],"type":"MultiPolygon","properties":{"degurba":"Glesbefolkade områden","kn":"1233","ln":"12"}},{"arcs":[[[-25,51,52,53,54,55,56,57]],[[58,59,60]]],"type":"MultiPolygon","properties":{"degurba":"Glesbefolkade områden","kn":"1291","ln":"12"}},{"arcs":[[[-24,64,65,66,67,-52],[68]],[[69,70]],[[71,-54]]],"type":"MultiPolygon","properties":{"degurba":"Glesbefolkade områden","kn":"1270","ln":"12"}},{"arcs":[[-7,-46,72,73,74,75,76,77,-27],[78]],"type":"Polygon","properties":{"degurba":"Glesbefolkade områden","kn":"1263","ln":"12"}},{"arcs":[[-23,-29,79,80,81,82,83,-66,-70,-71,-65],[84]],"type":"Polygon","properties":{"degurba":"Glesbefolkade områden","kn":"1265","ln":"12"}},{"arcs":[[[85,86,87,88,89,90,91,-76,92,-43]],[[93,-73,-45]],[[94,-74]],[[95,96,97,98]],[[99,100]],[[101,102]],[[103,104,105]],[[106,107,108,109,110]]],"type":"MultiPolygon","properties":{"degurba":"Glesbefolkade områden","kn":"1280","ln":"12"}},{"arcs":[[[-78,113,114,115,116,117,118,119,120,121,122,-80,-28],[123],[127]],[[124,125,126]]],"type":"MultiPolygon","properties":{"degurba":"Glesbefolkade områden","kn":"1281","ln":"12"}},{"arcs":[[-92,132,133,134,135,136,137,138,-116,-125,-127,-114,-77],[139]],"type":"Polygon","properties":{"degurba":"Glesbefolkade områden","kn":"1230","ln":"12"}},{"arcs":[[[-105,-131,140,141,-133,-91,-132]],[[-109,142,143]],[[144,-134]],[[145,146,147]],[[148,149,-136]]],"type":"MultiPolygon","properties":{"degurba":"Glesbefolkade områden","kn":"1231","ln":"12"}},{"arcs":[[[155,156,157,158,159,160,-117,-139,161,-154,-146,-143]],[[162,163]],[[164,165]]],"type":"MultiPolygon","properties":{"degurba":"Glesbefolkade områden","kn":"1262","ln":"12"}},{"arcs":[[-121,167,168,169,170,171,172,173,-83,174],[175]],"type":"Polygon","properties":{"degurba":"Glesbefolkade områden","kn":"1285","ln":"12"}},{"arcs":[[[176]],[[177,178,179,-168,-120,180,-118,-161,181,182,183,-158,-167,184]],[[185,-160]]],"type":"MultiPolygon","properties":{"degurba":"Glesbefolkade områden","kn":"1261","ln":"12"}},{"arcs":[[-84,-174,186,187,188,189,190,191,192,-67],[193]],"type":"Polygon","properties":{"degurba":"Glesbefolkade områden","kn":"1266","ln":"12"}},{"arcs":[[-68,-193,194,195,196,197,198,199,200,201,202,203,204,205,206,207,-55,-72,-53],[208],[209],[210,211,212,213,214],[215]],"type":"Polygon","properties":{"degurba":"Glesbefolkade områden","kn":"1290","ln":"12"}},{"arcs":[[[-173,216,-171,217,218,219,-191,220,-189,221,-187],[222]],[[223]]],"type":"MultiPolygon","properties":{"degurba":"Glesbefolkade områden","kn":"1267","ln":"12"}},{"arcs":[[[224,225,226,227,228,229,230,231,-179]],[[232,233]],[[234]],[[235,236,237]],[[238,239,240]]],"type":"MultiPolygon","properties":{"degurba":"Glesbefolkade områden","kn":"1282","ln":"12"}},{"arcs":[[-180,-232,241,242,243,244,-169]],"type":"Polygon","properties":{"degurba":"Glesbefolkade områden","kn":"1214","ln":"12"}},{"arcs":[[[-231,-237,-240,250,251,252,253,254,255,256,257,258,259,260,261,262,263,264,265,266,267,268,269,-242],[284]],[[-248,-238,-230]],[[270,271,272]],[[273,274,275,276]],[[277,278]],[[279]],[[280,281,282,283]]],"type":"MultiPolygon","properties":{"degurba":"Glesbefolkade områden","kn":"1283","ln":"12"}},{"arcs":[[-192,-220,-224,-219,285,286,287,288,289,290,-195],[291,292,293,294,295]],"type":"Polygon","properties":{"degurba":"Glesbefolkade områden","kn":"1293","ln":"12"}},{"arcs":[[[307,308,309,310,311,312,313,314,315]],[[316]]],"type":"MultiPolygon","properties":{"degurba":"Glesbefolkade områden","kn":"1083","ln":"10"}},{"arcs":[[-270,317,-268,318,319,320,-243]],"type":"Polygon","properties":{"degurba":"Glesbefolkade områden","kn":"1260","ln":"12"}},{"arcs":[[-245,323,324,325,326,-286,-218,-170],[327]],"type":"Polygon","properties":{"degurba":"Glesbefolkade områden","kn":"1276","ln":"12"}},{"arcs":[[[328]],[[329]],[[330]],[[331]],[[332]],[[333,334,335,336,337,338,339,340,341,342,343,344,345,346],[351],[352]],[[347,348,349]],[[350]],[[353,354]],[[355,356]],[[357]]],"type":"MultiPolygon","properties":{"degurba":"Glesbefolkade områden","kn":"1080","ln":"10"}},{"arcs":[[[-207,358,359,360,361,-203,362,-201,363,-313,364]],[[365,366,367]]],"type":"MultiPolygon","properties":{"degurba":"Glesbefolkade områden","kn":"1272","ln":"12"}},{"arcs":[[[-321,370,371,-324,-244]],[[-267,372,373,-319]],[[374,375]]],"type":"MultiPolygon","properties":{"degurba":"Glesbefolkade områden","kn":"1277","ln":"12"}},{"arcs":[[-327,376,-287],[377]],"type":"Polygon","properties":{"degurba":"Glesbefolkade områden","kn":"1275","ln":"12"}},{"arcs":[[[378,379,380]],[[381,-315,382,383,384,385,386,387,388,389],[390]]],"type":"MultiPolygon","properties":{"degurba":"Glesbefolkade områden","kn":"1082","ln":"10"}},{"arcs":[[391,-387,392,-385,393,394,-341,395,-349,396],[397],[398]],"type":"Polygon","properties":{"degurba":"Glesbefolkade områden","kn":"1081","ln":"10"}},{"arcs":[[-196,-291,399,-198,400]],"type":"Polygon","properties":{"degurba":"Glesbefolkade områden","kn":"1256","ln":"12"}},{"arcs":[[[-266,403,404,405,406,407,-325,-372,-403,-375,-402,-373],[408],[409]],[[410,411]]],"type":"MultiPolygon","properties":{"degurba":"Glesbefolkade områden","kn":"1292","ln":"12"}},{"arcs":[[[415,416,417,418,-264]],[[419,420,421,422]]],"type":"MultiPolygon","properties":{"degurba":"Glesbefolkade områden","kn":"1284","ln":"12"}},{"arcs":[[-364,-200,423,424,425,-383,-314],[426]],"type":"Polygon","properties":{"degurba":"Glesbefolkade områden","kn":"1060","ln":"10"}},{"arcs":[[[427,428,429,430,431]],[[432,433]]],"type":"MultiPolygon","properties":{"degurba":"Glesbefolkade områden","kn":"0840","ln":"08"}},{"arcs":[[-326,-408,434,435,-288,-377]],"type":"Polygon","properties":{"degurba":"Glesbefolkade områden","kn":"1257","ln":"12"}},{"arcs":[[-400,-290,437,438,439,-424,-199],[440]],"type":"Polygon","properties":{"degurba":"Glesbefolkade områden","kn":"1273","ln":"12"}},{"arcs":[[-343,441,442,443]],"type":"Polygon","properties":{"degurba":"Glesbefolkade områden","kn":"0834","ln":"08"}},{"arcs":[[[444,445,446,447,-406,-411,-412,-405]],[[448,449,450,451]],[[452,453]]],"type":"MultiPolygon","properties":{"degurba":"Glesbefolkade områden","kn":"1278","ln":"12"}},{"arcs":[[-407,-448,454,455,456,457,458,-435],[459]],"type":"Polygon","properties":{"degurba":"Glesbefolkade områden","kn":"1381","ln":"13"}},{"arcs":[[[-384,-426,460,461,462,463,464,465,466,467,468,469,470,-394],[471],[472]],[[473,474,475,476,477]]],"type":"MultiPolygon","properties":{"degurba":"Glesbefolkade områden","kn":"0763","ln":"07"}},{"arcs":[[-436,-459,478,479,-438,-289]],"type":"Polygon","properties":{"degurba":"Glesbefolkade områden","kn":"0767","ln":"07"}},{"arcs":[[-480,480,481,482,483,484,485,486,487,-461,-425,-440,488,489,490,-439],[491],[492],[493]],"type":"Polygon","properties":{"degurba":"Glesbefolkade områden","kn":"0765","ln":"07"}},{"arcs":[[-342,-395,-471,494,495,496,497,498,-442]],"type":"Polygon","properties":{"degurba":"Glesbefolkade områden","kn":"0862","ln":"08"}},{"arcs":[[[-443,-499,499,500,501,502,503]],[[504,505]]],"type":"MultiPolygon","properties":{"degurba":"Glesbefolkade områden","kn":"0880","ln":"08"}},{"arcs":[[-488,506,-486,507,508,509,510,511,512,513,514,515,516,517,-466,-476,518,-474,-478,519,-464,520,-462],[521],[522]],"type":"Polygon","properties":{"degurba":"Glesbefolkade områden","kn":"0764","ln":"07"}},{"arcs":[[[-457,523,524,525,526,527,528,529,530]],[[531,532]],[[533,534,535]],[[536,537]]],"type":"MultiPolygon","properties":{"degurba":"Glesbefolkade områden","kn":"1380","ln":"13"}},{"arcs":[[-498,538,539,540,541,-500],[542]],"type":"Polygon","properties":{"degurba":"Glesbefolkade områden","kn":"0881","ln":"08"}},{"arcs":[[-470,543,544,545,546,-539,-497,547,-495],[548]],"type":"Polygon","properties":{"degurba":"Glesbefolkade områden","kn":"0761","ln":"07"}},{"arcs":[[[-479,-458,-531,549,550,551,552,553,554,555,556,557,558,559,560,561,562,563,564,565,-510,566,-508,-485,567,-483,568,-481],[569],[570],[573],[574]],[[571,572]]],"type":"MultiPolygon","properties":{"degurba":"Glesbefolkade områden","kn":"0781","ln":"07"}},{"arcs":[[-469,575,-467,-518,576,-516,577,578,579,580,581,582,583,-546,584,-544],[585,586,587,588,589],[590],[591],[592],[593]],"type":"Polygon","properties":{"degurba":"Glesbefolkade områden","kn":"0780","ln":"07"}},{"arcs":[[-431,597,598,599]],"type":"Polygon","properties":{"degurba":"Glesbefolkade områden","kn":"0885","ln":"08"}},{"arcs":[[[600,601,602,603,604,605,606,607,-529]],[[608,609,610]]],"type":"MultiPolygon","properties":{"degurba":"Glesbefolkade områden","kn":"1382","ln":"13"}},{"arcs":[[-530,-608,611,612,613,614,-551,-572,-573,-550],[615]],"type":"Polygon","properties":{"degurba":"Glesbefolkade områden","kn":"1315","ln":"13"}},{"arcs":[[-584,617,-582,618,619,620,-540,-547]],"type":"Polygon","properties":{"degurba":"Glesbefolkade områden","kn":"0760","ln":"07"}},{"arcs":[[[-566,621,-564,622,-562,623,-558,624,-556,625,626,627,628,629,630,631,632,633,-513,634,-511],[637,638,639],[640],[641],[642],[643],[644],[645],[646],[647,648,649],[650]],[[-559,635,-561,636]]],"type":"MultiPolygon","properties":{"degurba":"Glesbefolkade områden","kn":"0683","ln":"06"}},{"arcs":[[[-501,-542,651,652,653,654,655],[656],[657]],[[658,659]]],"type":"MultiPolygon","properties":{"degurba":"Glesbefolkade områden","kn":"0861","ln":"08"}},{"arcs":[[[660,661,662,663,664],[669],[670],[671],[672]],[[665,666]],[[667,668]],[[673]]],"type":"MultiPolygon","properties":{"degurba":"Glesbefolkade områden","kn":"0980","ln":"09"}},{"arcs":[[-541,-621,674,675,-652]],"type":"Polygon","properties":{"degurba":"Glesbefolkade områden","kn":"0821","ln":"08"}},{"arcs":[[[-612,-607,676,677,678,679,680,681,682,-628,683,-553,684],[685]],[[-645]]],"type":"MultiPolygon","properties":{"degurba":"Glesbefolkade områden","kn":"0662","ln":"06"}},{"arcs":[[[686,687,688,689,690,-604],[691,692,693],[694]],[[695]]],"type":"MultiPolygon","properties":{"degurba":"Glesbefolkade områden","kn":"1383","ln":"13"}},{"arcs":[[[-579,696,697,698,699,700,701,-619,-581,702],[703,704]],[[705,706]]],"type":"MultiPolygon","properties":{"degurba":"Glesbefolkade områden","kn":"0685","ln":"06"}},{"arcs":[[[-653,-676,707,708,709,710,711,712,713,714,715,716,717,718]],[[719]],[[720]],[[721]],[[722]],[[723]],[[724,725]],[[726]],[[727,728]]],"type":"MultiPolygon","properties":{"degurba":"Glesbefolkade områden","kn":"0882","ln":"08"}},{"arcs":[[[-634,-514]],[[-515,-633,-631,729,730,731,732,-697,-578]],[[-632]]],"type":"MultiPolygon","properties":{"degurba":"Glesbefolkade områden","kn":"0684","ln":"06"}},{"arcs":[[-606,733,734,735,736,-679,737,-677]],"type":"Polygon","properties":{"degurba":"Glesbefolkade områden","kn":"1465","ln":"14"}},{"arcs":[[-620,-702,738,739,-708,-675],[740]],"type":"Polygon","properties":{"degurba":"Glesbefolkade områden","kn":"0860","ln":"08"}},{"arcs":[[-629,-683,741],[742]],"type":"Polygon","properties":{"degurba":"Glesbefolkade områden","kn":"0617","ln":"06"}},{"arcs":[[[-691,743,744,745,746,747,748,749,-734,-605],[750],[751],[752,753,754],[755,756,757]],[[758,759]],[[760,-735]]],"type":"MultiPolygon","properties":{"degurba":"Glesbefolkade områden","kn":"1463","ln":"14"}},{"arcs":[[-742,-682,761,762,-730,-630],[763],[764]],"type":"Polygon","properties":{"degurba":"Glesbefolkade områden","kn":"0665","ln":"06"}},{"arcs":[[-737,765,766,767,768,-680]],"type":"Polygon","properties":{"degurba":"Glesbefolkade områden","kn":"1452","ln":"14"}},{"arcs":[[[-688,769,770,771,772,773,774,775,776,777,-746,778,-744,-690,779],[782],[783]],[[780,781]],[[784,785,786]]],"type":"MultiPolygon","properties":{"degurba":"Glesbefolkade områden","kn":"1384","ln":"13"}},{"arcs":[[-733,787,-731,-763,788,789,790,-700,791,-698],[792],[793]],"type":"Polygon","properties":{"degurba":"Glesbefolkade områden","kn":"0682","ln":"06"}},{"arcs":[[[-740,798,799,800,801,802,-709],[803]],[[804]]],"type":"MultiPolygon","properties":{"degurba":"Glesbefolkade områden","kn":"0884","ln":"08"}},{"arcs":[[-701,-791,805,806,-799,-739],[807],[808],[809],[810]],"type":"Polygon","properties":{"degurba":"Glesbefolkade områden","kn":"0686","ln":"06"}},{"arcs":[[[-803,-805,-802,811,812,813,814,815,816,817,818,819,820,821,822,823,824,825,826,827,828,829,-728,830,-725,831,-713,832,833,-710],[836,837,838,839,840],[841],[842,843,844],[845],[847,848,849,850,851],[853]],[[834]],[[835]],[[846]],[[852]]],"type":"MultiPolygon","properties":{"degurba":"Glesbefolkade områden","kn":"0883","ln":"08"}},{"arcs":[[[-762,-681,-769,854,855,856,857,858,859,860,861,862,863,864,865,866,867,868,869,-789],[876]],[[870,871,872]],[[873,874,875]],[[877,878]],[[879,880,881]],[[882]]],"type":"MultiPolygon","properties":{"degurba":"Glesbefolkade områden","kn":"0680","ln":"06"}},{"arcs":[[[-750,883,884,885,886,887,-766,-736,-761],[888],[889,890],[893]],[[891,892]]],"type":"MultiPolygon","properties":{"degurba":"Glesbefolkade områden","kn":"1490","ln":"14"}},{"arcs":[[[-778,894,895,896,897,898,899,900,901,902,903,904,-747]],[[905]],[[906,907,908,909,910]],[[911,912,913]]],"type":"MultiPolygon","properties":{"degurba":"Glesbefolkade områden","kn":"1481","ln":"14"}},{"arcs":[[[914,915,-786]],[[916,917,918,-895,-777]],[[919]],[[920,921,922]],[[923,924,925,926,927]],[[928]],[[929]],[[930,931,932,933]],[[934]],[[935]],[[936,937,938]],[[939,940,941]],[[942]],[[943,944,-908]],[[945,946,947,948,-912,949]],[[950,951,952,953,954,955,956,957,958,959,960,961,962,963,964,965,966,967,968,969,970,971,972,973,974]],[[975,976,977]],[[978,979,980]],[[981,982]],[[983]],[[984,985,986,987,988,989,990,991]],[[992,993,994,995]]],"type":"MultiPolygon","properties":{"degurba":"Glesbefolkade områden","kn":"1480","ln":"14"}},{"arcs":[[-768,1030,-887,1031,1032,1033,-855],[1034],[1035]],"type":"Polygon","properties":{"degurba":"Glesbefolkade områden","kn":"1491","ln":"14"}},{"arcs":[[-905,1036,-903,-1029,-913,-949,1037,1038,1039,1040,1041,1042,1043,1044,-748],[1045]],"type":"Polygon","properties":{"degurba":"Glesbefolkade områden","kn":"1401","ln":"14"}},{"arcs":[[-1045,1046,1047,1048,-884,-749],[1049]],"type":"Polygon","properties":{"degurba":"Glesbefolkade områden","kn":"1443","ln":"14"}},{"arcs":[[[1067,1068,1069]],[[1070,1071,1072]],[[1073,1074,-956,-976,1075]],[[1076]],[[1077]],[[1078]],[[1079]]],"type":"MultiPolygon","properties":{"degurba":"Glesbefolkade områden","kn":"1407","ln":"14"}},{"arcs":[[-807,1080,1081,1082,1083,1084,1085,1086,1087,1088,1089,1090,1091,1092,-800],[1093],[1094],[1095],[1096,1097,1098],[1099],[1100]],"type":"Polygon","properties":{"degurba":"Glesbefolkade områden","kn":"0512","ln":"05"}},{"arcs":[[[-948,-1064,1101,1102,1103,1104,1105,-1043,1106,1107,-1038]],[[-1061,1108,1109,1110]],[[1111,1112,-991,1113,1114]]],"type":"MultiPolygon","properties":{"degurba":"Glesbefolkade områden","kn":"1402","ln":"14"}},{"arcs":[[-806,-790,-870,1122,-1081]],"type":"Polygon","properties":{"degurba":"Glesbefolkade områden","kn":"0604","ln":"06"}},{"arcs":[[[-1044,-1106,-1119,-1114,-990,1126,1127,1128,1129,1130,-1047],[1131,1132,1133],[1136],[1137]],[[1134,1135]]],"type":"MultiPolygon","properties":{"degurba":"Glesbefolkade områden","kn":"1441","ln":"14"}},{"arcs":[[[-1048,-1131,1140,-1128,1141,1142,1143,1144],[1146],[1147]],[[1145,-1130]]],"type":"MultiPolygon","properties":{"degurba":"Glesbefolkade områden","kn":"1489","ln":"14"}},{"arcs":[[-1093,1148,1149,1150,1151,1152,1153,1154,-812,-801],[1155],[1156,1157,1158],[1159],[1160]],"type":"Polygon","properties":{"degurba":"Glesbefolkade områden","kn":"0513","ln":"05"}},{"arcs":[[-857,1161,1162,1163,1164,1165,1166,1167,1168,-880,-878,-1058]],"type":"Polygon","properties":{"degurba":"Glesbefolkade områden","kn":"0643","ln":"06"}},{"arcs":[[[1169,1170,1171,1172,1173,1174,1175,1176,1177,1178,1179,1180,-962,1181,-958,1182]],[[1183,1184]],[[-960,1185]],[[1186,1187]],[[1188]]],"type":"MultiPolygon","properties":{"degurba":"Glesbefolkade områden","kn":"1482","ln":"14"}},{"arcs":[[-856,-1034,1189,1190,-1164,1191,-1162]],"type":"Polygon","properties":{"degurba":"Glesbefolkade områden","kn":"0642","ln":"06"}},{"arcs":[[[-1194,-1181,-1196,-1198,-1178,-1199,-1200,-1176,1200,1201,-1142,-1127,-989,-1022]],[[-964,-1193]],[[-1179,-1197]]],"type":"MultiPolygon","properties":{"degurba":"Glesbefolkade områden","kn":"1440","ln":"14"}},{"arcs":[[-1145,1202,1203,-885,-1049],[1204]],"type":"Polygon","properties":{"degurba":"Glesbefolkade områden","kn":"1442","ln":"14"}},{"arcs":[[-886,-1204,1205,1206,1207,-1032],[1208]],"type":"Polygon","properties":{"degurba":"Glesbefolkade områden","kn":"1466","ln":"14"}},{"arcs":[[[-1033,-1208,1209,1210,1211,1212,1213,1214,-1190],[1215]],[[1216,1217,1218]]],"type":"MultiPolygon","properties":{"degurba":"Glesbefolkade områden","kn":"1499","ln":"14"}},{"arcs":[[-1123,-869,1219,1220,1221,1222,1223,1224,1225,-1082],[1226]],"type":"Polygon","properties":{"degurba":"Glesbefolkade områden","kn":"0687","ln":"06"}},{"arcs":[[-1092,1227,1228,1229,1230,-1087,1231,-1085,1232,-1083,-1226,1233,1234,-1223,1235,1236,1237,-1151,1238,1239,1240,-1149]],"type":"Polygon","properties":{"degurba":"Glesbefolkade områden","kn":"0560","ln":"05"}},{"arcs":[[[1241,1242,1243,1244,1245,1246,1247,1248,1249]],[[1250]]],"type":"MultiPolygon","properties":{"degurba":"Glesbefolkade områden","kn":"1419","ln":"14"}},{"arcs":[[-1174,1251,1252,1253,1254,-1248,1255,1256,1257,1258,1259]],"type":"Polygon","properties":{"degurba":"Glesbefolkade områden","kn":"1415","ln":"14"}},{"arcs":[[[-814,1260,1261,1262,1263,1264,1265,-816,1266],[1267]],[[1268]],[[1269]],[[1270,1271,1272,1273]],[[1274]],[[1275]],[[1276]],[[1277,1278,1279]],[[1280]]],"type":"MultiPolygon","properties":{"degurba":"Glesbefolkade områden","kn":"0563","ln":"05"}},{"arcs":[[-1191,-1215,1281,1282,-1165],[1283]],"type":"Polygon","properties":{"degurba":"Glesbefolkade områden","kn":"1498","ln":"14"}},{"arcs":[[-1201,-1175,-1260,1284,1285,1286]],"type":"Polygon","properties":{"degurba":"Glesbefolkade områden","kn":"1462","ln":"14"}},{"arcs":[[-1238,1287,1288,1289,1290,1291,1292,1293,1294,1295,1296,1297,1298,-1154,1299,-1152],[1300,1301,1302,1303,1304,1305,1306,1307]],"type":"Polygon","properties":{"degurba":"Glesbefolkade områden","kn":"0580","ln":"05"}},{"arcs":[[-813,-1155,-1299,1308,-1264,1309,1310,1311,1312,-1261],[1313]],"type":"Polygon","properties":{"degurba":"Glesbefolkade områden","kn":"0561","ln":"05"}},{"arcs":[[[-1220,-868,1315,1316,1317,1318,-1236,-1222]],[[-1221]]],"type":"MultiPolygon","properties":{"degurba":"Glesbefolkade områden","kn":"0509","ln":"05"}},{"arcs":[[[1319,1320,1321,1322,1323,1324,1325,1326,1327,1328,1329,1330,1331,1332,1333,-1258,1334,-1256,-1247,1335,-1245,1336,-1243]],[[1337]]],"type":"MultiPolygon","properties":{"degurba":"Glesbefolkade områden","kn":"1421","ln":"14"}},{"arcs":[[-1144,1338,1339,1340,-1206,-1203]],"type":"Polygon","properties":{"degurba":"Glesbefolkade områden","kn":"1445","ln":"14"}},{"arcs":[[[-1202,-1287,1341,1342,1343,1344,1345,-1339,-1143]],[[1346]]],"type":"MultiPolygon","properties":{"degurba":"Glesbefolkade områden","kn":"1488","ln":"14"}},{"arcs":[[-1341,1347,1348,1349,-1210,-1207]],"type":"Polygon","properties":{"degurba":"Glesbefolkade områden","kn":"1470","ln":"14"}},{"arcs":[[-1166,-1283,1350,1351,1352,1353,1354,1355],[1356]],"type":"Polygon","properties":{"degurba":"Glesbefolkade områden","kn":"1497","ln":"14"}},{"arcs":[[-1237,-1319,1357,1358,1359,-1288],[1360]],"type":"Polygon","properties":{"degurba":"Glesbefolkade områden","kn":"0586","ln":"05"}},{"arcs":[[[-1259,-1334,1361,-1332,1362,-1326,1363,-1324,1364,-1322,1365,1366,1367,1368,1369,1370,1371,1372,1373,1374,-1285],[1377],[1378]],[[-1330,1375]],[[-1328,1376]]],"type":"MultiPolygon","properties":{"degurba":"Glesbefolkade områden","kn":"1485","ln":"14"}},{"arcs":[[[1379,1380,-1366,-1321,1381]],[[1382,1383,1384]],[[1385,1386,1387]],[[1388,1389,1390,1391,1392,1393,1394,1395,1396,-1370,1397,-1368,1398],[1403]],[[1399,1400]],[[1401,1402]]],"type":"MultiPolygon","properties":{"degurba":"Glesbefolkade områden","kn":"1484","ln":"14"}},{"arcs":[[-1340,-1346,1404,1405,1406,1407,1408,1409,1410,-1348]],"type":"Polygon","properties":{"degurba":"Glesbefolkade områden","kn":"1444","ln":"14"}},{"arcs":[[[-1214,1411,-1218,1412,1413,1414,1415,1416,1417,-1351,-1282],[1418]],[[1419,-1212]],[[1420]]],"type":"MultiPolygon","properties":{"degurba":"Glesbefolkade områden","kn":"1496","ln":"14"}},{"arcs":[[[-1265,-1309,-1298,1421,1422,1423,1424,1425,1426,-1272,1427,-1278,1428],[1429],[1430]],[[1431]],[[1432]],[[1433]],[[1434,1435]],[[1436]],[[1437,1438]],[[1439,1440]]],"type":"MultiPolygon","properties":{"degurba":"Glesbefolkade områden","kn":"0582","ln":"05"}},{"arcs":[[[-1345,-1442,-1342,-1286,-1375,1442,1443,1444,1445,1446,1447,-1409,1448,-1407,-1405]],[[-1406]]],"type":"MultiPolygon","properties":{"degurba":"Glesbefolkade områden","kn":"1487","ln":"14"}},{"arcs":[[-1350,1449,1450,-1413,-1217,-1219,-1412,-1213,-1420,-1211],[1451]],"type":"Polygon","properties":{"degurba":"Glesbefolkade områden","kn":"1495","ln":"14"}},{"arcs":[[[-1349,-1411,1454,1455,1456,1457,1458,1459,1460,1461,1462,-1450]],[[1463]],[[1464,1465,1466]],[[1467,1468,1469]]],"type":"MultiPolygon","properties":{"degurba":"Glesbefolkade områden","kn":"1494","ln":"14"}},{"arcs":[[-1317,1470,1471,1472,1473,-1359,1474]],"type":"Polygon","properties":{"degurba":"Glesbefolkade områden","kn":"0584","ln":"05"}},{"arcs":[[-1352,-1418,1475,1476],[1477,1478,1479],[1480]],"type":"Polygon","properties":{"degurba":"Glesbefolkade områden","kn":"1472","ln":"14"}},{"arcs":[[1486,1487,1488,-1395,1489]],"type":"Polygon","properties":{"degurba":"Glesbefolkade områden","kn":"1427","ln":"14"}},{"arcs":[[-1477,1490,1491,1492,1493,1494,1495,1496,1497,1498,-1353],[1499]],"type":"Polygon","properties":{"degurba":"Glesbefolkade områden","kn":"1446","ln":"14"}},{"arcs":[[[-1474,1500,1501,1502,1503,1504,1505,1506,1507,-1289,-1360],[1508,1509,1510]],[[1511,1512]]],"type":"MultiPolygon","properties":{"degurba":"Glesbefolkade områden","kn":"0583","ln":"05"}},{"arcs":[[-1297,1513,-1295,1514,-1291,1515,1516,1517,1518,1519,1520,1521,1522,-1440,1523,-1426,-1435,1524,-1438,1525,-1424,1526,-1422],[1527],[1528,1529,1530],[1531,1532,1533]],"type":"Polygon","properties":{"degurba":"Glesbefolkade områden","kn":"0581","ln":"05"}},{"arcs":[[1534,-1396,-1489,1535,1536,1537,1538,-1372]],"type":"Polygon","properties":{"degurba":"Glesbefolkade områden","kn":"1430","ln":"14"}},{"arcs":[[-1451,-1463,1539,1540,-1414]],"type":"Polygon","properties":{"degurba":"Glesbefolkade områden","kn":"1471","ln":"14"}},{"arcs":[[[-1539,-1373]],[[-1538,1541,1542,1543,-1443,-1374]]],"type":"MultiPolygon","properties":{"degurba":"Glesbefolkade områden","kn":"1439","ln":"14"}},{"arcs":[[-1417,1544,1545,1546,1547,1548,-1495,1549,1550,1551,1552,1553,1554,1555,-1491,-1476]],"type":"Polygon","properties":{"degurba":"Glesbefolkade områden","kn":"1473","ln":"14"}},{"arcs":[[[1556,1557,1558,1559,1560,1561,1562,-1536,-1488],[1566],[1567]],[[1563]],[[1564,1565]]],"type":"MultiPolygon","properties":{"degurba":"Glesbefolkade områden","kn":"1435","ln":"14"}},{"arcs":[[[-1416,-1421,-1415,-1541,1568,1569,1570,1571,-1547,1572,-1545],[1573,1574,1575]],[[1576,1577]],[[1578]]],"type":"MultiPolygon","properties":{"degurba":"Glesbefolkade områden","kn":"1493","ln":"14"}},{"arcs":[[-1444,-1544,1579,1580,1581]],"type":"Polygon","properties":{"degurba":"Glesbefolkade områden","kn":"1461","ln":"14"}},{"arcs":[[-1290,-1508,1582,1583,1584,1585,1586,1587,1588,-1518,1589,-1516],[1590]],"type":"Polygon","properties":{"degurba":"Glesbefolkade områden","kn":"0562","ln":"05"}},{"arcs":[[[1591,-1520,1592,1593,1594,1595,1596,1597,1598,1599,1600,1601,1602,1603,1604,1605,1606,1607,1608,1609,1610,1611,1612],[1616]],[[1613,1614,1615]],[[1617,1618]]],"type":"MultiPolygon","properties":{"degurba":"Glesbefolkade områden","kn":"0480","ln":"04"}},{"arcs":[[[1619,1620,1621,-1512]],[[-1498,1622,1623,1624,1625,1626,1627,1628,-1506,1629,1630,1631],[1632]]],"type":"MultiPolygon","properties":{"degurba":"Glesbefolkade områden","kn":"1882","ln":"18"}},{"arcs":[[[-1612,1633,1634]],[[1635,1636,-1611,1637]]],"type":"MultiPolygon","properties":{"degurba":"Glesbefolkade områden","kn":"0481","ln":"04"}},{"arcs":[[[-1497,1638,1639,1640,1641,1642,1643,1644,-1626,-1624,1645,-1623],[1647]],[[1646]]],"type":"MultiPolygon","properties":{"degurba":"Glesbefolkade områden","kn":"1860","ln":"18"}},{"arcs":[[[-1593,-1519,-1589,1649,-1587,1650,1651,1652,1653,1654,1655,1656,1657,1658,1659,1660,1661,1662,-1595,1663],[1664]],[[1665]]],"type":"MultiPolygon","properties":{"degurba":"Glesbefolkade områden","kn":"0483","ln":"04"}},{"arcs":[[[1666]],[[1667,1668,1669,1670,1671,1672,1673,1674,1675,1676,1677,1678]],[[1679,1680]],[[1681,1682,1683]]],"type":"MultiPolygon","properties":{"degurba":"Glesbefolkade områden","kn":"0192","ln":"01"}},{"arcs":[[-1543,1684,1685,1686,1687,1688,1689,1690,1691,1692,1693,1694,1695,1696,-1580],[1697],[1698]],"type":"Polygon","properties":{"degurba":"Glesbefolkade områden","kn":"1460","ln":"14"}},{"arcs":[[-1537,-1563,1699,-1687,1700,-1685,-1542],[1701],[1702],[1703]],"type":"Polygon","properties":{"degurba":"Glesbefolkade områden","kn":"1438","ln":"14"}},{"arcs":[[[1704]],[[1705,1706,1707,1708,-1696,1709,1710,1711,1712,1713,1714],[1715],[1716],[1717,1718,1719]]],"type":"MultiPolygon","properties":{"degurba":"Glesbefolkade områden","kn":"1785","ln":"17"}},{"arcs":[[-1572,1720,1721,1722,1723,1724,1725,1726,1727,-1640,1728,-1548]],"type":"Polygon","properties":{"degurba":"Glesbefolkade områden","kn":"1447","ln":"14"}},{"arcs":[[1729,-1609,1730,1731,1732,1733,1734,-1615],[1735]],"type":"Polygon","properties":{"degurba":"Glesbefolkade områden","kn":"0488","ln":"04"}},{"arcs":[[[-1507,-1629,1736,-1627,-1645,-1647,-1644,1737,1738,1739,1740,1741,1742,1743,1744,1745,-1583]],[[1746,1747]],[[1748,1749,1750]]],"type":"MultiPolygon","properties":{"degurba":"Glesbefolkade områden","kn":"1861","ln":"18"}},{"arcs":[[1751,-1581,-1697,-1709,1752,-1707,1753],[1754],[1755]],"type":"Polygon","properties":{"degurba":"Glesbefolkade områden","kn":"1492","ln":"14"}},{"arcs":[[[1756]],[[1757,1758,1759,1760,1761,-1561,1762]],[[1763]]],"type":"MultiPolygon","properties":{"degurba":"Glesbefolkade områden","kn":"1486","ln":"14"}},{"arcs":[[1764,1765,-1658,1766,1767,1768,-1603,1769,-1601,1770,-1599,-1618,-1619,-1598,-1661],[1771]],"type":"Polygon","properties":{"degurba":"Glesbefolkade områden","kn":"0482","ln":"04"}},{"arcs":[[[1772]],[[-1676,1773]],[[-1675,1774,1775,1776,1777,1778,1779,1780,1781,1782,1783,1784,1785,1786,1787,1788,1789]],[[1790,1791,1792]],[[1793]],[[1794,1795]],[[1796]],[[1797,1798,1799]],[[1800,1801,1802,1803]]],"type":"MultiPolygon","properties":{"degurba":"Glesbefolkade områden","kn":"0136","ln":"01"}},{"arcs":[[[1804,-1734,1805,-1732,1806,1807,1808,1809,1810,1811,1812,1813,1814,1815,1816,1817,1818,1819,1820,1821,1822,1823,1824,1825,1826,1827,1828,1829,1830,1831,-1670,-1682,1832],[1833],[1834],[1835,1836,1837]],[[1838]],[[1839,1840,1841]],[[1842,1843]]],"type":"MultiPolygon","properties":{"degurba":"Glesbefolkade områden","kn":"0181","ln":"01"}},{"arcs":[[-1608,1844,-1606,1845,-1604,-1769,1846,1847,-1811,1848,-1807,-1731],[1849]],"type":"Polygon","properties":{"degurba":"Glesbefolkade områden","kn":"0461","ln":"04"}},{"arcs":[[[-1746,-1744,1850,1851,1852,-1742,1853,1854,1855,1856,1857,1858,1859,1860,1861,1862,-1584],[1864,1865,1866,1867,1868,1869,1870,1871,1872],[1873],[1874]],[[1863]],[[1875,1876]]],"type":"MultiPolygon","properties":{"degurba":"Glesbefolkade områden","kn":"1880","ln":"18"}},{"arcs":[[-1585,-1863,1877,-1655,1878,1879,-1652,1880]],"type":"Polygon","properties":{"degurba":"Glesbefolkade områden","kn":"0428","ln":"04"}},{"arcs":[[1881,1882,1883,1884,-1642],[1885]],"type":"Polygon","properties":{"degurba":"Glesbefolkade områden","kn":"1862","ln":"18"}},{"arcs":[[[-1727,1886,-1725,1887,1888,1889,1890,1891,1892,1893,-1883,1894],[1895],[1896],[1900]],[[1897,1898,1899]]],"type":"MultiPolygon","properties":{"degurba":"Glesbefolkade områden","kn":"1781","ln":"17"}},{"arcs":[[-1643,-1885,1901,-1855,1902,-1738]],"type":"Polygon","properties":{"degurba":"Glesbefolkade områden","kn":"1814","ln":"18"}},{"arcs":[[-1739,-1903,-1854,-1741,-1750,1903,-1747],[1904]],"type":"Polygon","properties":{"degurba":"Glesbefolkade områden","kn":"1881","ln":"18"}},{"arcs":[[[-1831,1906,-1829,1907,-1827,1908,1909,1910,1911,1912,1913,1914,1915,1916,1917,1918,1919,1920,-1775,-1674,1921,-1672,1922]],[[1923,1924,1925,1926]]],"type":"MultiPolygon","properties":{"degurba":"Glesbefolkade områden","kn":"0127","ln":"01"}},{"arcs":[[-1812,-1848,1938,1939],[-1839],[1940]],"type":"Polygon","properties":{"degurba":"Glesbefolkade områden","kn":"0140","ln":"01"}},{"arcs":[[[-1657,1941,1942,1943,1944,1945,1946,1947,1948,1949,1950,1951,1952,1953,1954,1955,1956,1957,1958,1959,-1767],[1960],[1961,1962,1963,1964,1965],[1966,1967,1968,1969,1970,1971,1972,1973,1974]],[[1975,1976]]],"type":"MultiPolygon","properties":{"degurba":"Glesbefolkade områden","kn":"0484","ln":"04"}},{"arcs":[[[1977,1978]],[[1979]],[[1980,1981]],[[1982]],[[1983]],[[1984]],[[1985,1986]],[[1987]],[[1988]],[[1989,1990,1991,1992,1993,1994,1995,1996,1997,1998,1999,2000,2001,2002,2003,2004,2005,2006,2007,2008,2009,2010,2011,2012,2013,2014,2015,2016,2017,2018,2019],[2022],[2040]],[[2020]],[[2021]],[[2023]],[[2024,2025,2026,2027]],[[2028,2029,2030]],[[2031,2032]],[[2033]],[[2034,2035,2036,2037]],[[2038,2039]],[[2041]],[[2042]],[[2043]],[[2044]]],"type":"MultiPolygon","properties":{"degurba":"Glesbefolkade områden","kn":"0120","ln":"01"}},{"arcs":[[[-1776,-1921,2046,2047,2048,2049,2050,2051,2052,2053,2054,2055,-2046]],[[2056,2057,2058,2059,2060,2061,2062,2063,2064]]],"type":"MultiPolygon","properties":{"degurba":"Glesbefolkade områden","kn":"0126","ln":"01"}},{"arcs":[[[-1847,-1768,-1960,2065,-1958,2066,-1956,2067,-1954,2068,2069,2070,2071,2072,2073,2074,2075,2076,2077,2078,2079,2080,2081,2082,-1816,2083,2084,2085,-1814,2086,-1939],[2087,2088,2089],[2090],[2092],[2093],[2094]],[[2091]]],"type":"MultiPolygon","properties":{"degurba":"Glesbefolkade områden","kn":"0486","ln":"04"}},{"arcs":[[-1695,2101,-1693,2102,-1691,2103,-1689,2104,2105,2106,2107,2108,-1712,2109,-1710],[2110],[2111],[2112],[2113],[2114],[2115],[2116]],"type":"Polygon","properties":{"degurba":"Glesbefolkade områden","kn":"1765","ln":"17"}},{"arcs":[[[-1825,2117]],[[2118,-2096,-1910]],[[-1841,-1821,-1843,-1844,-1820,2119,2120,-1912,2121,-1823]]],"type":"MultiPolygon","properties":{"degurba":"Glesbefolkade områden","kn":"0128","ln":"01"}},{"arcs":[[[-1785,2122,2123,2124,2125,2126,-1787,2127]],[[2128,2129,2130]],[[-1991,2131]],[[2132,2133,2134,2135]],[[-1992,2136]]],"type":"MultiPolygon","properties":{"degurba":"Glesbefolkade områden","kn":"0138","ln":"01"}},{"arcs":[[[-1902,-1884,-1894,2139,2140,2141,2142,-1856],[2143,2144,2145]],[[2146,2147]],[[2148,2149]]],"type":"MultiPolygon","properties":{"degurba":"Glesbefolkade områden","kn":"1883","ln":"18"}},{"arcs":[[[2167,2168]],[[2169,-1861,2170,2171,2172,-1943,2173],[2174]]],"type":"MultiPolygon","properties":{"degurba":"Glesbefolkade områden","kn":"1984","ln":"19"}},{"arcs":[[-1714,2185,2186,2187,2188,2189,2190,2191,2192,2193,2194],[2195],[2196],[2197]],"type":"Polygon","properties":{"degurba":"Glesbefolkade områden","kn":"1764","ln":"17"}},{"arcs":[[[2203,2204,2205,2206,2207,2208,2209,2210]],[[2211,2212]],[[2213,2214,2215,2216]],[[2217,2218]]],"type":"MultiPolygon","properties":{"degurba":"Glesbefolkade områden","kn":"1761","ln":"17"}},{"arcs":[[[2219,-2194,2220,-2192,2221,2222,2223,2224,2225,2226,2227,-1890,2228,-1899,2229,2230,2231,-2210,2232,2233,2234,-2208,2235,-2206,-2218,-2215,2236],[2238,2239,2240,2241,2242],[2243],[2244],[2246],[2247]],[[2237]],[[-2190,2245]]],"type":"MultiPolygon","properties":{"degurba":"Glesbefolkade områden","kn":"1780","ln":"17"}},{"arcs":[[[-2053,2248]],[[-2160,2249,2250,2251,-2199]],[[2252]],[[2253,-2177]],[[2254]],[[2255,2256]],[[2257,-2184]],[[2258,2259]],[[2260,2261]],[[2262,2263]],[[2264,2265,2266]],[[2267,2268,2269,2270,2271,2272,2273]],[[2274,2275,2276]],[[2277,2278,2279]],[[2280,2281,2282,2283]],[[2284,2285,2286]],[[2287,2288,2289,2290]],[[2291,2292,2293,2294]],[[2295,2296,2297]],[[2298,2299,2300,2301,2302,2303]]],"type":"MultiPolygon","properties":{"degurba":"Glesbefolkade områden","kn":"0180","ln":"01"}},{"arcs":[[[2348,-2126]],[[2349,-2344,-2318,2350,2351,2352,2353,2354,2355,-2201,2356]],[[-2202,2357,-1995,2358,2359,-2134]],[[2360,2361,-1997,2362]],[[2363,2364,2365]],[[2366,-1999,2367]],[[2368,2369,2370,2371,2372]],[[2373,2374,2375,2376,2377,2378]],[[2379,2380,2381,-2004,2382,-2000]],[[2383,2384]]],"type":"MultiPolygon","properties":{"degurba":"Glesbefolkade områden","kn":"0182","ln":"01"}},{"arcs":[[[-1915,2385]],[[-2121,2386,2387,2388,-1818,2389,2390,2391,2392,2393,2394,2395,2396,-2292,2397,-2281,-2284,-2322,-2275,-2277,-2321,-2332,-2308,-2265,-2267,-2307,-2263,-2261,-2306,-2259,-2256,-2347,2398,-2163,-2100,-1917,2399,2400,2401,-1913],[2402]]],"type":"MultiPolygon","properties":{"degurba":"Glesbefolkade områden","kn":"0125","ln":"01"}},{"arcs":[[-1893,2419,-1891,-2228,2420,2421,2422,2423,-2141,2424,-2140]],"type":"Polygon","properties":{"degurba":"Glesbefolkade områden","kn":"1760","ln":"17"}},{"arcs":[[[-1944,-2173,2436,2437],[2438]],[[2439,2440,2441]]],"type":"MultiPolygon","properties":{"degurba":"Glesbefolkade områden","kn":"1960","ln":"19"}},{"arcs":[[-2143,2442,2443,-1857],[2444],[2445]],"type":"Polygon","properties":{"degurba":"Glesbefolkade områden","kn":"1884","ln":"18"}},{"arcs":[[[-2272,2446,-2369,-2426]],[[-2316,2447,-2269]],[[2448,2449,2450,2451]],[[2452,2453,2454,2455,-2384,-2376]],[[2456,2457,2458,-2289]],[[2459,2460,2461,2462,2463]]],"type":"MultiPolygon","properties":{"degurba":"Glesbefolkade områden","kn":"0186","ln":"01"}},{"arcs":[[-1860,2464,-1858,-2444,2465,2466,2467,2468,2469,-2171],[2470],[2471],[2472]],"type":"Polygon","properties":{"degurba":"Glesbefolkade områden","kn":"1885","ln":"18"}},{"arcs":[[[-2481,-2313]],[[-2480,-2340,-2285,-2314]],[[2481,2482,2483,2484,-2477]]],"type":"MultiPolygon","properties":{"degurba":"Glesbefolkade områden","kn":"0184","ln":"01"}},{"arcs":[[-1713,-2109,2494,-2107,2495,2496,2497,2498,2499,2500,2501,2502,2503,2504,2505,-2187,2506,2507,2508,-2186],[2509,2510,2511],[2512,2513,2514],[2515],[2516,2517,2518],[2519,2520,2521,2522,2523,2524,2525],[2526]],"type":"Polygon","properties":{"degurba":"Glesbefolkade områden","kn":"1784","ln":"17"}},{"arcs":[[[-2343,2527,-2490,-2457,-2315]],[[2528,2529,2530,-2461,-2492]],[[2531,2532,2533,2534,2535]],[[2536,2537,2538]]],"type":"MultiPolygon","properties":{"degurba":"Glesbefolkade områden","kn":"0162","ln":"01"}},{"arcs":[[[-2006,2539,-2382,2540,-2455,-2493,-2463,2541,2542,2543,2544,2545,-2008,2546],[2547]],[[2548,2549,2550,2551]]],"type":"MultiPolygon","properties":{"degurba":"Glesbefolkade områden","kn":"0187","ln":"01"}},{"arcs":[[-2494,-2297,2560,-2482,-2476]],"type":"Polygon","properties":{"degurba":"Glesbefolkade områden","kn":"0183","ln":"01"}},{"arcs":[[[-2397,2576,2577,-2556,-2560,-2554,-2293]],[[-2553,-2324]],[[-2555,-2559,2578,2579,-2300]],[[2580,2581,2582,-2558]]],"type":"MultiPolygon","properties":{"degurba":"Glesbefolkade områden","kn":"0123","ln":"01"}},{"arcs":[[[-2328,2583,2584,-2561]],[[-2580,2585,2586,-2301]],[[-2303,2587,2588,-2326]],[[2589,2590,2591,2592,2593,2594]],[[-2579,-2583,2595,2596]],[[2597,2598,2599]]],"type":"MultiPolygon","properties":{"degurba":"Glesbefolkade områden","kn":"0163","ln":"01"}},{"arcs":[[-2082,2615,-2080,2616,-2078,2617,-2076,2618,2619,2620,2621,2622,2623,2624,2625,2626,2627,2628,2629,2630],[2631],[2632],[2633,2634,2635],[2636]],"type":"Polygon","properties":{"degurba":"Glesbefolkade områden","kn":"0381","ln":"03"}},{"arcs":[[-2172,-2470,2638,2639,2640,-2440,2641,-2437],[2642],[2643]],"type":"Polygon","properties":{"degurba":"Glesbefolkade områden","kn":"1983","ln":"19"}},{"arcs":[[[-2571,2644,2645,2646,-2530]],[[-2593,2647,2648,2649,2650,2651,2652,2653,2654,2655,2656,2657,2658]]],"type":"MultiPolygon","properties":{"degurba":"Glesbefolkade områden","kn":"0160","ln":"01"}},{"arcs":[[[-1946,2659,2660,2661,2662,-2621,2663,2664,-2074,2665,-2072,2666,-2070,2667,2668,2669,2670,2671,-1950,2672,2673,2674,2675,2676,-1948,2677],[2680,2681,2682,2683,2684,2685,2686,2687,2688,2689]],[[2678,-2619,2679]],[[2690,2691]],[[2692,2693,2694]]],"type":"MultiPolygon","properties":{"degurba":"Glesbefolkade områden","kn":"1980","ln":"19"}},{"arcs":[[[-2393,2695,2696,2697,2698,2699,2700,2701,2702,2703,2704,2705,-2581,-2557,2706,2707,2708,2709,2710,2711],[2714],[2715]],[[2712,2713,-2391]]],"type":"MultiPolygon","properties":{"degurba":"Glesbefolkade områden","kn":"0139","ln":"01"}},{"arcs":[[[-2543,2726,-2646,-2726,-2652,2727,2728,2729,2730,2731,2732,2733,2734,2735,-2036,2736,2737,2738,2739,2740,2741,2742,2743,2744,-2550,2745,2746]],[[2747,2748,-2011]],[[2749]],[[2750,2751]],[[2752,-2012]],[[-2014,2753,2754]],[[2755]],[[2756,2757]],[[2758,2759,2760]]],"type":"MultiPolygon","properties":{"degurba":"Glesbefolkade områden","kn":"0117","ln":"01"}},{"arcs":[[-2142,-2424,2761,2762,2763,-2466,-2443],[2764],[2765],[2766],[2767],[2768]],"type":"Polygon","properties":{"degurba":"Glesbefolkade områden","kn":"1863","ln":"18"}},{"arcs":[[-2441,-2641,2769,-2661,2770],[2771,2772,2773]],"type":"Polygon","properties":{"degurba":"Glesbefolkade områden","kn":"1961","ln":"19"}},{"arcs":[[-2191,-2246,-2189,2774,-2505,2775,2776,2777,2778,-2224,2779,2780,2781,-2222],[2782],[2783]],"type":"Polygon","properties":{"degurba":"Glesbefolkade områden","kn":"1715","ln":"17"}},{"arcs":[[-2225,-2779,2784,-2777,2785,2786,2787,2788,2789],[2790]],"type":"Polygon","properties":{"degurba":"Glesbefolkade områden","kn":"1763","ln":"17"}},{"arcs":[[[-2615,-2599,-2614,2791,-2611,-2596,-2582,-2706,2792,2793,-2648,-2592]],[[2794,-2612]]],"type":"MultiPolygon","properties":{"degurba":"Glesbefolkade områden","kn":"0114","ln":"01"}},{"arcs":[[[2795]],[[2796,2797,-2732]],[[2798,2799,-2760,2800,2801,2802,2803,2804,2805,2806,2807,-2729,2808,2809,2810,2811,2812,2813,2814,2815,2816,2817,2818,-2734],[2838],[2839],[2840],[2841],[2843],[2844],[2845]],[[2819]],[[2820]],[[2821,2822]],[[2823]],[[2824,2825,2826]],[[2827,2828,2829]],[[2830,2831,2832]],[[2833,2834]],[[2835]],[[2836,2837]],[[2842]]],"type":"MultiPolygon","properties":{"degurba":"Glesbefolkade områden","kn":"0188","ln":"01"}},{"arcs":[[-2651,2846,-2649,-2794,2847,-2809,-2728]],"type":"Polygon","properties":{"degurba":"Glesbefolkade områden","kn":"0115","ln":"01"}},{"arcs":[[[2848,2849,2850,2851,-2627,2852,-2625,2853,2854,2855,2856,2857,2858,-2700,2859,2860,2861,2862,2863,-2698,2864]],[[2865,2866]],[[2867,-2699]]],"type":"MultiPolygon","properties":{"degurba":"Glesbefolkade områden","kn":"0305","ln":"03"}},{"arcs":[[-2227,2868,2869,2870,2871,-2762,-2423,2872,-2421],[2873],[2874,2875,2876]],"type":"Polygon","properties":{"degurba":"Glesbefolkade områden","kn":"1782","ln":"17"}},{"arcs":[[-2793,2877,-2704,2878,2879,-2701,-2859,2880,-2857,2881,-2810,-2848],[2882]],"type":"Polygon","properties":{"degurba":"Glesbefolkade områden","kn":"0191","ln":"01"}},{"arcs":[[-2106,2894,-2498,2895,-2496],[2896],[2897]],"type":"Polygon","properties":{"degurba":"Glesbefolkade områden","kn":"1730","ln":"17"}},{"arcs":[[-2639,-2469,2899,2900,2901]],"type":"Polygon","properties":{"degurba":"Glesbefolkade områden","kn":"1904","ln":"19"}},{"arcs":[[-2504,2904,2905,-2501,2906,2907,2908,2909,2910,2911,2912,-2788,2913,-2786,-2776],[2914,2915,2916],[2917],[2918,2919,2920],[2921],[2922],[2923],[2924]],"type":"Polygon","properties":{"degurba":"Glesbefolkade områden","kn":"1766","ln":"17"}},{"arcs":[[-2640,-2902,2925,2926,-2662,-2770],[2927]],"type":"Polygon","properties":{"degurba":"Glesbefolkade områden","kn":"1907","ln":"19"}},{"arcs":[[-2882,-2856,2928,2929,2930,2931,2932,2933,-2811],[2934]],"type":"Polygon","properties":{"degurba":"Glesbefolkade områden","kn":"0330","ln":"03"}},{"arcs":[[[-2789,-2913,2935,-2911,2936,2937]],[[2938]]],"type":"MultiPolygon","properties":{"degurba":"Glesbefolkade områden","kn":"1762","ln":"17"}},{"arcs":[[[-2624,2939,2940,2941,2942,-2812,-2934,2943,2944,2945,2946,2947,2948,-2930,2949,-2854],[2956,2957,2958]],[[2950,2951]],[[2952,2953,2954,2955]]],"type":"MultiPolygon","properties":{"degurba":"Glesbefolkade områden","kn":"0380","ln":"03"}},{"arcs":[[-2226,-2790,-2938,-2939,-2937,-2910,2959,2960,2961,2962,-2869],[2963],[2964]],"type":"Polygon","properties":{"degurba":"Glesbefolkade områden","kn":"1783","ln":"17"}},{"arcs":[[-2764,2965,2966,2967,2968,-2467]],"type":"Polygon","properties":{"degurba":"Glesbefolkade områden","kn":"1864","ln":"18"}},{"arcs":[[-2663,-2927,2969,2970,2971,2972,2973,2974,2975,2976,2977,-2622],[2978]],"type":"Polygon","properties":{"degurba":"Glesbefolkade områden","kn":"1981","ln":"19"}},{"arcs":[[[-2623,-2978,-2976,2983,2984,2985,2986,2987,2988,2989,2990,2991,2992,-2940]],[[-2977]]],"type":"MultiPolygon","properties":{"degurba":"Glesbefolkade områden","kn":"0331","ln":"03"}},{"arcs":[[-2468,-2969,2993,2994,2995,2996,2997,2998,2999,3000,3001,3002,-2900],[3003,3004,3005]],"type":"Polygon","properties":{"degurba":"Glesbefolkade områden","kn":"2061","ln":"20"}},{"arcs":[[-2901,-3003,3006,-2970,-2926],[3007,3008,3009],[3010]],"type":"Polygon","properties":{"degurba":"Glesbefolkade områden","kn":"1982","ln":"19"}},{"arcs":[[-3007,-3002,3011,3012,3013,3014,-2971]],"type":"Polygon","properties":{"degurba":"Glesbefolkade områden","kn":"1962","ln":"19"}},{"arcs":[[[-2763,-2872,3015,3016,3017,3018,-2997,3019,3020,-2994,-2968,3021,-2966],[3022],[3025],[3026]],[[3023,3024,-2995]]],"type":"MultiPolygon","properties":{"degurba":"Glesbefolkade områden","kn":"2085","ln":"20"}},{"arcs":[[-2907,-2500,3027,3028,-2960,-2909,3029],[3030]],"type":"Polygon","properties":{"degurba":"Glesbefolkade områden","kn":"1737","ln":"17"}},{"arcs":[[[-2943,3031,3032,3033,3034,3035,3036,3037,3038,3039,3040,3041,-2813],[3042],[3049],[3050]],[[3043,3044,3045]],[[3046,3047]],[[3048]],[[3051]]],"type":"MultiPolygon","properties":{"degurba":"Glesbefolkade områden","kn":"0382","ln":"03"}},{"arcs":[[-3015,3052,-3013,3053,3054,3055,-2974,3056,-2972],[3057]],"type":"Polygon","properties":{"degurba":"Glesbefolkade områden","kn":"2084","ln":"20"}},{"arcs":[[-2942,3059,-2992,3060,3061,3062,3063,3064,3065,3066,3067,-3032],[3068],[3069],[3070]],"type":"Polygon","properties":{"degurba":"Glesbefolkade områden","kn":"0360","ln":"03"}},{"arcs":[[-3012,-3001,3071,3072,3073,-3054],[3074],[3075],[3076]],"type":"Polygon","properties":{"degurba":"Glesbefolkade områden","kn":"2083","ln":"20"}},{"arcs":[[-2963,3077,-2961,-3029,3078,3079,3080,3081,3082,3083,-2870],[3084],[3085]],"type":"Polygon","properties":{"degurba":"Glesbefolkade områden","kn":"2023","ln":"20"}},{"arcs":[[[-3056,3086,3087,3088,3089,3090,3091,3092,3093,3094,3095,3096,3097,3098,-2988,3099,-2986,3100,3101,3102,-2984,-2975],[3103],[3104],[3109,3110,3111]],[[3105,3106,3107,3108]]],"type":"MultiPolygon","properties":{"degurba":"Glesbefolkade områden","kn":"2181","ln":"21"}},{"arcs":[[[-3000,3112,-2998,-3019,3113,3114,-3072]],[[3115,3116,-3073]]],"type":"MultiPolygon","properties":{"degurba":"Glesbefolkade områden","kn":"2082","ln":"20"}},{"arcs":[[-2871,-3084,3117,3118,3119,-3016],[3120]],"type":"Polygon","properties":{"degurba":"Glesbefolkade områden","kn":"2021","ln":"20"}},{"arcs":[[[-2999,-3113]],[[-3018,3121,3122,3123,3124,3125,-3114],[3126,3127,3128,3129,3130],[3131]],[[3132,3133,3134]]],"type":"MultiPolygon","properties":{"degurba":"Glesbefolkade områden","kn":"2081","ln":"20"}},{"arcs":[[-3120,3135,-3122,-3017]],"type":"Polygon","properties":{"degurba":"Glesbefolkade områden","kn":"2026","ln":"20"}},{"arcs":[[[-2991,3136,-2989,-3099,3137,-3097,3138,-3094,3139,3140,3141,3142,3143,3144,-3066,3145,3146,3147,-3064,3148,3149,-3061],[3150],[3151,3152,3153,3154],[3157],[3158],[3159]],[[3155]],[[-3096,3156]]],"type":"MultiPolygon","properties":{"degurba":"Glesbefolkade områden","kn":"2180","ln":"21"}},{"arcs":[[-3055,-3074,-3117,3160,-3091,3161,3162,-3106,-3109,-3087],[3163],[3164]],"type":"Polygon","properties":{"degurba":"Glesbefolkade områden","kn":"2104","ln":"21"}},{"arcs":[[[-3126,3165,-3133,-3135,3166,3167,3168,-3124,3169,3170,3171,3172,3173,-3092,-3161,-3116,-3115],[3174,3175,3176],[3179],[3180],[3181],[3182],[3183],[3184],[3185]],[[3177,3178]]],"type":"MultiPolygon","properties":{"degurba":"Glesbefolkade områden","kn":"2080","ln":"20"}},{"arcs":[[-3145,3186,-3067],[3187]],"type":"Polygon","properties":{"degurba":"Glesbefolkade områden","kn":"0319","ln":"03"}},{"arcs":[[[-3136,-3119,3188,3189,3190,-3170,-3123],[3191]],[[3192,3193,3194,3195]]],"type":"MultiPolygon","properties":{"degurba":"Glesbefolkade områden","kn":"2029","ln":"20"}},{"arcs":[[[-3083,3197,3198,3199,3200,3201,3202,3203,3204,3205,3206,3207,3208,3209,3210,-3194,3211,3212,3213,3214,3215,3216,3217,-3189,-3118],[3218],[3219],[3220,3221,3222],[3224]],[[3223]]],"type":"MultiPolygon","properties":{"degurba":"Glesbefolkade områden","kn":"2062","ln":"20"}},{"arcs":[[-3093,-3174,3225,3226,-3140]],"type":"Polygon","properties":{"degurba":"Glesbefolkade områden","kn":"2101","ln":"21"}},{"arcs":[[[-3191,3227,-3195,-3211,3228,3229,3230,3231,3232,3233,3234,3235,3236,3237,3238,-3171],[3239],[3240],[3241],[3242],[3243],[3244]],[[3245,3246,3247]]],"type":"MultiPolygon","properties":{"degurba":"Glesbefolkade områden","kn":"2031","ln":"20"}},{"arcs":[[-3173,3248,3249,3250,3251,3252,3253,-3226],[3254],[3255]],"type":"Polygon","properties":{"degurba":"Glesbefolkade områden","kn":"2183","ln":"21"}},{"arcs":[[-3172,-3239,-3235,3256,-3233,3257,-3249],[3258],[3259]],"type":"Polygon","properties":{"degurba":"Glesbefolkade områden","kn":"2121","ln":"21"}},{"arcs":[[-3082,3260,-3080,3261,3262,-3198]],"type":"Polygon","properties":{"degurba":"Glesbefolkade områden","kn":"2039","ln":"20"}},{"arcs":[[-3210,3263,-3200,3264,3265,3266,3267,-3231,3268,-3246,-3248,3269,-3229]],"type":"Polygon","properties":{"degurba":"Glesbefolkade områden","kn":"2034","ln":"20"}},{"arcs":[[[-3227,-3254,3270,-3252,3271,3272,-3141],[3274],[3275],[3277,3278,3279]],[[3273]],[[3276]]],"type":"MultiPolygon","properties":{"degurba":"Glesbefolkade områden","kn":"2182","ln":"21"}},{"arcs":[[[-3272,-3251,3280,3281,3282],[3285],[3286],[3287],[3288],[3289],[3290,3291,3292,3293,3294],[3295],[3296]],[[3283]],[[3284]]],"type":"MultiPolygon","properties":{"degurba":"Glesbefolkade områden","kn":"2184","ln":"21"}},{"arcs":[[3297,-3266,3298,3299,3300,-3281,-3250,-3258,-3232,-3268],[3301],[3302],[3303],[3304],[3305]],"type":"Polygon","properties":{"degurba":"Glesbefolkade områden","kn":"2161","ln":"21"}},{"arcs":[[-3199,-3263,3306,3307,3308,-3299,-3265],[3309],[3310],[3311,3312,3313],[3314,3315,3316],[3317,3318,3319],[3320],[3321],[3322],[3323],[3324],[3325],[3326],[3327],[3328]],"type":"Polygon","properties":{"degurba":"Glesbefolkade områden","kn":"2361","ln":"23"}},{"arcs":[[-3282,-3301,3329,3330,3331,3332,3333]],"type":"Polygon","properties":{"degurba":"Glesbefolkade områden","kn":"2132","ln":"21"}},{"arcs":[[[-3333,3334,-3331,3335,3336,3337,3338,3339,3340,3341,3342,3343,3344,3345,3346,3347,3348,3349],[3350],[3351],[3352,3353,3354,3355,3356],[3357],[3358],[3363],[3364],[3365]],[[3359,3360,3361]],[[3362]]],"type":"MultiPolygon","properties":{"degurba":"Glesbefolkade områden","kn":"2281","ln":"22"}},{"arcs":[[-3330,-3300,-3309,3366,3367,-3336],[3368],[3369],[3370],[3371],[3372]],"type":"Polygon","properties":{"degurba":"Glesbefolkade områden","kn":"2260","ln":"22"}},{"arcs":[[[-3308,3374,3375,3376,3377,3378,3379,3380,3381,3382,3383,3384,3385,3386,-3367],[3387],[3388],[3389],[3390,3391,3392],[3393],[3394],[3395],[3396,3397,3398,3399,3400,3401],[3402],[3404]],[[3403]]],"type":"MultiPolygon","properties":{"degurba":"Glesbefolkade områden","kn":"2326","ln":"23"}},{"arcs":[[[3405,3406,3407,3408,3409,-3340,3410,3411,3412],[3418]],[[3413,3414,3415,3416,-3344,3417,-3342]]],"type":"MultiPolygon","properties":{"degurba":"Glesbefolkade områden","kn":"2262","ln":"22"}},{"arcs":[[3419,-3412,3420,3421,3422,3423,3424,3425,3426,3427,3428,3429],[3430],[3431],[3432],[3433]],"type":"Polygon","properties":{"degurba":"Glesbefolkade områden","kn":"2280","ln":"22"}},{"arcs":[[-3368,-3387,3434,-3385,3435,3436,-3337],[3437],[3438],[3439],[3440],[3441]],"type":"Polygon","properties":{"degurba":"Glesbefolkade områden","kn":"2305","ln":"23"}},{"arcs":[[3442,3443,-3426,3444,-3424,3445,-3422,3446,3447,3448,3449,3450],[3451],[3452],[3453],[3454],[3455,3456,3457,3458,3459],[3460],[3461]],"type":"Polygon","properties":{"degurba":"Glesbefolkade områden","kn":"2282","ln":"22"}},{"arcs":[[-3437,3462,3463,3464,-3338],[3465,3466,3467,3468,3469],[3470]],"type":"Polygon","properties":{"degurba":"Glesbefolkade områden","kn":"2303","ln":"23"}},{"arcs":[[-3339,-3465,3471,3472,3473,3474,3475,3476,3477,3478,-3447,-3421,-3411],[3479],[3480],[3481],[3482],[3483],[3484],[3485],[3486],[3487]],"type":"Polygon","properties":{"degurba":"Glesbefolkade områden","kn":"2283","ln":"22"}},{"arcs":[[[-3384,3488,-3382,3489,-3380,3490,3491,3492,3493,3494,3495,3496,-3463,-3436],[3497,3498,3499],[3500],[3501],[3502],[3503],[3504,3505,3506,3507,3508,3509],[3514],[3518]],[[3510,3511,3512,3513]],[[3515,3516,3517]]],"type":"MultiPolygon","properties":{"degurba":"Glesbefolkade områden","kn":"2380","ln":"23"}},{"arcs":[[3519,3520,3521,3522,3523,3524,3525,3526,3527,3528,3529,3530,3531,3532,3533,3534,3535,-3511,-3514,3536,-3378,3537,3538,3539,-3376],[3540],[3541],[3542],[3543],[3544,3545,3546],[3547],[3548],[3549],[3550],[3551,3552,3553],[3554],[3555],[3556],[3557,3558,3559,3560,3561],[3562],[3563],[3564],[3565],[3566],[3567],[3568,3569,3570],[3571],[3572],[3573],[3574],[3575]],"type":"Polygon","properties":{"degurba":"Glesbefolkade områden","kn":"2321","ln":"23"}},{"arcs":[[[3576]],[[-3450,3577,-3448,-3479,3578,-3475,3579,3580,3581,3582,3583,3584],[3588],[3589],[3590,3591,3592,3593,3594,3595,3596,3597],[3598]],[[3585]],[[3586]],[[3587]],[[3599,3600,3601]]],"type":"MultiPolygon","properties":{"degurba":"Glesbefolkade områden","kn":"2284","ln":"22"}},{"arcs":[[-3496,3604,-3494,3605,-3492,3606,-3526,3607,3608,-3523,3609,-3521,3610,3611],[3612],[3613],[3614],[3615],[3616,3617,3618],[3619],[3620,3621,3622,3623,3624,3625,3626,3627,3628,3629,3630],[3631],[3632],[3633,3634,3635],[3636],[3637],[3638],[3639],[3640,3641,3642],[3643]],"type":"Polygon","properties":{"degurba":"Glesbefolkade områden","kn":"2309","ln":"23"}},{"arcs":[[-3497,-3612,3644,3645,3646,3647,3648,3649,-3472,-3464],[3650],[3651],[3652,3653,3654],[3655],[3656],[3657],[3658],[3659],[3660],[3661],[3662],[3663,3664,3665],[3666],[3667,3668,3669,3670,3671],[3672],[3673,3674,3675],[3676],[3677,3678,3679],[3680],[3681,3682,3683],[3684],[3685],[3686],[3687],[3688],[3689,3690,3691],[3692,3693,3694],[3695],[3696,3697,3698],[3699],[3700],[3701],[3702],[3703],[3704],[3705],[3706],[3707]],"type":"Polygon","properties":{"degurba":"Glesbefolkade områden","kn":"2313","ln":"23"}},{"arcs":[[[3708,-3582,3709,3710,3711,3712,3713]],[[3714,3715]]],"type":"MultiPolygon","properties":{"degurba":"Glesbefolkade områden","kn":"2401","ln":"24"}},{"arcs":[[[-3713,3716,3717,3718,3719,3720],[3723,3724,3725],[3726,3727,3728,3729,3730,3731,3732,3733],[3736,3737,3738],[3739]],[[3721]],[[3722]],[[3734,3735]],[[3740,3741,3742]]],"type":"MultiPolygon","properties":{"degurba":"Glesbefolkade områden","kn":"2480","ln":"24"}},{"arcs":[[-3581,3752,3753,3754,3755,-3711,-3715,-3716,-3710]],"type":"Polygon","properties":{"degurba":"Glesbefolkade områden","kn":"2403","ln":"24"}},{"arcs":[[-3717,-3712,-3756,3756]],"type":"Polygon","properties":{"degurba":"Glesbefolkade områden","kn":"2460","ln":"24"}},{"arcs":[[-3580,-3474,3757,3758,3759,-3753],[3760],[3761],[3762]],"type":"Polygon","properties":{"degurba":"Glesbefolkade områden","kn":"2463","ln":"24"}},{"arcs":[[-3473,-3650,3763,3764,-3647,3765,-3758],[3766],[3767],[3768,3769,3770,3771,3772]],"type":"Polygon","properties":{"degurba":"Glesbefolkade områden","kn":"2425","ln":"24"}},{"arcs":[[-3720,3773,3774,3775,3776]],"type":"Polygon","properties":{"degurba":"Glesbefolkade områden","kn":"2409","ln":"24"}},{"arcs":[[-3755,3777,3778,3779,-3741,-3743,-3718,-3757]],"type":"Polygon","properties":{"degurba":"Glesbefolkade områden","kn":"2404","ln":"24"}},{"arcs":[[-3760,3780,3781,3782,3783,3784,-3778,-3754],[3785,3786,3787]],"type":"Polygon","properties":{"degurba":"Glesbefolkade områden","kn":"2481","ln":"24"}},{"arcs":[[-3766,-3646,3788,3789,3790,3791,3792,3793,-3781,-3759],[3794],[3795,3796,3797],[3798],[3799,3800,3801,3802,3803,3804,3805,3806,3807],[3808],[3809],[3810],[3811],[3812,3813,3814],[3815,3816,3817,3818,3819],[3820,3821,3822],[3823],[3824],[3825,3826,3827]],"type":"Polygon","properties":{"degurba":"Glesbefolkade områden","kn":"2462","ln":"24"}},{"arcs":[[[-3776,-3774,-3719,-3742,-3780,3828,3829,3830,3831,3832,3833,3834,3835,3836,3837,3838,3839],[3840,3841,3842],[3843],[3844],[3845],[3846],[3847],[3848],[3849,3850,3851,3852,3853],[3854],[3855],[3856],[3857]],[[-3775]]],"type":"MultiPolygon","properties":{"degurba":"Glesbefolkade områden","kn":"2482","ln":"24"}},{"arcs":[[-3794,3858,-3792,3859,-3790,3860,3861,3862,3863,-3782],[3864],[3865],[3866],[3867,3868,3869,3870,3871,3872,3873],[3874],[3875],[3876],[3877],[3878],[3879],[3880],[3881],[3882],[3883,3884,3885],[3886],[3887],[3888],[3889],[3890,3891,3892],[3893,3894,3895],[3896,3897,3898],[3899],[3900],[3901],[3902],[3903,3904,3905],[3906,3907,3908,3909,3910],[3911,3912,3913,3914,3915],[3916]],"type":"Polygon","properties":{"degurba":"Glesbefolkade områden","kn":"2421","ln":"24"}},{"arcs":[[-3829,-3779,-3785,3917,3918],[3919],[3920]],"type":"Polygon","properties":{"degurba":"Glesbefolkade områden","kn":"2417","ln":"24"}},{"arcs":[[-3784,3921,3922,3923,3924,-3918],[3925],[3926]],"type":"Polygon","properties":{"degurba":"Glesbefolkade områden","kn":"2418","ln":"24"}},{"arcs":[[-3864,3927,3928,3929,-3862,3930,3931,3932,-3922,-3783],[3933],[3934],[3935],[3936,3937,3938],[3939,3940,3941],[3942],[3943],[3944],[3945,3946,3947],[3948],[3949]],"type":"Polygon","properties":{"degurba":"Glesbefolkade områden","kn":"2422","ln":"24"}},{"arcs":[[[-3831,3950,3951,3952,3953,3954,3955,3956,3957,3958],[3963],[3966,3967,3968],[3969],[3970],[3974,3975,3976,3977,3978],[3979],[3980],[3981]],[[3959,3960,3961]],[[3962]],[[3964,3965]],[[3971]],[[3972,3973]]],"type":"MultiPolygon","properties":{"degurba":"Glesbefolkade områden","kn":"2581","ln":"25"}},{"arcs":[[-3925,3982,-3923,-3933,3983,3984,3985,3986,3987,3988,3989,3990,3991,-3952,3992,-3951,-3830,-3919],[3993],[3994],[3995],[3996],[3997],[3998,3999,4000,4001,4002]],"type":"Polygon","properties":{"degurba":"Glesbefolkade områden","kn":"2505","ln":"25"}},{"arcs":[[[4003]],[[4004]],[[-3954,4005,4006,4007,4008,4009,4010,4011,4012,4013,4014,4015,4016,4017,4018,4019,4020,4021],[4035,4036,4037,4038,4039,4040],[4045,4046,4047,4048,4049],[4056],[4058],[4060],[4064,4065,4066],[4071]],[[4022]],[[4023,4024]],[[4025,4026]],[[4027,4028,4029,4030,4031]],[[4032]],[[4033]],[[4034]],[[4041,4042]],[[4043,4044]],[[4050,4051]],[[4052,4053,4054]],[[4055]],[[4057]],[[4059]],[[4061]],[[4062,4063]],[[4067,4068]],[[4069,4070]]],"type":"MultiPolygon","properties":{"degurba":"Glesbefolkade områden","kn":"2580","ln":"25"}},{"arcs":[[[-3932,4072,4073,-3988,4074,4075,4076,-3984],[4077],[4078],[4080],[4081,4082,4083,4084,4085],[4086,4087],[4088],[4089],[4093],[4094],[4095],[4096,4097,4098],[4099],[4100],[4101],[4102,4103,4104,4105,4106,4107,4108],[4109],[4110],[4111],[4112,4113,4114,4115,4116],[4117],[4118],[4119],[4120],[4121,4122,4123],[4124],[4125],[4126,4127,4128],[4129],[4130],[4131,4132,4133],[4134],[4135,4136,4137],[4138,4139,4140,4141,4142],[4143,4144,4145],[4146],[4147],[4148],[4149],[4150],[4151],[4152],[4153],[4154],[4155],[4156,4157,4158,4159,4160],[4161],[4162]],[[4079,-3986]],[[4090,4091]],[[4092]]],"type":"MultiPolygon","properties":{"degurba":"Glesbefolkade områden","kn":"2506","ln":"25"}},{"arcs":[[-3953,-3992,4163,4164,-4006],[4165]],"type":"Polygon","properties":{"degurba":"Glesbefolkade områden","kn":"2560","ln":"25"}},{"arcs":[[[-4165,4168,4169,4170,4171,-4010,-4008,-4070,-4071,-4007],[4172,4173,4174,4175,4176,4177],[4181],[4182],[4183,4184,4185],[4186],[4187]],[[4178,4179,4180]],[[-4009]]],"type":"MultiPolygon","properties":{"degurba":"Glesbefolkade områden","kn":"2582","ln":"25"}},{"arcs":[[[4188]],[[4189,4190]],[[4191]],[[4192,4193,4194,4195,4196,4197,4198,4199,4200,4201],[4202]]],"type":"MultiPolygon","properties":{"degurba":"Glesbefolkade områden","kn":"2583","ln":"25"}},{"arcs":[[[4203,4204]],[[-4063,4205,4206]],[[4207,4208,4209,4210,4211,-4068,-4012,4212,4213,-4194,4214,4215,4216],[4217],[4218],[4219],[4220],[4221]]],"type":"MultiPolygon","properties":{"degurba":"Glesbefolkade områden","kn":"2514","ln":"25"}},{"arcs":[[[-3991,-3989,-4074,4222,4223,4224,4225,4226,4227,4228,4229,4230,4231,4232,4233,4234,4235,4236,4237,4238,4239,4240,4241,4242,4243,4244,4245,4246,4247,4248,4249,4250,-4169,-4164],[4252],[4253],[4254],[4255],[4256],[4257],[4258],[4259],[4260,4261,4262],[4263],[4264],[4265],[4266,4267,4268],[4269],[4270],[4271],[4272],[4273,4274,4275],[4276],[4277],[4278],[4279],[4280],[4281,4282,4283],[4284],[4285,4286,4287],[4288],[4289],[4290],[4291],[4294]],[[-4170,4251]],[[4292,4293]]],"type":"MultiPolygon","properties":{"degurba":"Glesbefolkade områden","kn":"2510","ln":"25"}},{"arcs":[[-4214,4296,4297,4298,4299,4300,4301,4302,-4195],[4303]],"type":"Polygon","properties":{"degurba":"Glesbefolkade områden","kn":"2518","ln":"25"}},{"arcs":[[[-4011,-4172,4304,4305,4306,-4299,4307,-4297,-4213]],[[4308]]],"type":"MultiPolygon","properties":{"degurba":"Glesbefolkade områden","kn":"2513","ln":"25"}},{"arcs":[[-4171,-4252,-4251,4309,4310,-4248,4311,-4246,4312,-4244,4313,-4242,4314,-4240,4315,-4238,4316,-4236,4317,-4234,4318,-4232,4319,-4293,4320,-4230,4321,-4224,4322,4323,4324,4325,4326,4327,4328,4329,4330,4331,4332,-4305],[4333],[4334],[4335],[4336,4337,4338],[4339,4340,4341],[4342],[4343],[4344],[4345],[4346],[4347],[4348,4349,4350],[4351],[4352],[4353],[4354],[4355,4356,4357],[4358],[4359],[4360,4361,4362,4363,4364,4365,4366]],"type":"Polygon","properties":{"degurba":"Glesbefolkade områden","kn":"2523","ln":"25"}},{"arcs":[[-4307,-4309,-4306,-4333,4367,4368,4369,4370,-4300],[4371]],"type":"Polygon","properties":{"degurba":"Glesbefolkade områden","kn":"2521","ln":"25"}},{"arcs":[[-4332,4372,-4330,4373,-4328,4374,-4326,4375,-4324,4376,-4368],[4377],[4378],[4379],[4380,4381,4382,4383,4384],[4385],[4386],[4387],[4388],[4389,4390,4391]],"type":"Polygon","properties":{"degurba":"Glesbefolkade områden","kn":"2584","ln":"25"}}]},"kommuner":{"type":"GeometryCollection","geometries":[{"arcs":[[4392,4393,4394,4395,4396,4397]],"type":"Polygon","properties":{"KnKod":"0114","KnNamn":"Upplands Väsby"}},{"arcs":[[4398,-4396,4399,4400,4401]],"type":"Polygon","properties":{"KnKod":"0115","KnNamn":"Vallentuna"}},{"arcs":[[4402,4403,4404,-4402,4405,4406,4407]],"type":"Polygon","properties":{"KnKod":"0117","KnNamn":"Österåker"}},{"arcs":[[[4408]],[[4409]]],"type":"MultiPolygon","properties":{"KnKod":"0120","KnNamn":"Värmdö"}},{"arcs":[[4410,-4393,4411,4412,4413]],"type":"Polygon","properties":{"KnKod":"0123","KnNamn":"Järfälla"}},{"arcs":[[4414]],"type":"Polygon","properties":{"KnKod":"0125","KnNamn":"Ekerö"}},{"arcs":[[4415,4416,4417,4418,4419]],"type":"Polygon","properties":{"KnKod":"0126","KnNamn":"Huddinge"}},{"arcs":[[4420,4421,4422,4423,-4418,4424,4425]],"type":"Polygon","properties":{"KnKod":"0127","KnNamn":"Botkyrka"}},{"arcs":[[4426,-4423,4427]],"type":"Polygon","properties":{"KnKod":"0128","KnNamn":"Salem"}},{"arcs":[[4428,4429,4430,-4425,-4417,4431]],"type":"Polygon","properties":{"KnKod":"0136","KnNamn":"Haninge"}},{"arcs":[[-4416,4432,4433,4434,4435,-4432]],"type":"Polygon","properties":{"KnKod":"0138","KnNamn":"Tyresö"}},{"arcs":[[-4394,-4411,4436,4437,4438,4439]],"type":"Polygon","properties":{"KnKod":"0139","KnNamn":"Upplands-Bro"}},{"arcs":[[4440,4441,4442,4443]],"type":"Polygon","properties":{"KnKod":"0140","KnNamn":"Nykvarn"}},{"arcs":[[-4405,4444,4445,4446,-4397,-4399]],"type":"Polygon","properties":{"KnKod":"0160","KnNamn":"Täby"}},{"arcs":[[-4446,4447,4448,4449]],"type":"Polygon","properties":{"KnKod":"0162","KnNamn":"Danderyd"}},{"arcs":[[-4447,-4450,4450,4451,-4412,-4398]],"type":"Polygon","properties":{"KnKod":"0163","KnNamn":"Sollentuna"}},{"arcs":[[[4452,-4433,-4420,4453,4454,4455]],[[-4413,-4452,4456,4457,4458,4459]]],"type":"MultiPolygon","properties":{"KnKod":"0180","KnNamn":"Stockholm"}},{"arcs":[[-4441,4460,-4428,-4422,4461,4462,4463]],"type":"Polygon","properties":{"KnKod":"0181","KnNamn":"Södertälje"}},{"arcs":[[4464,-4434,-4453]],"type":"Polygon","properties":{"KnKod":"0182","KnNamn":"Nacka"}},{"arcs":[[4465,-4457]],"type":"Polygon","properties":{"KnKod":"0183","KnNamn":"Sundbyberg"}},{"arcs":[[4466,-4458,-4466,-4451,-4449,-4455]],"type":"Polygon","properties":{"KnKod":"0184","KnNamn":"Solna"}},{"arcs":[[4467]],"type":"Polygon","properties":{"KnKod":"0186","KnNamn":"Lidingö"}},{"arcs":[[-4403,4468]],"type":"Polygon","properties":{"KnKod":"0187","KnNamn":"Vaxholm"}},{"arcs":[[-4401,4469,4470,4471,4472,4473,4474,-4406]],"type":"Polygon","properties":{"KnKod":"0188","KnNamn":"Norrtälje"}},{"arcs":[[4475,4476,4477,-4470,-4400,-4395,-4440]],"type":"Polygon","properties":{"KnKod":"0191","KnNamn":"Sigtuna"}},{"arcs":[[-4426,-4431,4478,4479,4480]],"type":"Polygon","properties":{"KnKod":"0192","KnNamn":"Nynäshamn"}},{"arcs":[[-4439,4481,4482,4483,4484,4485,-4476]],"type":"Polygon","properties":{"KnKod":"0305","KnNamn":"Håbo"}},{"arcs":[[4486,4487,4488,4489]],"type":"Polygon","properties":{"KnKod":"0319","KnNamn":"Älvkarleby"}},{"arcs":[[4490,-4471,-4478,-4477,-4486]],"type":"Polygon","properties":{"KnKod":"0330","KnNamn":"Knivsta"}},{"arcs":[[4491,4492,4493,4494,4495,4496]],"type":"Polygon","properties":{"KnKod":"0331","KnNamn":"Heby"}},{"arcs":[[4497,-4490,4498,4499,4500,4501,-4497]],"type":"Polygon","properties":{"KnKod":"0360","KnNamn":"Tierp"}},{"arcs":[[4470,-4491,-4485,4502,-4492,-4502,4503,-4473,-4472,-4471]],"type":"Polygon","properties":{"KnKod":"0380","KnNamn":"Uppsala"}},{"arcs":[[4504,4505,-4493,-4503,-4484,4506,4507]],"type":"Polygon","properties":{"KnKod":"0381","KnNamn":"Enköping"}},{"arcs":[[-4474,-4504,-4501,4508]],"type":"Polygon","properties":{"KnKod":"0382","KnNamn":"Östhammar"}},{"arcs":[[4509,4510,4511,4512,4513]],"type":"Polygon","properties":{"KnKod":"0428","KnNamn":"Vingåker"}},{"arcs":[[4514,4515,4516,-4442,-4464,4517]],"type":"Polygon","properties":{"KnKod":"0461","KnNamn":"Gnesta"}},{"arcs":[[4518,4519,4520,4521,4522,4523,4524,-4515,4525,4526,4527]],"type":"Polygon","properties":{"KnKod":"0480","KnNamn":"Nyköping"}},{"arcs":[[4528,4529,-4519]],"type":"Polygon","properties":{"KnKod":"0481","KnNamn":"Oxelösund"}},{"arcs":[[4530,4531,-4516,-4525,4532]],"type":"Polygon","properties":{"KnKod":"0482","KnNamn":"Flen"}},{"arcs":[[-4524,4533,4534,4535,-4512,4536,4537,4538,-4533]],"type":"Polygon","properties":{"KnKod":"0483","KnNamn":"Katrineholm"}},{"arcs":[[4539,-4531,-4539,4540,4541,4542,4543,4544]],"type":"Polygon","properties":{"KnKod":"0484","KnNamn":"Eskilstuna"}},{"arcs":[[-4443,-4517,-4532,-4540,4545,4546,4547,4548]],"type":"Polygon","properties":{"KnKod":"0486","KnNamn":"Strängnäs"}},{"arcs":[[-4518,-4463,4549,4550,-4526]],"type":"Polygon","properties":{"KnKod":"0488","KnNamn":"Trosa"}},{"arcs":[[4551,4552,4553,4554,4555,4556]],"type":"Polygon","properties":{"KnKod":"0509","KnNamn":"Ödeshög"}},{"arcs":[[4557,4558,4559,4560,4561,4562,4563]],"type":"Polygon","properties":{"KnKod":"0512","KnNamn":"Ydre"}},{"arcs":[[4564,4565,4566,4567,-4560,4568,4569,4570]],"type":"Polygon","properties":{"KnKod":"0513","KnNamn":"Kinda"}},{"arcs":[[4571,4572,-4569,-4559,4573,-4557]],"type":"Polygon","properties":{"KnKod":"0560","KnNamn":"Boxholm"}},{"arcs":[[4574,4575,4576,4577,4578,-4571]],"type":"Polygon","properties":{"KnKod":"0561","KnNamn":"Åtvidaberg"}},{"arcs":[[4579,4580,4581,4582,4583,-4514,-4513,-4536,-4535,4584]],"type":"Polygon","properties":{"KnKod":"0562","KnNamn":"Finspång"}},{"arcs":[[4585,4586,-4577,4587]],"type":"Polygon","properties":{"KnKod":"0563","KnNamn":"Valdemarsvik"}},{"arcs":[[-4570,-4573,4588,4589,-4580,4590,4591,-4575]],"type":"Polygon","properties":{"KnKod":"0580","KnNamn":"Linköping"}},{"arcs":[[-4534,-4523,-4522,4592,4593,4594,-4591,-4585]],"type":"Polygon","properties":{"KnKod":"0581","KnNamn":"Norrköping"}},{"arcs":[[-4588,-4576,-4592,-4595,4595,4596]],"type":"Polygon","properties":{"KnKod":"0582","KnNamn":"Söderköping"}},{"arcs":[[4597,-4581,-4590,4598,4599,4600,4601,4602]],"type":"Polygon","properties":{"KnKod":"0583","KnNamn":"Motala"}},{"arcs":[[4603,-4555,4604,4605,4606,-4600]],"type":"Polygon","properties":{"KnKod":"0584","KnNamn":"Vadstena"}},{"arcs":[[-4556,-4604,-4599,-4589,-4572]],"type":"Polygon","properties":{"KnKod":"0586","KnNamn":"Mjölby"}},{"arcs":[[4607,4608,4609,-4564,4610]],"type":"Polygon","properties":{"KnKod":"0604","KnNamn":"Aneby"}},{"arcs":[[4611,4612,4613]],"type":"Polygon","properties":{"KnKod":"0617","KnNamn":"Gnosjö"}},{"arcs":[[4614,4615,4616,4617,4618]],"type":"Polygon","properties":{"KnKod":"0642","KnNamn":"Mullsjö"}},{"arcs":[[-4619,4619,4620,4621,4622,4623]],"type":"Polygon","properties":{"KnKod":"0643","KnNamn":"Habo"}},{"arcs":[[4624,4625,4626,4627,4628,4629,4630,-4614,4631,4632,4633,4634]],"type":"Polygon","properties":{"KnKod":"0662","KnNamn":"Gislaved"}},{"arcs":[[4635,4636,4637,-4612,-4631,4638]],"type":"Polygon","properties":{"KnKod":"0665","KnNamn":"Vaggeryd"}},{"arcs":[[-4630,4639,4640,-4615,-4624,4641,4642,-4553,4643,-4609,4644,-4639]],"type":"Polygon","properties":{"KnKod":"0680","KnNamn":"Jönköping"}},{"arcs":[[-4645,-4608,4645,4646,4647,-4636]],"type":"Polygon","properties":{"KnKod":"0682","KnNamn":"Nässjö"}},{"arcs":[[4648,4649,4650,-4632,-4613,-4638,4651,4652,4653,4654]],"type":"Polygon","properties":{"KnKod":"0683","KnNamn":"Värnamo"}},{"arcs":[[4655,-4652,-4637,-4648,4656,4657,4658]],"type":"Polygon","properties":{"KnKod":"0684","KnNamn":"Sävsjö"}},{"arcs":[[4659,4660,4661,4662,4663,4664,-4657,-4647,4665]],"type":"Polygon","properties":{"KnKod":"0685","KnNamn":"Vetlanda"}},{"arcs":[[-4611,-4563,-4562,4666,4667,-4666,-4646]],"type":"Polygon","properties":{"KnKod":"0686","KnNamn":"Eksjö"}},{"arcs":[[-4574,-4558,-4610,-4644,-4552]],"type":"Polygon","properties":{"KnKod":"0687","KnNamn":"Tranås"}},{"arcs":[[-4663,-4662,4668,4669,4670,4671]],"type":"Polygon","properties":{"KnKod":"0760","KnNamn":"Uppvidinge"}},{"arcs":[[4672,-4671,4673,4674,4675,4676]],"type":"Polygon","properties":{"KnKod":"0761","KnNamn":"Lessebo"}},{"arcs":[[4677,4678,4679,4680,4681,4682,-4677,4683,4684,4685]],"type":"Polygon","properties":{"KnKod":"0763","KnNamn":"Tingsryd"}},{"arcs":[[-4682,4686,4687,-4655,-4654,-4653,-4656,4688]],"type":"Polygon","properties":{"KnKod":"0764","KnNamn":"Alvesta"}},{"arcs":[[4689,-4687,-4681,4690,4691,4692,4693]],"type":"Polygon","properties":{"KnKod":"0765","KnNamn":"Älmhult"}},{"arcs":[[4694,-4694,4695,4696,4697,4698]],"type":"Polygon","properties":{"KnKod":"0767","KnNamn":"Markaryd"}},{"arcs":[[-4659,-4658,-4665,-4664,-4672,-4673,-4683,-4689]],"type":"Polygon","properties":{"KnKod":"0780","KnNamn":"Växjö"}},{"arcs":[[4699,4700,4701,-4633,-4651,-4650,-4649,-4688,-4690,-4695]],"type":"Polygon","properties":{"KnKod":"0781","KnNamn":"Ljungby"}},{"arcs":[[4702,4703,4704,-4669,4705]],"type":"Polygon","properties":{"KnKod":"0821","KnNamn":"Högsby"}},{"arcs":[[4706,4707,4708,4709,4710]],"type":"Polygon","properties":{"KnKod":"0834","KnNamn":"Torsås"}},{"arcs":[[4711,4712]],"type":"Polygon","properties":{"KnKod":"0840","KnNamn":"Mörbylånga"}},{"arcs":[[4713,-4706,-4661,-4660,-4668,4714]],"type":"Polygon","properties":{"KnKod":"0860","KnNamn":"Hultsfred"}},{"arcs":[[4715,4716,4717,4718,-4704,4719]],"type":"Polygon","properties":{"KnKod":"0861","KnNamn":"Mönsterås"}},{"arcs":[[4720,-4709,4721,4722,-4684,-4676,-4675,4723]],"type":"Polygon","properties":{"KnKod":"0862","KnNamn":"Emmaboda"}},{"arcs":[[-4721,4724,-4718,4725,4726,-4710]],"type":"Polygon","properties":{"KnKod":"0880","KnNamn":"Kalmar"}},{"arcs":[[-4674,-4670,-4705,-4719,-4725,-4724]],"type":"Polygon","properties":{"KnKod":"0881","KnNamn":"Nybro"}},{"arcs":[[-4703,-4714,4727,4728,4729,-4720]],"type":"Polygon","properties":{"KnKod":"0882","KnNamn":"Oskarshamn"}},{"arcs":[[-4729,4730,-4566,-4565,-4579,-4578,-4587,4731]],"type":"Polygon","properties":{"KnKod":"0883","KnNamn":"Västervik"}},{"arcs":[[-4667,-4561,-4568,-4567,-4731,-4728,-4715]],"type":"Polygon","properties":{"KnKod":"0884","KnNamn":"Vimmerby"}},{"arcs":[[-4712,4732]],"type":"Polygon","properties":{"KnKod":"0885","KnNamn":"Borgholm"}},{"arcs":[[4733]],"type":"Polygon","properties":{"KnKod":"0980","KnNamn":"Gotland"}},{"arcs":[[4734,4735,4736,4737,-4691,-4680,4738]],"type":"Polygon","properties":{"KnKod":"1060","KnNamn":"Olofström"}},{"arcs":[[-4722,-4708,-4707,4739,4740,4741]],"type":"Polygon","properties":{"KnKod":"1080","KnNamn":"Karlskrona"}},{"arcs":[[-4723,-4742,4742,4743,4744,4745,-4686,-4685]],"type":"Polygon","properties":{"KnKod":"1081","KnNamn":"Ronneby"}},{"arcs":[[-4739,-4679,-4678,-4746,4746,4747]],"type":"Polygon","properties":{"KnKod":"1082","KnNamn":"Karlshamn"}},{"arcs":[[-4748,4748,4749,4750,4751,4752,-4735]],"type":"Polygon","properties":{"KnKod":"1083","KnNamn":"Sölvesborg"}},{"arcs":[[4753,4754,4755,4756,4757,4758,4759]],"type":"Polygon","properties":{"KnKod":"1214","KnNamn":"Svalöv"}},{"arcs":[[4760,4761,4762,4763,4764]],"type":"Polygon","properties":{"KnKod":"1230","KnNamn":"Staffanstorp"}},{"arcs":[[4765,4766,4767,-4763]],"type":"Polygon","properties":{"KnKod":"1231","KnNamn":"Burlöv"}},{"arcs":[[4768,4769,4770,4771]],"type":"Polygon","properties":{"KnKod":"1233","KnNamn":"Vellinge"}},{"arcs":[[4772,4773,4774]],"type":"Polygon","properties":{"KnKod":"1256","KnNamn":"Östra Göinge"}},{"arcs":[[4775,4776,-4697,4777,4778,4779]],"type":"Polygon","properties":{"KnKod":"1257","KnNamn":"Örkelljunga"}},{"arcs":[[4780,4781,-4757]],"type":"Polygon","properties":{"KnKod":"1260","KnNamn":"Bjuv"}},{"arcs":[[4782,4783,-4754,4784,4785,4786]],"type":"Polygon","properties":{"KnKod":"1261","KnNamn":"Kävlinge"}},{"arcs":[[4787,-4764,-4768,4788,-4787]],"type":"Polygon","properties":{"KnKod":"1262","KnNamn":"Lomma"}},{"arcs":[[-4770,4789,-4761,4790,4791]],"type":"Polygon","properties":{"KnKod":"1263","KnNamn":"Svedala"}},{"arcs":[[4792,4793,4794,4795,4796]],"type":"Polygon","properties":{"KnKod":"1264","KnNamn":"Skurup"}},{"arcs":[[4797,4798,4799,4800,-4794,4801]],"type":"Polygon","properties":{"KnKod":"1265","KnNamn":"Sjöbo"}},{"arcs":[[4802,4803,4804,4805,4806,-4799]],"type":"Polygon","properties":{"KnKod":"1266","KnNamn":"Hörby"}},{"arcs":[[4807,4808,-4804,4809]],"type":"Polygon","properties":{"KnKod":"1267","KnNamn":"Höör"}},{"arcs":[[4810,4811,-4800,-4807,4812]],"type":"Polygon","properties":{"KnKod":"1270","KnNamn":"Tomelilla"}},{"arcs":[[-4736,-4753,-4752,4813,4814]],"type":"Polygon","properties":{"KnKod":"1272","KnNamn":"Bromölla"}},{"arcs":[[-4775,4815,-4693,-4692,-4738]],"type":"Polygon","properties":{"KnKod":"1273","KnNamn":"Osby"}},{"arcs":[[-4779,4816,4817]],"type":"Polygon","properties":{"KnKod":"1275","KnNamn":"Perstorp"}},{"arcs":[[4818,4819,-4780,-4818,4820,-4808,4821,-4759]],"type":"Polygon","properties":{"KnKod":"1276","KnNamn":"Klippan"}},{"arcs":[[-4819,-4758,-4782,4822,4823]],"type":"Polygon","properties":{"KnKod":"1277","KnNamn":"Åstorp"}},{"arcs":[[4824,4825,4826,4827]],"type":"Polygon","properties":{"KnKod":"1278","KnNamn":"Båstad"}},{"arcs":[[-4766,-4762,-4790,-4769,4828,4829]],"type":"Polygon","properties":{"KnKod":"1280","KnNamn":"Malmö"}},{"arcs":[[-4788,-4786,4830,-4802,-4793,-4791,-4765]],"type":"Polygon","properties":{"KnKod":"1281","KnNamn":"Lund"}},{"arcs":[[-4755,-4784,4831,4832,4833]],"type":"Polygon","properties":{"KnKod":"1282","KnNamn":"Landskrona"}},{"arcs":[[4834,4835,4836,4837,-4823,-4781,-4756,-4834]],"type":"Polygon","properties":{"KnKod":"1283","KnNamn":"Helsingborg"}},{"arcs":[[-4836,4838,4839]],"type":"Polygon","properties":{"KnKod":"1284","KnNamn":"Höganäs"}},{"arcs":[[-4803,-4798,-4831,-4785,-4760,-4822,-4810]],"type":"Polygon","properties":{"KnKod":"1285","KnNamn":"Eslöv"}},{"arcs":[[-4795,-4801,-4812,4840,4841,4842]],"type":"Polygon","properties":{"KnKod":"1286","KnNamn":"Ystad"}},{"arcs":[[4843,4844,-4771,-4792,-4797]],"type":"Polygon","properties":{"KnKod":"1287","KnNamn":"Trelleborg"}},{"arcs":[[4845,-4813,-4806,4846,-4773,-4737,-4815,4847,4848]],"type":"Polygon","properties":{"KnKod":"1290","KnNamn":"Kristianstad"}},{"arcs":[[-4841,-4811,-4846,4849,4850]],"type":"Polygon","properties":{"KnKod":"1291","KnNamn":"Simrishamn"}},{"arcs":[[-4824,-4838,4851,4852,-4828,4853,-4776,-4820]],"type":"Polygon","properties":{"KnKod":"1292","KnNamn":"Ängelholm"}},{"arcs":[[-4774,-4847,-4805,-4809,-4821,-4817,-4778,-4696,-4816]],"type":"Polygon","properties":{"KnKod":"1293","KnNamn":"Hässleholm"}},{"arcs":[[-4702,4854,4855,-4635,-4634]],"type":"Polygon","properties":{"KnKod":"1315","KnNamn":"Hylte"}},{"arcs":[[-4701,4856,4857,4858,-4855]],"type":"Polygon","properties":{"KnKod":"1380","KnNamn":"Halmstad"}},{"arcs":[[-4699,-4698,-4777,-4854,-4827,4859,-4857,-4700]],"type":"Polygon","properties":{"KnKod":"1381","KnNamn":"Laholm"}},{"arcs":[[4860,4861,-4625,-4856,-4859,4862,4863]],"type":"Polygon","properties":{"KnKod":"1382","KnNamn":"Falkenberg"}},{"arcs":[[4864,4865,4866,4867,4868,-4864]],"type":"Polygon","properties":{"KnKod":"1383","KnNamn":"Varberg"}},{"arcs":[[4869,4870,4871,-4867,4872,4873]],"type":"Polygon","properties":{"KnKod":"1384","KnNamn":"Kungsbacka"}},{"arcs":[[4874,4875,4876,4877,4878,4879]],"type":"Polygon","properties":{"KnKod":"1401","KnNamn":"Härryda"}},{"arcs":[[4880,-4879,4881]],"type":"Polygon","properties":{"KnKod":"1402","KnNamn":"Partille"}},{"arcs":[[4882]],"type":"Polygon","properties":{"KnKod":"1407","KnNamn":"Öckerö"}},{"arcs":[[4883,4884,4885,4886,4887,4888]],"type":"Polygon","properties":{"KnKod":"1415","KnNamn":"Stenungsund"}},{"arcs":[[4889]],"type":"Polygon","properties":{"KnKod":"1419","KnNamn":"Tjörn"}},{"arcs":[[[4890]],[[4891,4892,4893]]],"type":"MultiPolygon","properties":{"KnKod":"1421","KnNamn":"Orust"}},{"arcs":[[4894,4895,4896,4897,4898]],"type":"Polygon","properties":{"KnKod":"1427","KnNamn":"Sotenäs"}},{"arcs":[[4899,4900,-4896,4901,4902,4903]],"type":"Polygon","properties":{"KnKod":"1430","KnNamn":"Munkedal"}},{"arcs":[[4904,4905,4906,-4902,-4895,4907]],"type":"Polygon","properties":{"KnKod":"1435","KnNamn":"Tanum"}},{"arcs":[[4908,4909,-4903,-4907,4910]],"type":"Polygon","properties":{"KnKod":"1438","KnNamn":"Dals-Ed"}},{"arcs":[[-4910,4911,4912,4913,4914,-4904]],"type":"Polygon","properties":{"KnKod":"1439","KnNamn":"Färgelanda"}},{"arcs":[[4915,4916,4917,4918,4919,4920]],"type":"Polygon","properties":{"KnKod":"1440","KnNamn":"Ale"}},{"arcs":[[-4881,4921,-4919,4922,4923,-4880]],"type":"Polygon","properties":{"KnKod":"1441","KnNamn":"Lerum"}},{"arcs":[[4924,4925,4926,4927,4928]],"type":"Polygon","properties":{"KnKod":"1442","KnNamn":"Vårgårda"}},{"arcs":[[4929,4930,4931,-4875,-4924,4932]],"type":"Polygon","properties":{"KnKod":"1443","KnNamn":"Bollebygd"}},{"arcs":[[4933,4934,4935,4936,4937]],"type":"Polygon","properties":{"KnKod":"1444","KnNamn":"Grästorp"}},{"arcs":[[4938,-4938,4939,4940,-4926,4941]],"type":"Polygon","properties":{"KnKod":"1445","KnNamn":"Essunga"}},{"arcs":[[4942,4943,4944,4945,4946,4947,4948,4949]],"type":"Polygon","properties":{"KnKod":"1446","KnNamn":"Karlsborg"}},{"arcs":[[4950,4951,4952,4953,4954,4955]],"type":"Polygon","properties":{"KnKod":"1447","KnNamn":"Gullspång"}},{"arcs":[[4956,-4640,-4629,-4628,4957,4958]],"type":"Polygon","properties":{"KnKod":"1452","KnNamn":"Tranemo"}},{"arcs":[[4959,4960,4961,-4912,-4909]],"type":"Polygon","properties":{"KnKod":"1460","KnNamn":"Bengtsfors"}},{"arcs":[[4962,-4913,-4962,4963,4964,4965,4966]],"type":"Polygon","properties":{"KnKod":"1461","KnNamn":"Mellerud"}},{"arcs":[[4967,-4888,4968,4969,-4916]],"type":"Polygon","properties":{"KnKod":"1462","KnNamn":"Lilla Edet"}},{"arcs":[[-4872,-4876,-4932,4970,4971,-4869,-4868]],"type":"Polygon","properties":{"KnKod":"1463","KnNamn":"Mark"}},{"arcs":[[-4627,-4626,-4862,-4861,-4972,4972,-4958]],"type":"Polygon","properties":{"KnKod":"1465","KnNamn":"Svenljunga"}},{"arcs":[[4973,4974,-4927,-4941,4975,4976]],"type":"Polygon","properties":{"KnKod":"1466","KnNamn":"Herrljunga"}},{"arcs":[[4977,4978,-4976,-4940,-4937,4979]],"type":"Polygon","properties":{"KnKod":"1470","KnNamn":"Vara"}},{"arcs":[[4980,4981,4982,4983,4984,4985]],"type":"Polygon","properties":{"KnKod":"1471","KnNamn":"Götene"}},{"arcs":[[4986,-4949,4987,4988]],"type":"Polygon","properties":{"KnKod":"1472","KnNamn":"Tibro"}},{"arcs":[[4989,-4955,4990,-4950,-4987,4991]],"type":"Polygon","properties":{"KnKod":"1473","KnNamn":"Töreboda"}},{"arcs":[[-4920,-4922,-4882,-4878,4992,-4870,4993,4994,4995]],"type":"Polygon","properties":{"KnKod":"1480","KnNamn":"Göteborg"}},{"arcs":[[-4877,-4871,-4993]],"type":"Polygon","properties":{"KnKod":"1481","KnNamn":"Mölndal"}},{"arcs":[[4996,4997,-4889,-4968,-4921,-4996]],"type":"Polygon","properties":{"KnKod":"1482","KnNamn":"Kungälv"}},{"arcs":[[[-4897,-4901,4998,4999,5000]],[[-4894,5001,5002]]],"type":"MultiPolygon","properties":{"KnKod":"1484","KnNamn":"Lysekil"}},{"arcs":[[-4892,-5003,5003,-4999,-4900,-4915,5004,-4969,-4887,5005,5006]],"type":"Polygon","properties":{"KnKod":"1485","KnNamn":"Uddevalla"}},{"arcs":[[5007,5008,5009,-4905]],"type":"Polygon","properties":{"KnKod":"1486","KnNamn":"Strömstad"}},{"arcs":[[-5005,-4914,-4963,5010,5011,5012,-4935,5013]],"type":"Polygon","properties":{"KnKod":"1487","KnNamn":"Vänersborg"}},{"arcs":[[-4934,-4939,5014,-4917,-4970,-5014]],"type":"Polygon","properties":{"KnKod":"1488","KnNamn":"Trollhättan"}},{"arcs":[[-4918,-5015,-4942,-4925,-4933,-4923]],"type":"Polygon","properties":{"KnKod":"1489","KnNamn":"Alingsås"}},{"arcs":[[-4959,-4973,-4971,-4931,5015,-4928,-4975,5016]],"type":"Polygon","properties":{"KnKod":"1490","KnNamn":"Borås"}},{"arcs":[[-5017,-4974,5017,-4616,-4641,-4957]],"type":"Polygon","properties":{"KnKod":"1491","KnNamn":"Ulricehamn"}},{"arcs":[[5018,5019,-4964,-4961,5020]],"type":"Polygon","properties":{"KnKod":"1492","KnNamn":"Åmål"}},{"arcs":[[-4986,5021,5022,-4956,-4990,5023]],"type":"Polygon","properties":{"KnKod":"1493","KnNamn":"Mariestad"}},{"arcs":[[-4936,5024,5025,5026,-4983,5027,-4980]],"type":"Polygon","properties":{"KnKod":"1494","KnNamn":"Lidköping"}},{"arcs":[[-4978,-5028,-4982,5028,5029]],"type":"Polygon","properties":{"KnKod":"1495","KnNamn":"Skara"}},{"arcs":[[-4989,5030,5031,5032,-5029,-4981,-5024,-4992]],"type":"Polygon","properties":{"KnKod":"1496","KnNamn":"Skövde"}},{"arcs":[[-5031,-4988,-4948,5033,5034,-4621,5035]],"type":"Polygon","properties":{"KnKod":"1497","KnNamn":"Hjo"}},{"arcs":[[-4620,-4618,5036,-5032,-5036]],"type":"Polygon","properties":{"KnKod":"1498","KnNamn":"Tidaholm"}},{"arcs":[[-4979,-5030,-5033,-5037,-4617,-5018,-4977]],"type":"Polygon","properties":{"KnKod":"1499","KnNamn":"Falköping"}},{"arcs":[[5037,5038,5039,5040,5041]],"type":"Polygon","properties":{"KnKod":"1715","KnNamn":"Kil"}},{"arcs":[[5042,5043,5044]],"type":"Polygon","properties":{"KnKod":"1730","KnNamn":"Eda"}},{"arcs":[[5045,5046,5047,5048,5049,5050,5051]],"type":"Polygon","properties":{"KnKod":"1737","KnNamn":"Torsby"}},{"arcs":[[5052,5053,5054,5055,5056]],"type":"Polygon","properties":{"KnKod":"1760","KnNamn":"Storfors"}},{"arcs":[[5057,5058,5059]],"type":"Polygon","properties":{"KnKod":"1761","KnNamn":"Hammarö"}},{"arcs":[[5060,5061,5062]],"type":"Polygon","properties":{"KnKod":"1762","KnNamn":"Munkfors"}},{"arcs":[[-5041,5063,-5062,5064,5065]],"type":"Polygon","properties":{"KnKod":"1763","KnNamn":"Forshaga"}},{"arcs":[[-5038,5066,5067,5068,5069]],"type":"Polygon","properties":{"KnKod":"1764","KnNamn":"Grums"}},{"arcs":[[5070,-5043,5071,5072,-4960]],"type":"Polygon","properties":{"KnKod":"1765","KnNamn":"Årjäng"}},{"arcs":[[-5064,-5040,5073,-5052,5074,-5063]],"type":"Polygon","properties":{"KnKod":"1766","KnNamn":"Sunne"}},{"arcs":[[5075,5076,-5053,5077,5078,5079,-5058,5080,5081,-5067,-5042,-5066]],"type":"Polygon","properties":{"KnKod":"1780","KnNamn":"Karlstad"}},{"arcs":[[-5078,-5057,5082,5083,5084,-4953,5085,5086]],"type":"Polygon","properties":{"KnKod":"1781","KnNamn":"Kristinehamn"}},{"arcs":[[5087,5088,5089,5090,5091,-5054,-5077,5092]],"type":"Polygon","properties":{"KnKod":"1782","KnNamn":"Filipstad"}},{"arcs":[[-5076,-5065,-5061,-5075,-5051,5093,5094,5095,-5093]],"type":"Polygon","properties":{"KnKod":"1783","KnNamn":"Hagfors"}},{"arcs":[[-5074,-5039,-5070,5096,-5072,-5045,5097,-5046]],"type":"Polygon","properties":{"KnKod":"1784","KnNamn":"Arvika"}},{"arcs":[[-5073,-5097,-5069,5098,-5021]],"type":"Polygon","properties":{"KnKod":"1785","KnNamn":"Säffle"}},{"arcs":[[5099,5100,5101,5102,5103,5104,5105]],"type":"Polygon","properties":{"KnKod":"1814","KnNamn":"Lekeberg"}},{"arcs":[[-4944,-4943,-4991,-4954,5106,-5106,5107,5108]],"type":"Polygon","properties":{"KnKod":"1860","KnNamn":"Laxå"}},{"arcs":[[-5108,-5105,5109,5110,-4583,-4582,-4598,5111]],"type":"Polygon","properties":{"KnKod":"1861","KnNamn":"Hallsberg"}},{"arcs":[[-5100,-5107,-5085,-5084,5112]],"type":"Polygon","properties":{"KnKod":"1862","KnNamn":"Degerfors"}},{"arcs":[[5113,-5055,-5092,-5091,5114,5115,5116,5117]],"type":"Polygon","properties":{"KnKod":"1863","KnNamn":"Hällefors"}},{"arcs":[[5118,5119,-5116,5120]],"type":"Polygon","properties":{"KnKod":"1864","KnNamn":"Ljusnarsberg"}},{"arcs":[[5121,-5102,5122,5123,5124,5125,5126,-4510,-4584,-5111,5127]],"type":"Polygon","properties":{"KnKod":"1880","KnNamn":"Örebro"}},{"arcs":[[-5128,-5110,-5104,5128]],"type":"Polygon","properties":{"KnKod":"1881","KnNamn":"Kumla"}},{"arcs":[[-4945,-5109,-5112,-4603,5129]],"type":"Polygon","properties":{"KnKod":"1882","KnNamn":"Askersund"}},{"arcs":[[-5083,-5056,-5114,5130,-5123,-5101,-5113]],"type":"Polygon","properties":{"KnKod":"1883","KnNamn":"Karlskoga"}},{"arcs":[[-5131,-5118,5131,-5124]],"type":"Polygon","properties":{"KnKod":"1884","KnNamn":"Nora"}},{"arcs":[[5132,-5125,-5132,-5117,-5120,5133,5134,5135]],"type":"Polygon","properties":{"KnKod":"1885","KnNamn":"Lindesberg"}},{"arcs":[[-5135,5136,5137,5138,5139]],"type":"Polygon","properties":{"KnKod":"1904","KnNamn":"Skinnskatteberg"}},{"arcs":[[-5139,5140,5141,5142,5143,5144]],"type":"Polygon","properties":{"KnKod":"1907","KnNamn":"Surahammar"}},{"arcs":[[5145,-4544,5146,5147]],"type":"Polygon","properties":{"KnKod":"1960","KnNamn":"Kungsör"}},{"arcs":[[5148,-5144,5149]],"type":"Polygon","properties":{"KnKod":"1961","KnNamn":"Hallstahammar"}},{"arcs":[[5150,5151,5152,5153,5154,5155,5156]],"type":"Polygon","properties":{"KnKod":"1962","KnNamn":"Norberg"}},{"arcs":[[-4505,5157,5158,-5150,-5143,5159]],"type":"Polygon","properties":{"KnKod":"1980","KnNamn":"Västerås"}},{"arcs":[[-4494,-4506,-5160,-5142,5160,-5155,5161]],"type":"Polygon","properties":{"KnKod":"1981","KnNamn":"Sala"}},{"arcs":[[-5161,-5141,-5138,5162,-5156]],"type":"Polygon","properties":{"KnKod":"1982","KnNamn":"Fagersta"}},{"arcs":[[-5145,-5149,5163,-5148,5164,-5136,-5140]],"type":"Polygon","properties":{"KnKod":"1983","KnNamn":"Köping"}},{"arcs":[[-5126,-5133,-5165,-5147,-4543,5165]],"type":"Polygon","properties":{"KnKod":"1984","KnNamn":"Arboga"}},{"arcs":[[-5089,5166,5167,5168,5169,5170]],"type":"Polygon","properties":{"KnKod":"2021","KnNamn":"Vansbro"}},{"arcs":[[5171,5172,-5167,-5088,-5096,-5095,-5094,-5050,-5049,5173]],"type":"Polygon","properties":{"KnKod":"2023","KnNamn":"Malung-Sälen"}},{"arcs":[[5174,5175,-5170,5176]],"type":"Polygon","properties":{"KnKod":"2026","KnNamn":"Gagnef"}},{"arcs":[[-5169,5177,5178,5179,5180,-5177]],"type":"Polygon","properties":{"KnKod":"2029","KnNamn":"Leksand"}},{"arcs":[[5181,5182,5183,-5180,5184,5185,5186]],"type":"Polygon","properties":{"KnKod":"2031","KnNamn":"Rättvik"}},{"arcs":[[5187,5188,-5187,5189]],"type":"Polygon","properties":{"KnKod":"2034","KnNamn":"Orsa"}},{"arcs":[[5190,-5172,5191,5192]],"type":"Polygon","properties":{"KnKod":"2039","KnNamn":"Älvdalen"}},{"arcs":[[-5163,-5137,-5134,-5119,5193,5194,5195,-5157]],"type":"Polygon","properties":{"KnKod":"2061","KnNamn":"Smedjebacken"}},{"arcs":[[-5186,5196,5197,-5178,-5168,-5173,-5191,5198,5199,-5190]],"type":"Polygon","properties":{"KnKod":"2062","KnNamn":"Mora"}},{"arcs":[[5200,5201,5202,-5181,-5184,5203,5204,5205,5206]],"type":"Polygon","properties":{"KnKod":"2080","KnNamn":"Falun"}},{"arcs":[[5207,-5175,-5203,5208]],"type":"Polygon","properties":{"KnKod":"2081","KnNamn":"Borlänge"}},{"arcs":[[-5209,-5202,5209,-5195,5210]],"type":"Polygon","properties":{"KnKod":"2082","KnNamn":"Säter"}},{"arcs":[[5211,-5152,-5151,-5196,-5210,5212]],"type":"Polygon","properties":{"KnKod":"2083","KnNamn":"Hedemora"}},{"arcs":[[-5154,-5153,-5212,5213,5214,-5162]],"type":"Polygon","properties":{"KnKod":"2084","KnNamn":"Avesta"}},{"arcs":[[-5176,-5208,-5211,-5194,-5121,-5115,-5090,-5171]],"type":"Polygon","properties":{"KnKod":"2085","KnNamn":"Ludvika"}},{"arcs":[[5215,-5206,5216,5217,5218]],"type":"Polygon","properties":{"KnKod":"2101","KnNamn":"Ockelbo"}},{"arcs":[[-5201,5219,-5214,-5213]],"type":"Polygon","properties":{"KnKod":"2104","KnNamn":"Hofors"}},{"arcs":[[5220,-5204,-5183,5221]],"type":"Polygon","properties":{"KnKod":"2121","KnNamn":"Ovanåker"}},{"arcs":[[5222,5223,5224,5225,5226]],"type":"Polygon","properties":{"KnKod":"2132","KnNamn":"Nordanstig"}},{"arcs":[[-5182,-5189,5227,5228,5229,5230,-5222]],"type":"Polygon","properties":{"KnKod":"2161","KnNamn":"Ljusdal"}},{"arcs":[[5231,5232,-4487,-4498,-4496,5233,-5219]],"type":"Polygon","properties":{"KnKod":"2180","KnNamn":"Gävle"}},{"arcs":[[-5216,-5234,-4495,-5215,-5220,-5207]],"type":"Polygon","properties":{"KnKod":"2181","KnNamn":"Sandviken"}},{"arcs":[[5234,5235,-5232,-5218,5236]],"type":"Polygon","properties":{"KnKod":"2182","KnNamn":"Söderhamn"}},{"arcs":[[-5237,-5217,-5205,-5221,-5231,5237]],"type":"Polygon","properties":{"KnKod":"2183","KnNamn":"Bollnäs"}},{"arcs":[[-5238,-5230,5238,-5227,5239,-5235]],"type":"Polygon","properties":{"KnKod":"2184","KnNamn":"Hudiksvall"}},{"arcs":[[5240,-5223,-5239,-5229,5241,5242,5243,5244,5245,5246,5247,5248]],"type":"Polygon","properties":{"KnKod":"2260","KnNamn":"Ånge"}},{"arcs":[[5249,5250,5251,5252]],"type":"Polygon","properties":{"KnKod":"2262","KnNamn":"Timrå"}},{"arcs":[[5253,5254,5255,-5250,5256]],"type":"Polygon","properties":{"KnKod":"2280","KnNamn":"Härnösand"}},{"arcs":[[5257,5258,-5225,-5224,-5241,5259,5260,5261,5262,-5253]],"type":"Polygon","properties":{"KnKod":"2281","KnNamn":"Sundsvall"}},{"arcs":[[5263,5264,5265,-5254,5266]],"type":"Polygon","properties":{"KnKod":"2282","KnNamn":"Kramfors"}},{"arcs":[[-5263,5267,5268,5269,5270,5271,5272,5273,-5267,-5257]],"type":"Polygon","properties":{"KnKod":"2283","KnNamn":"Sollefteå"}},{"arcs":[[5274,5275,5276,-5264,-5274,5277,5278,5279,5280]],"type":"Polygon","properties":{"KnKod":"2284","KnNamn":"Örnsköldsvik"}},{"arcs":[[5281,-5269,-5268,-5262,-5261,5282,5283]],"type":"Polygon","properties":{"KnKod":"2303","KnNamn":"Ragunda"}},{"arcs":[[5284,5285,-5283,-5260,-5249,-5248,-5247]],"type":"Polygon","properties":{"KnKod":"2305","KnNamn":"Bräcke"}},{"arcs":[[5286,5287,5288,5289,5290,5291,5292]],"type":"Polygon","properties":{"KnKod":"2309","KnNamn":"Krokom"}},{"arcs":[[5293,-5287,5294,5295,5296,5297,5298,-5271,-5270,-5282]],"type":"Polygon","properties":{"KnKod":"2313","KnNamn":"Strömsund"}},{"arcs":[[5299,5300,5301,5302,5303,-5290]],"type":"Polygon","properties":{"KnKod":"2321","KnNamn":"Åre"}},{"arcs":[[-5246,-5245,-5244,5304,5305,-5302,5306,5307,5308,5309,-5285]],"type":"Polygon","properties":{"KnKod":"2326","KnNamn":"Berg"}},{"arcs":[[5310,-5305,-5243,-5242,-5228,-5188,-5200,-5199,-5193]],"type":"Polygon","properties":{"KnKod":"2361","KnNamn":"Härjedalen"}},{"arcs":[[-5284,-5286,-5310,5311,5312,-5288,-5294]],"type":"Polygon","properties":{"KnKod":"2380","KnNamn":"Östersund"}},{"arcs":[[5313,5314,5315,5316,5317,-5276,-5275]],"type":"Polygon","properties":{"KnKod":"2401","KnNamn":"Nordmaling"}},{"arcs":[[-5281,-5280,5318,5319,5320,5321,-5314]],"type":"Polygon","properties":{"KnKod":"2403","KnNamn":"Bjurholm"}},{"arcs":[[-5321,5322,5323,5324,5325,5326]],"type":"Polygon","properties":{"KnKod":"2404","KnNamn":"Vindeln"}},{"arcs":[[5327,5328,5329,5330]],"type":"Polygon","properties":{"KnKod":"2409","KnNamn":"Robertsfors"}},{"arcs":[[-5324,5331,5332,5333,5334]],"type":"Polygon","properties":{"KnKod":"2417","KnNamn":"Norsjö"}},{"arcs":[[5335,5336,-5333,5337]],"type":"Polygon","properties":{"KnKod":"2418","KnNamn":"Malå"}},{"arcs":[[5338,5339,5340,5341,5342]],"type":"Polygon","properties":{"KnKod":"2421","KnNamn":"Storuman"}},{"arcs":[[5343,-5341,5344,5345,5346,5347,-5336]],"type":"Polygon","properties":{"KnKod":"2422","KnNamn":"Sorsele"}},{"arcs":[[5348,5349,-5272,-5299,-5298]],"type":"Polygon","properties":{"KnKod":"2425","KnNamn":"Dorotea"}},{"arcs":[[-5327,5350,-5315,-5322]],"type":"Polygon","properties":{"KnKod":"2460","KnNamn":"Vännäs"}},{"arcs":[[5351,-5349,-5297,5352,-5343,5353]],"type":"Polygon","properties":{"KnKod":"2462","KnNamn":"Vilhelmina"}},{"arcs":[[-5319,-5279,-5278,-5273,-5350,-5352,5354]],"type":"Polygon","properties":{"KnKod":"2463","KnNamn":"Åsele"}},{"arcs":[[-5326,5355,-5328,5356,5357,5358,-5316,-5351]],"type":"Polygon","properties":{"KnKod":"2480","KnNamn":"Umeå"}},{"arcs":[[-5338,-5332,-5323,-5320,-5355,-5354,-5342,-5344]],"type":"Polygon","properties":{"KnKod":"2481","KnNamn":"Lycksele"}},{"arcs":[[-5329,-5356,-5325,-5335,5359,5360,5361,5362]],"type":"Polygon","properties":{"KnKod":"2482","KnNamn":"Skellefteå"}},{"arcs":[[-5348,5363,5364,5365,5366,5367,5368,-5361,-5360,-5334,-5337]],"type":"Polygon","properties":{"KnKod":"2505","KnNamn":"Arvidsjaur"}},{"arcs":[[-5364,-5347,5369,5370,-5366,5371,5372,5373,5374,5375,5376]],"type":"Polygon","properties":{"KnKod":"2506","KnNamn":"Arjeplog"}},{"arcs":[[5377,5378,-5367,-5371,5379,5380,5381]],"type":"Polygon","properties":{"KnKod":"2510","KnNamn":"Jokkmokk"}},{"arcs":[[5382,5383,5384,5385,5386,5387]],"type":"Polygon","properties":{"KnKod":"2513","KnNamn":"Överkalix"}},{"arcs":[[5388,-5384,5389,5390,5391,5392,5393]],"type":"Polygon","properties":{"KnKod":"2514","KnNamn":"Kalix"}},{"arcs":[[-5390,-5383,5394,5395,5396,5397,5398]],"type":"Polygon","properties":{"KnKod":"2518","KnNamn":"Övertorneå"}},{"arcs":[[-5395,-5388,5399,5400,5401,5402]],"type":"Polygon","properties":{"KnKod":"2521","KnNamn":"Pajala"}},{"arcs":[[5403,5404,5405,5406,-5400,-5387,5407,-5382]],"type":"Polygon","properties":{"KnKod":"2523","KnNamn":"Gällivare"}},{"arcs":[[-5379,5408,5409,-5368]],"type":"Polygon","properties":{"KnKod":"2560","KnNamn":"Älvsbyn"}},{"arcs":[[5410,5411,-5385,-5389,5412,5413]],"type":"Polygon","properties":{"KnKod":"2580","KnNamn":"Luleå"}},{"arcs":[[-5410,-5411,5414,-5362,-5369]],"type":"Polygon","properties":{"KnKod":"2581","KnNamn":"Piteå"}},{"arcs":[[-5409,-5378,-5408,-5386,-5412]],"type":"Polygon","properties":{"KnKod":"2582","KnNamn":"Boden"}},{"arcs":[[5415,5416,5417,-5391,-5399]],"type":"Polygon","properties":{"KnKod":"2583","KnNamn":"Haparanda"}},{"arcs":[[-5401,-5407,5418,5419,5420,5421,5422,5423]],"type":"Polygon","properties":{"KnKod":"2584","KnNamn":"Kiruna"}}]},"lan":{"type":"GeometryCollection","geometries":[{"arcs":[[[5424,5425,4437,5426,4477,4470,4471,5427,4474,4406,5428,5429,5430,5431,4479,5432,4462,4463,5433]],[[4409]]],"type":"MultiPolygon","properties":{"LnKod":"01","LnNamn":"Stockholms"}},{"arcs":[[4504,4505,4493,4494,4495,4497,4486,4487,5434,4499,4508,-5428,-4472,-4471,-4478,-5427,4481,5435,4507]],"type":"Polygon","properties":{"LnKod":"03","LnNamn":"Uppsala"}},{"arcs":[[4509,5436,5437,4541,4542,4543,5438,4546,5439,4548,-5434,-4464,-4463,4549,5440,5441,5442,4520,4521,5443,4534,5444,4513]],"type":"Polygon","properties":{"LnKod":"04","LnNamn":"Södermanlands"}},{"arcs":[[5445,4605,5446,4601,4602,5447,4582,4583,-4514,-5445,-4535,-5444,-4522,4592,5448,4596,4585,4586,4577,5449,4565,4566,5450,4561,5451,5452]],"type":"Polygon","properties":{"LnKod":"05","LnNamn":"Östergötlands"}},{"arcs":[[4666,5453,4660,4661,5454,4664,4657,5455,4653,5456,4649,5457,4633,5458,4625,5459,4628,5460,4617,4619,4620,4621,5461,4642,-5453,-5452,-4562]],"type":"Polygon","properties":{"LnKod":"06","LnNamn":"Jönköpings"}},{"arcs":[[4668,4669,5462,4675,4683,5463,5464,4678,5465,4691,5466,4696,4697,5467,4700,4701,-5458,-4650,-5457,-4654,-5456,-4658,-4665,-5455,-4662]],"type":"Polygon","properties":{"LnKod":"07","LnNamn":"Kronobergs"}},{"arcs":[[[-4661,-5454,-4667,-5451,-4567,-4566,-5450,-4578,-4587,4731,4729,4715,5468,4726,4710,4706,5469,-4684,-4676,-5463,-4670,-4669]],[[4732,4712]]],"type":"MultiPolygon","properties":{"LnKod":"08","LnNamn":"Kalmar"}},{"arcs":[[4733]],"type":"Polygon","properties":{"LnKod":"09","LnNamn":"Gotlands"}},{"arcs":[[-5466,-4679,-5465,-5464,-5470,-4707,4739,5470,4743,5471,4748,5472,4750,4751,5473,5474]],"type":"Polygon","properties":{"LnKod":"10","LnNamn":"Blekinge"}},{"arcs":[[-5475,-5474,-4752,4813,4847,5475,5476,4842,4795,4843,5477,5478,5479,4838,5480,4851,5481,4825,4826,4853,4776,-4697,-5467,-4692]],"type":"Polygon","properties":{"LnKod":"12","LnNamn":"Skåne"}},{"arcs":[[-4777,-4854,-4827,4859,4857,4862,4864,5482,4873,5483,4871,4867,5484,4861,-5459,-4634,-4702,-4701,-5468,-4698]],"type":"Polygon","properties":{"LnKod":"13","LnNamn":"Hallands"}},{"arcs":[[[4993,5485,5486,4884,5487,5006,5488,5489,4898,4907,5007,5490,5009,4905,4910,4959,5020,5018,5491,4965,5492,5011,5493,5025,5494,4984,5021,5495,4951,5496,4953,5497,5498,4945,5499,5034,-4621,-4620,-4618,-5461,-4629,-5460,-4626,-4862,-5485,-4868,-4872,-5484]],[[4890]],[[4889]]],"type":"MultiPolygon","properties":{"LnKod":"14","LnNamn":"Västra Götalands"}},{"arcs":[[-5021,-4960,5070,5043,5500,5047,5048,5501,5094,5502,5089,5090,5503,5055,5504,5084,-5497,5085,5505,5079,5058,5506,5507,5098]],"type":"Polygon","properties":{"LnKod":"17","LnNamn":"Värmlands"}},{"arcs":[[5126,-4510,-4584,-4583,-5448,-4603,5129,-5499,-5498,-4954,-5085,-5505,-5056,-5504,-5091,5114,5120,5508,5509,5135,5132,5510]],"type":"Polygon","properties":{"LnKod":"18","LnNamn":"Örebro"}},{"arcs":[[5136,5162,5156,5150,5511,5153,5161,-4494,-4506,-4505,5157,5512,-4544,-4543,5165,-5511,-5133,-5136,-5510]],"type":"Polygon","properties":{"LnKod":"19","LnNamn":"Västmanlands"}},{"arcs":[[5173,5191,5192,5198,5513,5188,5181,5182,5203,5204,5205,5206,5200,5212,5213,5214,-5162,-5154,-5512,-5151,-5157,-5163,-5137,-5509,-5121,-5115,-5090,-5503,-5095,-5502,-5049],[5178,5514,5197]],"type":"Polygon","properties":{"LnKod":"20","LnNamn":"Dalarnas"}},{"arcs":[[5227,5228,5238,5515,5224,5225,5239,5235,5232,-4487,-4498,-4496,-4495,-5215,-5214,-5213,-5201,-5207,-5206,-5205,-5204,-5183,-5182,-5189]],"type":"Polygon","properties":{"LnKod":"21","LnNamn":"Gävleborgs"}},{"arcs":[[5241,5516,5244,5517,5518,5248,5519,5261,5267,5520,5270,5271,5521,5278,5279,5522,5275,5276,5264,5523,5255,5250,5524,5258,-5225,-5516,-5239,-5229]],"type":"Polygon","properties":{"LnKod":"22","LnNamn":"Västernorrlands"}},{"arcs":[[-5228,-5514,-5199,-5193,5310,5305,5302,5525,5291,5526,5295,5527,5298,-5271,-5521,-5268,-5262,-5520,-5249,-5519,-5518,-5245,-5517,-5242],[5288,5299,5528,5307,5529,5312]],"type":"Polygon","properties":{"LnKod":"23","LnNamn":"Jämtlands"}},{"arcs":[[-5276,-5523,-5280,-5279,-5522,-5272,-5299,-5528,5352,5338,5530,5345,5346,5347,5336,5531,5360,5361,5362,5329,5532,5357,5533,5317]],"type":"Polygon","properties":{"LnKod":"24","LnNamn":"Västerbottens"}},{"arcs":[[5369,5379,5534,5404,5535,5419,5536,5421,5537,5423,5401,5538,5396,5539,5416,5540,5392,5541,5413,5414,-5362,-5361,-5532,-5337,-5348,-5347],[5371,5542,5373,5543,5375,5544]],"type":"Polygon","properties":{"LnKod":"25","LnNamn":"Norrbottens"}}]}}}